Datetime,Open,High,Low,Close,Volume
2018-01-01 09:00:00,10534.5,10535.5,10516.2999,10526.6,0.0
2018-01-01 10:00:00,10526.3999,10537.7999,10524.2,10532.2,0.0
2018-01-01 11:00:00,10532.3999,10534.2999,10524.7999,10525.7999,0.0
2018-01-01 12:00:00,10525.7,10527.0,10517.6,10519.3999,0.0
2018-01-01 13:00:00,10519.6,10522.1,10504.2,10513.6,0.0
2018-01-01 14:00:00,10514.8999,10531.7,10463.6,10465.2,0.0
2018-01-01 15:00:00,10463.6,10465.3999,10423.1,10435.0,0.0
2018-01-02 09:00:00,10479.6,10495.2,10428.2,10437.2999,0.0
2018-01-02 10:00:00,10437.7,10455.5,10409.6,10444.2999,0.0
2018-01-02 11:00:00,10443.8999,10449.5,10428.2,10438.7999,0.0
2018-01-02 12:00:00,10438.7,10454.8999,10432.0,10435.7999,0.0
2018-01-02 13:00:00,10435.8999,10447.7999,10424.3999,10425.2,0.0
2018-01-02 14:00:00,10426.2,10439.0,10404.6,10431.2999,0.0
2018-01-02 15:00:00,10431.7,10452.2,10431.5,10440.1,0.0
2018-01-03 09:00:00,10481.3999,10487.6,10460.5,10486.5,0.0
2018-01-03 10:00:00,10486.1,10503.5,10482.0,10488.5,0.0
2018-01-03 11:00:00,10488.5,10489.7,10475.7999,10485.2,0.0
2018-01-03 12:00:00,10484.8999,10486.7,10454.6,10468.5,0.0
2018-01-03 13:00:00,10468.5,10476.6,10462.2,10474.6,0.0
2018-01-03 14:00:00,10474.5,10476.7,10429.5,10444.0,0.0
2018-01-03 15:00:00,10443.6,10450.2,10434.8999,10446.7999,0.0
2018-01-04 09:00:00,10472.7999,10473.1,10441.3999,10459.2999,0.0
2018-01-04 10:00:00,10459.5,10464.7,10447.3999,10459.7,0.0
2018-01-04 11:00:00,10459.7999,10469.2999,10454.3999,10462.8999,0.0
2018-01-04 12:00:00,10462.7999,10478.7,10462.2,10465.2,0.0
2018-01-04 13:00:00,10465.2999,10496.3999,10465.1,10490.8999,0.0
2018-01-04 14:00:00,10492.7,10497.0,10475.7999,10484.6,0.0
2018-01-04 15:00:00,10485.1,10513.0,10483.5,10505.8999,0.0
2018-01-05 09:00:00,10540.1,10555.0,10522.2999,10552.2999,0.0
2018-01-05 10:00:00,10552.5,10562.7999,10544.7,10547.3999,0.0
2018-01-05 11:00:00,10547.2999,10549.6,10526.1,10535.5,0.0
2018-01-05 12:00:00,10535.8999,10540.7,10520.1,10534.5,0.0
2018-01-05 13:00:00,10534.6,10549.2,10531.8999,10547.1,0.0
2018-01-05 14:00:00,10547.1,10554.2,10538.1,10550.2,0.0
2018-01-05 15:00:00,10550.7999,10566.1,10546.6,10561.2,0.0
2018-01-08 09:00:00,10590.2,10618.8999,10588.5,10608.6,0.0
2018-01-08 10:00:00,10608.3999,10621.7999,10606.8999,10613.7,0.0
2018-01-08 11:00:00,10613.7999,10623.2,10611.2999,10611.7,0.0
2018-01-08 12:00:00,10612.0,10619.3999,10610.8999,10617.2999,0.0
2018-01-08 13:00:00,10617.3999,10618.7999,10597.6,10604.5,0.0
2018-01-08 14:00:00,10605.0,10621.2,10602.2999,10621.1,0.0
2018-01-08 15:00:00,10621.5,10631.2,10614.0,10618.2999,0.0
2018-01-09 09:00:00,10644.6,10659.1,10607.8999,10623.7,0.0
2018-01-09 10:00:00,10623.3999,10636.3999,10619.3999,10631.6,0.0
2018-01-09 11:00:00,10630.7999,10636.7999,10629.0,10631.2999,0.0
2018-01-09 12:00:00,10631.5,10631.8999,10612.2,10622.6,0.0
2018-01-09 13:00:00,10622.7999,10626.1,10603.6,10621.2,0.0
2018-01-09 14:00:00,10622.2,10636.2999,10620.1,10634.8999,0.0
2018-01-09 15:00:00,10635.5,10646.7999,10626.1,10628.0,0.0
2018-01-10 09:00:00,10650.7999,10655.3999,10627.7999,10641.1,0.0
2018-01-10 10:00:00,10641.2,10644.5,10623.3999,10625.2,0.0
2018-01-10 11:00:00,10625.2999,10628.0,10592.7,10599.5,0.0
2018-01-10 12:00:00,10599.5,10617.2999,10599.2,10609.3999,0.0
2018-01-10 13:00:00,10609.7,10623.6,10606.0,10621.7,0.0
2018-01-10 14:00:00,10621.8999,10632.5,10610.0,10626.2,0.0
2018-01-10 15:00:00,10626.5,10639.2999,10622.8999,10625.3999,0.0
2018-01-11 09:00:00,10637.8999,10641.2,10612.2999,10623.3999,0.0
2018-01-11 10:00:00,10623.2999,10633.5,10617.0,10628.8999,0.0
2018-01-11 11:00:00,10628.8999,10635.8999,10624.5,10633.7999,0.0
2018-01-11 12:00:00,10633.8999,10664.5,10633.5,10655.2,0.0
2018-01-11 13:00:00,10655.2,10660.1,10646.7999,10652.5,0.0
2018-01-11 14:00:00,10652.3999,10664.1,10631.0,10631.6,0.0
2018-01-11 15:00:00,10632.0,10657.3999,10631.2999,10648.8999,0.0
2018-01-12 09:00:00,10682.8999,10690.2,10675.1,10685.1,0.0
2018-01-12 10:00:00,10685.0,10687.5,10669.7999,10675.6,0.0
2018-01-12 11:00:00,10675.7,10682.0,10670.6,10679.2,0.0
2018-01-12 12:00:00,10679.0,10682.1,10597.1,10639.1,0.0
2018-01-12 13:00:00,10638.7,10660.6,10620.3999,10659.2,0.0
2018-01-12 14:00:00,10659.2999,10677.7,10648.6,10672.1,0.0
2018-01-12 15:00:00,10672.7,10690.3999,10666.7,10668.2,0.0
2018-01-15 09:00:00,10717.6,10748.0,10713.7999,10747.6,0.0
2018-01-15 10:00:00,10747.5,10777.2,10744.8999,10773.1,0.0
2018-01-15 11:00:00,10773.3999,10782.6,10756.2,10758.2,0.0
2018-01-15 12:00:00,10758.5,10764.7,10748.0,10751.0,0.0
2018-01-15 13:00:00,10751.1,10757.8999,10739.1,10751.7999,0.0
2018-01-15 14:00:00,10751.7,10760.8999,10741.7999,10752.2,0.0
2018-01-15 15:00:00,10753.6,10755.1,10730.2999,10733.6,0.0
2018-01-16 09:00:00,10762.7999,10763.2,10737.3999,10754.8999,0.0
2018-01-16 10:00:00,10754.8999,10758.8999,10705.1,10718.0,0.0
2018-01-16 11:00:00,10718.8999,10746.7999,10714.7999,10741.8999,0.0
2018-01-16 12:00:00,10741.8999,10748.1,10727.0,10729.6,0.0
2018-01-16 13:00:00,10729.5,10729.8999,10690.8999,10708.2,0.0
2018-01-16 14:00:00,10708.3999,10723.6,10688.2999,10693.6,0.0
2018-01-16 15:00:00,10694.5,10714.2,10687.7999,10711.2,0.0
2018-01-17 09:00:00,10702.1,10725.8999,10666.7,10725.7999,0.0
2018-01-17 10:00:00,10725.5,10741.3999,10714.2,10729.2,0.0
2018-01-17 11:00:00,10729.2,10738.2999,10725.1,10729.5,0.0
2018-01-17 12:00:00,10729.0,10753.5,10727.7999,10745.8999,0.0
2018-01-17 13:00:00,10745.7999,10760.7,10741.2999,10745.8999,0.0
2018-01-17 14:00:00,10746.0,10777.5,10742.3999,10772.7,0.0
2018-01-17 15:00:00,10773.1,10803.0,10767.8999,10793.8999,0.0
2018-01-18 09:00:00,10873.2,10887.5,10850.2,10867.7,0.0
2018-01-18 10:00:00,10867.7999,10878.7999,10858.2,10869.3999,0.0
2018-01-18 11:00:00,10870.2,10877.8999,10844.8999,10857.5,0.0
2018-01-18 12:00:00,10857.3999,10883.7,10855.7999,10876.6,0.0
2018-01-18 13:00:00,10875.7,10885.2999,10855.6,10856.1,0.0
2018-01-18 14:00:00,10856.5,10864.2999,10782.3999,10804.2,0.0
2018-01-18 15:00:00,10804.2,10830.1,10794.8999,10822.3999,0.0
2018-01-19 09:00:00,10828.0,10842.2,10793.8999,10825.8999,0.0
2018-01-19 10:00:00,10826.1,10857.7,10821.3999,10851.2999,0.0
2018-01-19 11:00:00,10851.2999,10856.8999,10840.1,10846.3999,0.0
2018-01-19 12:00:00,10845.8999,10850.6,10816.8999,10827.2,0.0
2018-01-19 13:00:00,10827.1,10844.1,10817.8999,10830.6,0.0
2018-01-19 14:00:00,10831.2,10877.5,10825.2,10869.5,0.0
2018-01-19 15:00:00,10870.7,10906.7999,10869.0,10900.1,0.0
2018-01-22 09:00:00,10903.7999,10926.3999,10881.2999,10916.7,0.0
2018-01-22 10:00:00,10916.7,10929.7999,10885.2999,10899.5,0.0
2018-01-22 11:00:00,10898.8999,10911.2999,10895.6,10900.2999,0.0
2018-01-22 12:00:00,10901.3999,10926.7,10900.2999,10916.1,0.0
2018-01-22 13:00:00,10916.6,10941.6,10905.1,10941.2,0.0
2018-01-22 14:00:00,10940.7999,10956.2,10919.1,10955.0,0.0
2018-01-22 15:00:00,10954.2,10975.1,10953.8999,10958.0,0.0
2018-01-23 09:00:00,11000.6,11045.5,10994.5,11041.7,0.0
2018-01-23 10:00:00,11042.3999,11051.7,11027.2,11046.2,0.0
2018-01-23 11:00:00,11045.8999,11060.3999,11039.2,11058.0,0.0
2018-01-23 12:00:00,11057.6,11087.7,11053.1,11058.7999,0.0
2018-01-23 13:00:00,11059.0,11081.5,11046.5,11072.2999,0.0
2018-01-23 14:00:00,11072.2,11078.6,11047.8999,11063.5,0.0
2018-01-23 15:00:00,11061.5,11092.8999,11061.2999,11083.2,0.0
2018-01-24 09:00:00,11070.6,11110.0,11046.1,11070.1,0.0
2018-01-24 10:00:00,11069.7999,11106.6,11063.0,11099.8999,0.0
2018-01-24 11:00:00,11099.8999,11103.2,11079.8999,11087.5,0.0
2018-01-24 12:00:00,11087.2999,11089.5,11057.6,11068.0,0.0
2018-01-24 13:00:00,11068.5,11106.3999,11068.1,11081.1,0.0
2018-01-24 14:00:00,11080.7,11094.8999,11070.0,11081.7,0.0
2018-01-24 15:00:00,11081.3999,11094.2999,11078.5,11084.2999,0.0
2018-01-25 09:00:00,11095.8999,11096.0,11059.8999,11082.7,0.0
2018-01-25 10:00:00,11083.2,11089.1,11066.7,11068.2,0.0
2018-01-25 11:00:00,11067.5,11068.8999,11047.6,11065.3999,0.0
2018-01-25 12:00:00,11065.5,11066.6,11043.8999,11050.2,0.0
2018-01-25 13:00:00,11049.8999,11061.8999,11009.2,11053.3999,0.0
2018-01-25 14:00:00,11051.8999,11069.6,11027.7,11039.7999,0.0
2018-01-25 15:00:00,11038.6,11085.3999,11027.7999,11064.6,0.0
2018-01-29 09:00:00,11080.1,11148.6,11075.8999,11147.5,0.0
2018-01-29 10:00:00,11147.7999,11156.6,11136.2,11156.1,0.0
2018-01-29 11:00:00,11155.7999,11160.8999,11148.8999,11155.2999,0.0
2018-01-29 12:00:00,11155.8999,11163.7,11142.1,11150.1,0.0
2018-01-29 13:00:00,11149.6,11171.5,11145.8999,11156.6,0.0
2018-01-29 14:00:00,11154.5,11158.2999,11109.1,11130.2999,0.0
2018-01-29 15:00:00,11128.6,11140.3999,11117.8999,11124.2,0.0
2018-01-30 09:00:00,11122.7999,11122.7999,11055.3999,11061.8999,0.0
2018-01-30 10:00:00,11061.7,11064.2999,11042.1,11052.8999,0.0
2018-01-30 11:00:00,11053.3999,11068.7999,11048.0,11056.5,0.0
2018-01-30 12:00:00,11056.2,11057.7999,11036.0,11049.7,0.0
2018-01-30 13:00:00,11050.0,11070.7,11044.1,11064.1,0.0
2018-01-30 14:00:00,11061.7999,11064.3999,11038.8999,11051.1,0.0
2018-01-30 15:00:00,11050.7999,11057.0,11033.8999,11049.0,0.0
2018-01-31 09:00:00,11018.8999,11058.5,11010.7,11038.5,0.0
2018-01-31 10:00:00,11038.1,11047.2999,11015.7999,11021.0,0.0
2018-01-31 11:00:00,11021.0,11028.2999,11012.1,11016.5,0.0
2018-01-31 12:00:00,11016.3999,11028.1,10993.7999,10993.7999,0.0
2018-01-31 13:00:00,10994.0,11013.6,10985.5,10993.6,0.0
2018-01-31 14:00:00,10993.0,11036.2999,10979.2999,11027.7999,0.0
2018-01-31 15:00:00,11025.2,11040.2999,11020.6,11029.7,0.0
2018-02-01 09:00:00,11044.2999,11100.7,11039.5,11083.0,0.0
2018-02-01 10:00:00,11083.2,11091.8999,11054.7999,11063.7,0.0
2018-02-01 11:00:00,11063.7,11103.3999,11040.7999,11063.7999,0.0
2018-02-01 12:00:00,11063.5,11070.5,10878.7,10998.2,0.0
2018-02-01 13:00:00,11000.7,11117.2999,10980.6,11091.5,0.0
2018-02-01 14:00:00,11088.7,11095.1,11010.2999,11029.6,0.0
2018-02-01 15:00:00,11029.8999,11030.5,11003.7,11020.1,0.0
2018-02-02 09:00:00,10931.7,10954.8999,10914.1,10922.3999,0.0
2018-02-02 10:00:00,10923.0,10923.8999,10826.5,10867.7999,0.0
2018-02-02 11:00:00,10868.6,10879.5,10843.0,10873.6,0.0
2018-02-02 12:00:00,10873.7,10884.2999,10837.2,10862.5,0.0
2018-02-02 13:00:00,10862.3999,10871.2999,10833.5,10843.5,0.0
2018-02-02 14:00:00,10842.6,10844.1,10768.5,10771.0,0.0
2018-02-02 15:00:00,10771.0,10777.5,10736.1,10737.5,0.0
2018-02-05 09:00:00,10600.3999,10667.2999,10586.7999,10666.8999,0.0
2018-02-05 10:00:00,10666.7999,10689.6,10640.7999,10658.2999,0.0
2018-02-05 11:00:00,10658.2999,10695.5,10652.1,10673.3999,0.0
2018-02-05 12:00:00,10673.6,10702.7,10661.2,10690.8999,0.0
2018-02-05 13:00:00,10690.6,10700.3999,10631.0,10642.8999,0.0
2018-02-05 14:00:00,10643.8999,10671.5,10628.1,10667.7999,0.0
2018-02-05 15:00:00,10666.7,10692.5,10643.7999,10690.5,0.0
2018-02-06 09:00:00,10297.1,10423.7,10276.2,10351.1,0.0
2018-02-06 10:00:00,10351.6,10358.0,10294.8999,10355.7999,0.0
2018-02-06 11:00:00,10356.7,10374.1,10347.5,10361.3999,0.0
2018-02-06 12:00:00,10361.3999,10415.2,10349.5,10405.3999,0.0
2018-02-06 13:00:00,10405.0,10490.7,10377.2,10489.1,0.0
2018-02-06 14:00:00,10489.5,10594.1,10480.1,10533.0,0.0
2018-02-06 15:00:00,10534.0,10534.7999,10472.5,10520.6,0.0
2018-02-07 09:00:00,10601.2,10614.0,10533.2999,10556.5,0.0
2018-02-07 10:00:00,10556.2999,10567.1,10506.2999,10515.2,0.0
2018-02-07 11:00:00,10515.6,10529.0,10479.7999,10480.5,0.0
2018-02-07 12:00:00,10480.5,10528.7999,10464.7999,10526.3999,0.0
2018-02-07 13:00:00,10526.5,10526.6,10480.2,10502.2999,0.0
2018-02-07 14:00:00,10499.7999,10520.0,10475.7999,10495.5,0.0
2018-02-07 15:00:00,10492.3999,10508.0,10446.2999,10460.2,0.0
2018-02-08 09:00:00,10519.2999,10571.2,10479.5,10568.0,0.0
2018-02-08 10:00:00,10568.2,10614.2,10554.0,10604.5,0.0
2018-02-08 11:00:00,10604.6,10609.2,10584.1,10602.7,0.0
2018-02-08 12:00:00,10602.8999,10612.7,10595.0,10609.1,0.0
2018-02-08 13:00:00,10609.1,10637.7999,10586.7999,10613.8999,0.0
2018-02-08 14:00:00,10615.5,10617.6,10528.3999,10582.7,0.0
2018-02-08 15:00:00,10582.2999,10587.2,10569.2,10581.1,0.0
2018-02-09 09:00:00,10419.8999,10453.8999,10398.2,10422.5,0.0
2018-02-09 10:00:00,10421.7999,10451.2999,10411.7,10424.0,0.0
2018-02-09 11:00:00,10424.0,10431.1,10400.2999,10428.5,0.0
2018-02-09 12:00:00,10428.6,10464.1,10416.5,10461.7999,0.0
2018-02-09 13:00:00,10462.2,10468.1,10436.7999,10460.1,0.0
2018-02-09 14:00:00,10460.2999,10480.2,10430.8999,10431.2,0.0
2018-02-09 15:00:00,10431.7,10470.6,10430.3999,10466.7999,0.0
2018-02-12 09:00:00,10522.2,10538.1,10485.3999,10496.0,0.0
2018-02-12 10:00:00,10496.6,10518.7999,10496.3999,10516.7999,0.0
2018-02-12 11:00:00,10516.2,10527.7,10507.1,10513.7,0.0
2018-02-12 12:00:00,10514.6,10524.2,10508.1,10521.7999,0.0
2018-02-12 13:00:00,10521.8999,10524.0,10491.5,10512.8999,0.0
2018-02-12 14:00:00,10512.7,10555.5,10512.1,10541.1,0.0
2018-02-12 15:00:00,10541.8999,10554.2,10526.2999,10534.1,0.0
2018-02-14 09:00:00,10585.2,10590.5,10527.8999,10541.0,0.0
2018-02-14 10:00:00,10540.5,10566.7999,10539.2999,10553.8999,0.0
2018-02-14 11:00:00,10553.3999,10560.2999,10535.7,10547.3999,0.0
2018-02-14 12:00:00,10547.2999,10550.1,10527.7999,10538.2999,0.0
2018-02-14 13:00:00,10537.7999,10567.2999,10537.6,10553.3999,0.0
2018-02-14 14:00:00,10553.7,10569.2,10523.8999,10538.5,0.0
2018-02-14 15:00:00,10538.1,10542.0,10456.6,10460.1,0.0
2018-02-15 09:00:00,10540.5,10573.2999,10518.6,10572.3999,0.0
2018-02-15 10:00:00,10570.7,10588.7,10567.8999,10578.7,0.0
2018-02-15 11:00:00,10578.6,10579.2,10560.7999,10575.2,0.0
2018-02-15 12:00:00,10575.2999,10617.3999,10567.6,10617.2999,0.0
2018-02-15 13:00:00,10616.7999,10618.1,10529.7,10564.8999,0.0
2018-02-15 14:00:00,10566.2999,10572.7,10511.0,10534.0,0.0
2018-02-15 15:00:00,10535.7999,10556.5,10529.7999,10547.7999,0.0
2018-02-16 09:00:00,10595.8999,10612.7999,10568.3999,10568.8999,0.0
2018-02-16 10:00:00,10567.6,10576.2999,10540.2,10557.5,0.0
2018-02-16 11:00:00,10557.7999,10559.0,10493.5,10505.7999,0.0
2018-02-16 12:00:00,10506.7999,10524.8999,10499.1,10505.1,0.0
2018-02-16 13:00:00,10506.0,10524.8999,10456.5,10463.7999,0.0
2018-02-16 14:00:00,10463.7,10490.7999,10434.0,10449.7999,0.0
2018-02-16 15:00:00,10450.1,10461.5,10444.2,10451.7,0.0
2018-02-19 09:00:00,10489.7999,10489.8999,10393.8999,10394.1,0.0
2018-02-19 10:00:00,10394.0,10421.0,10379.0,10395.6,0.0
2018-02-19 11:00:00,10395.3999,10401.8999,10380.6,10400.7999,0.0
2018-02-19 12:00:00,10401.0,10404.8999,10311.6,10337.5,0.0
2018-02-19 13:00:00,10337.2999,10345.8999,10308.3999,10332.3999,0.0
2018-02-19 14:00:00,10334.2,10369.7,10302.7,10358.3999,0.0
2018-02-19 15:00:00,10357.7,10397.3999,10351.3999,10387.3999,0.0
2018-02-20 09:00:00,10391.3999,10427.2,10358.5,10414.6,0.0
2018-02-20 10:00:00,10414.5,10429.2999,10387.3999,10398.2,0.0
2018-02-20 11:00:00,10398.5,10403.7999,10374.6,10393.0,0.0
2018-02-20 12:00:00,10392.6,10423.3999,10380.8999,10409.2999,0.0
2018-02-20 13:00:00,10408.7,10414.0,10384.7999,10409.2,0.0
2018-02-20 14:00:00,10408.3999,10420.2999,10354.0,10360.7999,0.0
2018-02-20 15:00:00,10362.6,10372.0,10347.6,10357.3999,0.0
2018-02-21 09:00:00,10426.7,10426.7999,10349.6,10363.3999,0.0
2018-02-21 10:00:00,10363.5,10381.7999,10356.7999,10365.7999,0.0
2018-02-21 11:00:00,10366.0,10388.7999,10360.1,10383.1,0.0
2018-02-21 12:00:00,10383.2999,10386.3999,10365.5,10370.0,0.0
2018-02-21 13:00:00,10370.0,10383.3999,10353.8999,10377.6,0.0
2018-02-21 14:00:00,10379.3999,10393.1,10368.0,10379.2999,0.0
2018-02-21 15:00:00,10379.7999,10409.6,10379.0,10399.0,0.0
2018-02-22 09:00:00,10361.1,10365.0,10340.6,10352.2999,0.0
2018-02-22 10:00:00,10352.1,10364.7999,10349.5,10362.5,0.0
2018-02-22 11:00:00,10362.7,10365.2999,10351.1,10351.2,0.0
2018-02-22 12:00:00,10351.7,10360.7999,10349.2999,10352.5,0.0
2018-02-22 13:00:00,10352.8999,10393.1,10349.8999,10385.0,0.0
2018-02-22 14:00:00,10386.2999,10386.8999,10342.7,10370.2,0.0
2018-02-22 15:00:00,10370.5,10397.5,10368.2,10376.2,0.0
2018-02-23 09:00:00,10408.3999,10427.5,10396.6,10419.5,0.0
2018-02-23 10:00:00,10419.5,10442.8999,10410.0,10432.2999,0.0
2018-02-23 11:00:00,10432.2999,10474.7,10422.2999,10466.1,0.0
2018-02-23 12:00:00,10465.8999,10477.8999,10459.2,10470.1,0.0
2018-02-23 13:00:00,10469.7999,10494.3999,10467.5,10480.1,0.0
2018-02-23 14:00:00,10481.2999,10496.5,10472.2999,10484.3999,0.0
2018-02-23 15:00:00,10484.8999,10499.1,10483.2999,10492.3999,0.0
2018-02-26 09:00:00,10524.7999,10553.3999,10520.2,10552.2,0.0
2018-02-26 10:00:00,10552.2,10578.7,10551.8999,10563.6,0.0
2018-02-26 11:00:00,10563.5,10574.8999,10557.7999,10560.6,0.0
2018-02-26 12:00:00,10560.0,10569.1,10559.7999,10562.7999,0.0
2018-02-26 13:00:00,10562.7,10584.3999,10561.6,10583.1,0.0
2018-02-26 14:00:00,10583.6,10592.8999,10571.2,10588.3999,0.0
2018-02-26 15:00:00,10588.2,10588.7999,10576.2,10577.3999,0.0
2018-02-27 09:00:00,10618.5,10631.6,10572.6,10589.7999,0.0
2018-02-27 10:00:00,10589.7999,10590.0,10540.8999,10571.1,0.0
2018-02-27 11:00:00,10571.2999,10579.2,10558.2,10558.5,0.0
2018-02-27 12:00:00,10558.3999,10560.8999,10539.3999,10551.2999,0.0
2018-02-27 13:00:00,10551.5,10566.5,10537.2,10550.7,0.0
2018-02-27 14:00:00,10550.6,10560.2999,10541.2999,10554.3999,0.0
2018-02-27 15:00:00,10554.1,10563.7,10545.8999,10551.2,0.0
2018-02-28 09:00:00,10494.2,10498.7999,10461.5,10484.1,0.0
2018-02-28 10:00:00,10484.1,10507.8999,10480.3999,10505.2,0.0
2018-02-28 11:00:00,10505.1,10507.5,10492.2999,10503.6,0.0
2018-02-28 12:00:00,10504.0,10507.1,10482.7,10483.7,0.0
2018-02-28 13:00:00,10483.6,10499.1,10466.1,10479.5,0.0
2018-02-28 14:00:00,10479.2999,10535.5,10477.7,10527.7999,0.0
2018-02-28 15:00:00,10528.3999,10528.6,10474.7,10488.5,0.0
2018-03-01 09:00:00,10481.2999,10525.5,10475.2,10497.1,0.0
2018-03-01 10:00:00,10497.2,10503.7,10472.6,10486.0,0.0
2018-03-01 11:00:00,10486.3999,10492.8999,10469.7999,10481.8999,0.0
2018-03-01 12:00:00,10481.7,10499.2,10478.7999,10493.6,0.0
2018-03-01 13:00:00,10493.6,10514.3999,10490.7999,10500.7,0.0
2018-03-01 14:00:00,10500.8999,10503.7999,10474.8999,10479.2999,0.0
2018-03-01 15:00:00,10480.6,10482.1,10447.1,10450.2,0.0
2018-03-05 09:00:00,10429.5,10430.0,10356.8999,10378.3999,0.0
2018-03-05 10:00:00,10378.5,10383.7999,10344.2,10350.1,0.0
2018-03-05 11:00:00,10349.8999,10358.1,10338.5,10346.7,0.0
2018-03-05 12:00:00,10346.6,10355.5,10326.3999,10327.2999,0.0
2018-03-05 13:00:00,10328.1,10363.3999,10323.7999,10360.7,0.0
2018-03-05 14:00:00,10361.5,10376.7999,10346.8999,10353.1,0.0
2018-03-05 15:00:00,10354.0,10365.2,10350.3999,10357.2999,0.0
2018-03-06 09:00:00,10418.7999,10441.2999,10415.2999,10422.6,0.0
2018-03-06 10:00:00,10422.5,10423.6,10388.3999,10397.0,0.0
2018-03-06 11:00:00,10396.7999,10399.6,10377.8999,10383.8999,0.0
2018-03-06 12:00:00,10383.7999,10407.6,10382.7999,10392.5,0.0
2018-03-06 13:00:00,10392.7999,10406.8999,10388.8999,10397.7,0.0
2018-03-06 14:00:00,10398.0,10404.3999,10290.6,10293.1,0.0
2018-03-06 15:00:00,10293.6,10297.7999,10215.8999,10221.5,0.0
2018-03-07 09:00:00,10242.7999,10243.7,10193.6,10235.7999,0.0
2018-03-07 10:00:00,10235.8999,10243.2999,10201.2,10205.2,0.0
2018-03-07 11:00:00,10205.0,10212.7,10163.3999,10179.1,0.0
2018-03-07 12:00:00,10179.2,10192.2,10168.8999,10170.8999,0.0
2018-03-07 13:00:00,10171.2999,10208.3999,10168.3999,10195.5,0.0
2018-03-07 14:00:00,10197.2,10204.2999,10154.1,10166.1,0.0
2018-03-07 15:00:00,10165.8999,10168.6,10141.5,10164.1,0.0
2018-03-08 09:00:00,10214.3999,10241.2999,10167.7999,10170.0,0.0
2018-03-08 10:00:00,10169.8999,10185.2999,10146.3999,10170.5,0.0
2018-03-08 11:00:00,10170.2999,10209.8999,10168.7,10203.2,0.0
2018-03-08 12:00:00,10202.8999,10227.5,10191.8999,10201.6,0.0
2018-03-08 13:00:00,10201.3999,10213.6,10181.8999,10195.8999,0.0
2018-03-08 14:00:00,10195.7999,10262.7,10190.1,10254.8999,0.0
2018-03-08 15:00:00,10254.3999,10270.2999,10224.7999,10235.1,0.0
2018-03-09 09:00:00,10273.1,10286.2999,10230.5,10273.8999,0.0
2018-03-09 10:00:00,10274.5,10296.7,10264.2999,10270.5,0.0
2018-03-09 11:00:00,10270.3999,10282.2,10252.2999,10275.7999,0.0
2018-03-09 12:00:00,10275.6,10291.0,10271.8999,10279.3999,0.0
2018-03-09 13:00:00,10278.7999,10292.3999,10266.5,10271.6,0.0
2018-03-09 14:00:00,10271.6,10287.2,10222.1,10233.2,0.0
2018-03-09 15:00:00,10232.8999,10238.2,10211.8999,10229.7999,0.0
2018-03-12 09:00:00,10297.3999,10333.6,10295.3999,10323.1,0.0
2018-03-12 10:00:00,10323.2,10342.2999,10321.1,10322.5,0.0
2018-03-12 11:00:00,10322.3999,10331.2,10311.7999,10325.7,0.0
2018-03-12 12:00:00,10325.7,10334.7999,10315.3999,10330.6,0.0
2018-03-12 13:00:00,10331.0,10366.8999,10326.0,10366.5,0.0
2018-03-12 14:00:00,10366.7,10405.2,10352.7,10404.3999,0.0
2018-03-12 15:00:00,10404.7,10433.6,10401.1,10423.5,0.0
2018-03-13 09:00:00,10389.3999,10445.8999,10381.8999,10444.7,0.0
2018-03-13 10:00:00,10444.7999,10478.6,10440.7999,10459.2,0.0
2018-03-13 11:00:00,10459.3999,10464.6,10445.2,10454.7999,0.0
2018-03-13 12:00:00,10455.2,10471.2,10446.0,10467.7,0.0
2018-03-13 13:00:00,10468.1,10475.0,10388.0,10397.1,0.0
2018-03-13 14:00:00,10400.0,10446.7,10377.7999,10429.7999,0.0
2018-03-13 15:00:00,10431.7,10443.0,10409.6,10425.0,0.0
2018-03-14 09:00:00,10394.2999,10407.0,10371.0,10384.3999,0.0
2018-03-14 10:00:00,10384.3999,10399.3999,10377.2999,10384.1,0.0
2018-03-14 11:00:00,10384.0,10384.2,10352.7999,10356.2999,0.0
2018-03-14 12:00:00,10355.8999,10364.7,10336.2999,10361.7,0.0
2018-03-14 13:00:00,10361.2,10389.2999,10353.6,10369.7,0.0
2018-03-14 14:00:00,10369.5,10408.8999,10357.8999,10395.2999,0.0
2018-03-14 15:00:00,10396.2,10420.2999,10395.0,10416.7,0.0
2018-03-15 09:00:00,10406.2999,10410.8999,10387.1,10400.3999,0.0
2018-03-15 10:00:00,10400.0,10420.0,10387.0,10395.0,0.0
2018-03-15 11:00:00,10394.6,10400.7999,10376.8999,10383.2999,0.0
2018-03-15 12:00:00,10383.3999,10402.1,10381.8999,10395.2,0.0
2018-03-15 13:00:00,10395.1,10407.1,10377.3999,10377.7999,0.0
2018-03-15 14:00:00,10377.7,10389.7999,10357.5,10376.2999,0.0
2018-03-15 15:00:00,10376.6,10384.7999,10346.1,10351.7999,0.0
2018-03-16 09:00:00,10348.5,10348.6,10303.0,10309.5,0.0
2018-03-16 10:00:00,10310.3999,10316.5,10293.3999,10298.6,0.0
2018-03-16 11:00:00,10298.3999,10305.5,10274.3999,10280.6,0.0
2018-03-16 12:00:00,10280.5,10281.7,10257.1,10274.0,0.0
2018-03-16 13:00:00,10273.6,10275.2,10251.8999,10255.2999,0.0
2018-03-16 14:00:00,10257.1,10261.2,10185.6,10209.8999,0.0
2018-03-16 15:00:00,10208.8999,10221.7999,10180.2,10220.1,0.0
2018-03-19 09:00:00,10213.8999,10224.5,10169.1,10171.2999,0.0
2018-03-19 10:00:00,10171.1,10176.2,10153.8999,10162.7,0.0
2018-03-19 11:00:00,10162.5,10166.0,10136.8999,10164.6,0.0
2018-03-19 12:00:00,10163.7,10170.2999,10117.2999,10124.1,0.0
2018-03-19 13:00:00,10124.0,10136.7,10095.2999,10099.3999,0.0
2018-03-19 14:00:00,10099.6,10137.2999,10094.3999,10134.0,0.0
2018-03-19 15:00:00,10135.0,10138.3999,10075.2999,10093.7,0.0
2018-03-20 09:00:00,10050.7999,10118.3999,10045.1,10116.8999,0.0
2018-03-20 10:00:00,10116.2999,10131.5,10102.3999,10128.0,0.0
2018-03-20 11:00:00,10128.0,10152.7999,10109.3999,10145.3999,0.0
2018-03-20 12:00:00,10145.5,10155.6,10124.1,10126.6,0.0
2018-03-20 13:00:00,10126.6,10136.1,10099.7,10113.2,0.0
2018-03-20 14:00:00,10113.2,10136.2,10090.5,10105.6,0.0
2018-03-20 15:00:00,10105.7999,10139.7,10104.8999,10137.8999,0.0
2018-03-21 09:00:00,10184.3999,10209.6,10173.2,10209.2999,0.0
2018-03-21 10:00:00,10208.6,10225.3999,10208.5,10224.5,0.0
2018-03-21 11:00:00,10224.5,10227.2999,10191.3999,10192.0,0.0
2018-03-21 12:00:00,10191.8999,10195.1,10165.0,10169.7,0.0
2018-03-21 13:00:00,10169.7999,10195.6,10165.6,10169.2,0.0
2018-03-21 14:00:00,10168.7999,10170.2,10132.8999,10143.7999,0.0
2018-03-21 15:00:00,10143.6,10166.6,10142.2999,10155.0,0.0
2018-03-22 09:00:00,10167.0,10207.7999,10147.2999,10186.3999,0.0
2018-03-22 10:00:00,10186.2999,10198.0,10170.0,10175.7,0.0
2018-03-22 11:00:00,10175.8999,10178.6,10143.7,10146.6,0.0
2018-03-22 12:00:00,10147.8999,10161.3999,10141.7,10150.3999,0.0
2018-03-22 13:00:00,10149.7999,10153.7,10107.2,10130.3999,0.0
2018-03-22 14:00:00,10132.2,10163.2999,10110.1,10112.7,0.0
2018-03-22 15:00:00,10113.5,10131.0,10105.3999,10107.7999,0.0
2018-03-23 09:00:00,9974.2,10012.7999,9961.3,9986.4,0.0
2018-03-23 10:00:00,9986.55,9999.6,9980.45,9998.7,0.0
2018-03-23 11:00:00,9999.55,10003.8999,9954.4,9964.1,0.0
2018-03-23 12:00:00,9963.25,9989.75,9951.9,9985.65,0.0
2018-03-23 13:00:00,9985.6,10027.7,9980.2,9991.65,0.0
2018-03-23 14:00:00,9992.2,10004.2,9982.0,9990.2,0.0
2018-03-23 15:00:00,9992.05,10022.5,9977.9,9988.0,0.0
2018-03-26 09:00:00,9986.46,10010.7,9975.8,9990.85,0.0
2018-03-26 10:00:00,9991.85,9992.95,9958.55,9978.5,0.0
2018-03-26 11:00:00,9977.3,10005.2999,9974.4,9999.2,0.0
2018-03-26 12:00:00,9998.55,10020.6,9993.2,10015.2999,0.0
2018-03-26 13:00:00,10015.2,10085.7999,10005.7999,10070.2999,0.0
2018-03-26 14:00:00,10070.7999,10122.2,10068.0,10109.7999,0.0
2018-03-26 15:00:00,10109.8999,10143.3999,10106.0,10137.8999,0.0
2018-03-27 09:00:00,10192.7,10205.5,10162.2999,10179.7999,0.0
2018-03-27 10:00:00,10179.3999,10179.7999,10154.2,10167.6,0.0
2018-03-27 11:00:00,10167.5,10175.7999,10139.6,10157.7999,0.0
2018-03-27 12:00:00,10157.6,10187.3999,10156.8999,10177.3999,0.0
2018-03-27 13:00:00,10177.3999,10195.3999,10158.8999,10185.1,0.0
2018-03-27 14:00:00,10187.5,10207.7999,10167.7999,10180.0,0.0
2018-03-27 15:00:00,10181.2,10191.6,10178.7999,10183.6,0.0
2018-03-28 09:00:00,10145.6,10146.1,10114.2,10132.2999,0.0
2018-03-28 10:00:00,10132.5,10133.3999,10112.5,10120.2,0.0
2018-03-28 11:00:00,10119.7,10144.2,10116.7999,10137.8999,0.0
2018-03-28 12:00:00,10137.7,10154.8999,10135.0,10143.8999,0.0
2018-03-28 13:00:00,10143.6,10147.7999,10122.3999,10146.2,0.0
2018-03-28 14:00:00,10145.7999,10154.2,10118.0,10153.5,0.0
2018-03-28 15:00:00,10153.2999,10158.2999,10096.8999,10120.7,0.0
2018-04-02 09:00:00,10152.2,10178.5,10132.2999,10138.7999,0.0
2018-04-02 10:00:00,10138.6,10155.3999,10127.7,10142.2999,0.0
2018-04-02 11:00:00,10142.1,10173.3999,10141.5,10165.5,0.0
2018-04-02 12:00:00,10165.6,10178.2,10152.1,10168.6,0.0
2018-04-02 13:00:00,10168.5,10197.5,10164.0,10179.2,0.0
2018-04-02 14:00:00,10181.2999,10198.7999,10175.0,10197.7,0.0
2018-04-02 15:00:00,10197.5,10220.1,10196.7999,10218.1,0.0
2018-04-03 09:00:00,10186.1,10229.3999,10181.7999,10210.7,0.0
2018-04-03 10:00:00,10210.3999,10225.7,10171.0,10174.1,0.0
2018-04-03 11:00:00,10174.1,10202.1,10172.1,10192.7,0.0
2018-04-03 12:00:00,10192.8999,10209.1,10177.2999,10204.0,0.0
2018-04-03 13:00:00,10203.7,10208.7,10187.8999,10199.7999,0.0
2018-04-03 14:00:00,10199.8999,10227.0,10193.7,10222.8999,0.0
2018-04-03 15:00:00,10221.6,10255.2999,10221.6,10243.6,0.0
2018-04-04 09:00:00,10274.2,10275.5,10239.5,10266.1,0.0
2018-04-04 10:00:00,10265.7999,10277.5,10260.5,10277.1,0.0
2018-04-04 11:00:00,10277.0,10279.7999,10246.2999,10249.1,0.0
2018-04-04 12:00:00,10248.5,10257.1,10226.0,10226.2999,0.0
2018-04-04 13:00:00,10226.6,10230.0,10119.0,10133.8999,0.0
2018-04-04 14:00:00,10133.1,10153.3999,10111.2999,10123.2999,0.0
2018-04-04 15:00:00,10123.6,10137.7,10118.0,10120.3999,0.0
2018-04-05 09:00:00,10226.7999,10264.1,10226.2,10255.3999,0.0
2018-04-05 10:00:00,10255.6,10286.2,10253.2999,10263.5,0.0
2018-04-05 11:00:00,10263.6,10273.7999,10258.2,10273.2999,0.0
2018-04-05 12:00:00,10273.0,10282.7,10270.3999,10280.3999,0.0
2018-04-05 13:00:00,10281.0,10286.3999,10274.7999,10282.5,0.0
2018-04-05 14:00:00,10282.5,10314.6,10273.7999,10313.3999,0.0
2018-04-05 15:00:00,10313.3999,10331.7999,10311.1,10327.6,0.0
2018-04-06 09:00:00,10324.2,10325.7,10290.7999,10298.5,0.0
2018-04-06 10:00:00,10298.3999,10332.1,10298.2999,10306.2999,0.0
2018-04-06 11:00:00,10306.7999,10321.1,10295.8999,10312.2999,0.0
2018-04-06 12:00:00,10312.2999,10324.0,10299.0,10303.6,0.0
2018-04-06 13:00:00,10303.7,10325.6,10297.2999,10310.7999,0.0
2018-04-06 14:00:00,10310.7,10350.3999,10307.8999,10346.8999,0.0
2018-04-06 15:00:00,10346.7,10349.0,10318.6,10321.8999,0.0
2018-04-09 09:00:00,10337.1,10388.2,10328.5,10387.0,0.0
2018-04-09 10:00:00,10387.2,10391.2,10370.6,10378.6,0.0
2018-04-09 11:00:00,10378.2999,10387.6,10361.8999,10386.7999,0.0
2018-04-09 12:00:00,10386.7999,10396.6,10361.2999,10381.2999,0.0
2018-04-09 13:00:00,10381.1,10391.7,10374.2,10388.0,0.0
2018-04-09 14:00:00,10388.5,10397.6,10378.1,10393.7999,0.0
2018-04-09 15:00:00,10394.2999,10395.0,10363.7999,10372.1,0.0
2018-04-10 09:00:00,10414.7,10424.7999,10402.7999,10421.6,0.0
2018-04-10 10:00:00,10421.6,10423.5,10381.3999,10399.5,0.0
2018-04-10 11:00:00,10400.3999,10407.6,10389.7,10402.6,0.0
2018-04-10 12:00:00,10402.2999,10407.3999,10395.3999,10400.2,0.0
2018-04-10 13:00:00,10400.2,10411.2999,10389.7999,10407.8999,0.0
2018-04-10 14:00:00,10407.7999,10423.8999,10403.0,10406.5,0.0
2018-04-10 15:00:00,10406.2999,10410.6,10395.7999,10401.7999,0.0
2018-04-11 09:00:00,10431.5,10431.5,10364.5,10366.0,0.0
2018-04-11 10:00:00,10365.8999,10379.7,10355.6,10377.3999,0.0
2018-04-11 11:00:00,10377.5,10393.3999,10375.7,10381.7999,0.0
2018-04-11 12:00:00,10381.7,10391.7999,10378.0,10389.0,0.0
2018-04-11 13:00:00,10388.7999,10419.7,10386.0,10410.5,0.0
2018-04-11 14:00:00,10410.5,10422.5,10400.2,10406.8999,0.0
2018-04-11 15:00:00,10407.5,10423.6,10407.1,10413.7999,0.0
2018-04-12 09:00:00,10418.6,10429.5,10395.2,10429.1,0.0
2018-04-12 10:00:00,10429.7,10437.5,10407.1,10436.2,0.0
2018-04-12 11:00:00,10436.2,10436.2,10423.7999,10429.2,0.0
2018-04-12 12:00:00,10429.5,10434.7999,10421.3999,10432.8999,0.0
2018-04-12 13:00:00,10433.2999,10469.8999,10431.6,10462.2,0.0
2018-04-12 14:00:00,10462.2,10469.5,10441.7999,10452.3999,0.0
2018-04-12 15:00:00,10452.7999,10462.7,10451.7999,10453.3999,0.0
2018-04-13 09:00:00,10495.7,10497.7999,10475.7,10492.2,0.0
2018-04-13 10:00:00,10492.2,10507.7,10492.0,10503.0,0.0
2018-04-13 11:00:00,10503.2,10513.7,10501.8999,10512.2999,0.0
2018-04-13 12:00:00,10512.2,10519.8999,10500.2999,10505.8999,0.0
2018-04-13 13:00:00,10505.7999,10506.7,10460.5,10478.8999,0.0
2018-04-13 14:00:00,10479.3999,10484.7999,10451.3999,10475.1,0.0
2018-04-13 15:00:00,10475.3999,10487.0,10473.5,10484.1,0.0
2018-04-16 09:00:00,10402.3999,10474.7999,10396.2999,10473.0,0.0
2018-04-16 10:00:00,10473.1,10477.6,10461.1,10461.7,0.0
2018-04-16 11:00:00,10461.7,10466.7,10452.6,10463.2999,0.0
2018-04-16 12:00:00,10463.2,10482.0,10462.1,10481.2999,0.0
2018-04-16 13:00:00,10481.7999,10515.7999,10480.0,10503.8999,0.0
2018-04-16 14:00:00,10503.8999,10523.7,10502.5,10519.2,0.0
2018-04-16 15:00:00,10518.8999,10540.1,10518.7999,10531.2,0.0
2018-04-17 09:00:00,10558.7999,10560.0,10519.0,10541.8999,0.0
2018-04-17 10:00:00,10542.7,10554.8999,10537.7,10542.7,0.0
2018-04-17 11:00:00,10542.7999,10544.2,10512.7999,10524.2,0.0
2018-04-17 12:00:00,10524.2999,10526.2999,10495.6,10506.2,0.0
2018-04-17 13:00:00,10506.6,10540.5,10505.1,10536.5,0.0
2018-04-17 14:00:00,10537.3999,10559.0,10535.7999,10545.7,0.0
2018-04-17 15:00:00,10546.7,10560.3999,10541.2,10547.7999,0.0
2018-04-18 09:00:00,10581.2,10581.2,10539.5,10552.8999,0.0
2018-04-18 10:00:00,10552.8999,10566.0,10549.5,10562.2999,0.0
2018-04-18 11:00:00,10562.2999,10574.0,10561.2999,10567.1,0.0
2018-04-18 12:00:00,10567.2,10576.2999,10560.2999,10573.0,0.0
2018-04-18 13:00:00,10573.7,10594.2,10561.1,10568.6,0.0
2018-04-18 14:00:00,10569.8999,10573.7999,10529.7,10532.3999,0.0
2018-04-18 15:00:00,10532.5,10541.8999,10509.7,10537.7,0.0
2018-04-19 09:00:00,10559.7,10568.8999,10549.1,10555.0,0.0
2018-04-19 10:00:00,10554.8999,10568.6,10547.1,10563.2999,0.0
2018-04-19 11:00:00,10563.2,10566.3999,10550.1,10552.3999,0.0
2018-04-19 12:00:00,10552.2,10565.7,10546.2,10562.7,0.0
2018-04-19 13:00:00,10564.2999,10567.5,10547.7,10563.3999,0.0
2018-04-19 14:00:00,10563.1,10564.8999,10550.0,10555.5,0.0
2018-04-19 15:00:00,10555.3999,10572.2,10551.7999,10567.8999,0.0
2018-04-20 09:00:00,10559.0,10564.0,10539.6,10541.2999,0.0
2018-04-20 10:00:00,10541.1,10557.7,10539.3999,10549.6,0.0
2018-04-20 11:00:00,10550.0,10553.2999,10530.2,10533.7999,0.0
2018-04-20 12:00:00,10534.2999,10554.5,10533.8999,10541.6,0.0
2018-04-20 13:00:00,10541.0,10553.6,10527.3999,10542.2999,0.0
2018-04-20 14:00:00,10542.2999,10565.2999,10539.7,10547.2999,0.0
2018-04-20 15:00:00,10547.2999,10582.2999,10545.2,10577.5,0.0
2018-04-23 09:00:00,10597.7,10600.7999,10514.8999,10573.3999,0.0
2018-04-23 10:00:00,10573.3999,10619.8999,10571.8999,10609.5,0.0
2018-04-23 11:00:00,10609.7999,10614.1,10595.0,10607.1,0.0
2018-04-23 12:00:00,10607.2999,10625.2999,10600.7,10609.7999,0.0
2018-04-23 13:00:00,10609.8999,10638.2999,10606.7,10622.2,0.0
2018-04-23 14:00:00,10623.0,10631.8999,10602.3999,10613.2,0.0
2018-04-23 15:00:00,10613.0,10613.7999,10571.7,10582.7999,0.0
2018-04-24 09:00:00,10578.7,10609.7999,10573.1,10590.6,0.0
2018-04-24 10:00:00,10589.8999,10609.0,10587.7,10605.1,0.0
2018-04-24 11:00:00,10605.2999,10609.2,10597.0,10601.3999,0.0
2018-04-24 12:00:00,10601.5,10603.6,10568.8999,10581.8999,0.0
2018-04-24 13:00:00,10582.3999,10619.5,10580.6,10614.0,0.0
2018-04-24 14:00:00,10613.7999,10636.7999,10603.2999,10634.2999,0.0
2018-04-24 15:00:00,10634.3999,10635.1,10606.6,10620.0,0.0
2018-04-25 09:00:00,10618.2,10618.2999,10577.2999,10580.7,0.0
2018-04-25 10:00:00,10581.0,10594.3999,10576.6,10588.1,0.0
2018-04-25 11:00:00,10588.2,10591.6,10580.7,10588.6,0.0
2018-04-25 12:00:00,10588.2999,10596.2999,10581.5,10588.0,0.0
2018-04-25 13:00:00,10587.7,10611.3999,10572.5,10574.1,0.0
2018-04-25 14:00:00,10575.5,10576.2,10536.3999,10566.0,0.0
2018-04-25 15:00:00,10567.5,10578.0,10561.6,10564.3999,0.0
2018-04-26 09:00:00,10588.0,10593.6,10572.7,10587.7,0.0
2018-04-26 10:00:00,10587.8999,10596.1,10575.0,10580.7,0.0
2018-04-26 11:00:00,10580.6,10587.6,10559.6,10567.6,0.0
2018-04-26 12:00:00,10567.0,10581.7999,10562.5,10578.3999,0.0
2018-04-26 13:00:00,10578.3999,10585.5,10568.1,10580.0,0.0
2018-04-26 14:00:00,10579.7999,10588.6,10567.0,10584.2999,0.0
2018-04-26 15:00:00,10585.0,10628.3999,10582.8999,10614.0,0.0
2018-04-27 09:00:00,10651.1,10701.7,10647.5,10697.3999,0.0
2018-04-27 10:00:00,10698.0,10704.7999,10680.8999,10692.2,0.0
2018-04-27 11:00:00,10692.2999,10697.3999,10676.7999,10681.6,0.0
2018-04-27 12:00:00,10680.7999,10693.1,10679.3999,10687.6,0.0
2018-04-27 13:00:00,10687.6,10711.8999,10685.7999,10710.0,0.0
2018-04-27 14:00:00,10711.3999,10719.7999,10681.1,10693.0,0.0
2018-04-27 15:00:00,10693.3999,10699.1,10685.2999,10695.2999,0.0
2018-04-30 09:00:00,10707.0,10755.8999,10704.6,10728.1,0.0
2018-04-30 10:00:00,10728.1,10753.1,10724.2,10746.3999,0.0
2018-04-30 11:00:00,10746.3999,10758.8999,10743.6,10755.0,0.0
2018-04-30 12:00:00,10754.8999,10758.7999,10745.7,10753.7,0.0
2018-04-30 13:00:00,10753.7999,10754.8999,10731.0,10731.2,0.0
2018-04-30 14:00:00,10731.0,10744.3999,10721.3999,10735.7,0.0
2018-04-30 15:00:00,10736.0,10745.7,10733.6,10740.8999,0.0
2018-05-02 09:00:00,10791.6,10792.2,10725.5,10731.5,0.0
2018-05-02 10:00:00,10731.3999,10738.2,10717.8999,10732.1,0.0
2018-05-02 11:00:00,10732.1,10746.2999,10725.1,10741.1,0.0
2018-05-02 12:00:00,10741.2999,10752.1,10736.1,10750.7,0.0
2018-05-02 13:00:00,10752.1,10769.8999,10746.8999,10749.8999,0.0
2018-05-02 14:00:00,10749.3999,10756.0,10689.7999,10711.1,0.0
2018-05-02 15:00:00,10711.8999,10727.8999,10708.2,10716.1,0.0
2018-05-03 09:00:00,10720.2,10720.6,10677.1,10684.2999,0.0
2018-05-03 10:00:00,10684.2,10693.2999,10657.1,10671.7999,0.0
2018-05-03 11:00:00,10671.8999,10673.2999,10647.3999,10662.7,0.0
2018-05-03 12:00:00,10662.0,10685.7,10655.2999,10678.3999,0.0
2018-05-03 13:00:00,10678.7,10707.0,10678.3999,10691.5,0.0
2018-05-03 14:00:00,10692.7,10708.1,10679.6,10696.8999,0.0
2018-05-03 15:00:00,10696.5,10701.8999,10666.8999,10668.2999,0.0
2018-05-04 09:00:00,10706.7999,10707.2999,10632.8999,10642.2,0.0
2018-05-04 10:00:00,10642.2999,10649.7999,10631.7999,10636.3999,0.0
2018-05-04 11:00:00,10636.5,10647.6,10614.6,10620.3999,0.0
2018-05-04 12:00:00,10620.8999,10634.2,10618.2,10621.5,0.0
2018-05-04 13:00:00,10620.8999,10634.5,10613.5,10628.8999,0.0
2018-05-04 14:00:00,10629.7,10640.8999,10601.6,10622.7,0.0
2018-05-04 15:00:00,10623.7,10628.7999,10611.0,10613.7,0.0
2018-05-07 09:00:00,10651.8999,10659.7999,10635.6,10647.7999,0.0
2018-05-07 10:00:00,10647.6,10658.0,10643.2999,10653.7999,0.0
2018-05-07 11:00:00,10653.7999,10662.7,10648.7999,10650.2999,0.0
2018-05-07 12:00:00,10650.2999,10681.7,10649.5,10674.2999,0.0
2018-05-07 13:00:00,10674.2999,10687.5,10672.2999,10682.2999,0.0
2018-05-07 14:00:00,10684.7999,10719.5,10682.3999,10710.5,0.0
2018-05-07 15:00:00,10709.7,10725.6,10704.7,10723.2,0.0
2018-05-08 09:00:00,10761.7,10761.7,10707.5,10727.8999,0.0
2018-05-08 10:00:00,10728.0,10743.6,10721.0,10733.3999,0.0
2018-05-08 11:00:00,10733.2,10741.2,10729.2,10737.2999,0.0
2018-05-08 12:00:00,10737.2999,10739.6,10707.2,10707.5,0.0
2018-05-08 13:00:00,10707.3999,10713.7,10689.3999,10708.0,0.0
2018-05-08 14:00:00,10708.7999,10724.7,10706.6,10720.2999,0.0
2018-05-08 15:00:00,10720.8999,10724.5,10708.6,10714.1,0.0
2018-05-09 09:00:00,10694.0,10726.1,10689.7999,10716.5,0.0
2018-05-09 10:00:00,10716.6,10728.7999,10702.3999,10726.1,0.0
2018-05-09 11:00:00,10726.1,10734.1,10718.3999,10722.0,0.0
2018-05-09 12:00:00,10722.1,10740.5,10720.8999,10736.6,0.0
2018-05-09 13:00:00,10738.7,10766.2,10736.2,10756.8999,0.0
2018-05-09 14:00:00,10758.7999,10759.3999,10739.2,10739.3999,0.0
2018-05-09 15:00:00,10740.3999,10751.7999,10732.3999,10748.8999,0.0
2018-05-10 09:00:00,10780.2999,10785.5,10763.7,10768.2999,0.0
2018-05-10 10:00:00,10768.2999,10769.0,10731.3999,10742.0,0.0
2018-05-10 11:00:00,10741.8999,10755.0,10733.3999,10750.2999,0.0
2018-05-10 12:00:00,10750.2999,10751.8999,10717.7,10718.7,0.0
2018-05-10 13:00:00,10719.8999,10746.1,10708.1,10737.7999,0.0
2018-05-10 14:00:00,10739.1,10748.7999,10727.1,10733.6,0.0
2018-05-10 15:00:00,10733.7999,10734.1,10705.0,10710.5,0.0
2018-05-11 09:00:00,10741.6,10762.5,10724.3999,10744.5,0.0
2018-05-11 10:00:00,10744.6,10762.7,10741.0,10754.3999,0.0
2018-05-11 11:00:00,10754.2999,10759.2,10748.6,10749.2999,0.0
2018-05-11 12:00:00,10749.2,10761.3999,10746.5,10755.2999,0.0
2018-05-11 13:00:00,10755.3999,10766.2999,10742.1,10758.3999,0.0
2018-05-11 14:00:00,10759.7999,10800.0,10757.0,10794.8999,0.0
2018-05-11 15:00:00,10797.3999,10812.0,10795.1,10797.6,0.0
2018-05-14 09:00:00,10815.2999,10831.0,10801.5,10829.2,0.0
2018-05-14 10:00:00,10830.1,10834.7999,10818.7999,10819.7,0.0
2018-05-14 11:00:00,10819.8999,10826.6,10796.5,10805.7,0.0
2018-05-14 12:00:00,10805.7,10806.3999,10783.6,10794.2999,0.0
2018-05-14 13:00:00,10794.3999,10797.0,10774.7,10782.3999,0.0
2018-05-14 14:00:00,10783.2999,10806.1,10776.3999,10796.0,0.0
2018-05-14 15:00:00,10796.0,10818.1,10794.7,10797.3999,0.0
2018-05-15 09:00:00,10812.2,10904.1,10789.7999,10902.7,0.0
2018-05-15 10:00:00,10902.2999,10929.2,10888.7999,10905.2,0.0
2018-05-15 11:00:00,10905.1,10905.7999,10885.2999,10887.7,0.0
2018-05-15 12:00:00,10888.7,10889.7999,10861.7999,10862.3999,0.0
2018-05-15 13:00:00,10862.0,10862.7,10818.8999,10826.5,0.0
2018-05-15 14:00:00,10826.8999,10843.3999,10781.3999,10816.3999,0.0
2018-05-15 15:00:00,10816.0,10822.6,10791.2,10803.8999,0.0
2018-05-16 09:00:00,10751.7999,10764.7999,10702.7,10710.2,0.0
2018-05-16 10:00:00,10710.1,10733.2,10699.7,10719.3999,0.0
2018-05-16 11:00:00,10719.3999,10762.8999,10717.7999,10739.7,0.0
2018-05-16 12:00:00,10739.8999,10768.6,10739.1,10765.2,0.0
2018-05-16 13:00:00,10764.8999,10790.3999,10761.3999,10765.6,0.0
2018-05-16 14:00:00,10765.5,10766.5,10728.7,10730.8999,0.0
2018-05-16 15:00:00,10730.7,10750.0,10723.7999,10743.1,0.0
2018-05-17 09:00:00,10775.3999,10777.2,10729.7999,10733.6,0.0
2018-05-17 10:00:00,10733.7,10739.7999,10698.3999,10712.3999,0.0
2018-05-17 11:00:00,10712.8999,10718.2999,10707.1,10708.7,0.0
2018-05-17 12:00:00,10708.8999,10718.3999,10696.7999,10711.5,0.0
2018-05-17 13:00:00,10711.3999,10718.1,10697.8999,10700.2999,0.0
2018-05-17 14:00:00,10700.1,10725.5,10698.7,10720.2,0.0
2018-05-17 15:00:00,10719.7,10720.7999,10664.5,10677.7999,0.0
2018-05-18 09:00:00,10670.6,10674.8999,10631.1,10645.3999,0.0
2018-05-18 10:00:00,10645.2999,10665.5,10636.2,10664.0,0.0
2018-05-18 11:00:00,10664.2,10665.6,10634.6,10639.3999,0.0
2018-05-18 12:00:00,10638.7,10651.2,10629.0,10629.3999,0.0
2018-05-18 13:00:00,10629.2,10630.0,10605.0,10613.5,0.0
2018-05-18 14:00:00,10612.5,10634.7999,10599.7999,10600.2999,0.0
2018-05-18 15:00:00,10600.2,10605.5,10589.0,10605.5,0.0
2018-05-21 09:00:00,10609.5,10621.7,10567.0,10593.2,0.0
2018-05-21 10:00:00,10593.0,10597.5,10555.3999,10555.7999,0.0
2018-05-21 11:00:00,10555.7,10569.8999,10544.1,10546.7,0.0
2018-05-21 12:00:00,10546.5,10550.5,10526.2999,10537.2999,0.0
2018-05-21 13:00:00,10538.6,10545.3999,10519.3999,10522.3999,0.0
2018-05-21 14:00:00,10523.6,10528.7,10505.7,10523.2,0.0
2018-05-21 15:00:00,10523.2,10524.0,10510.7999,10520.7999,0.0
2018-05-22 09:00:00,10517.2999,10556.7,10490.5,10555.0,0.0
2018-05-22 10:00:00,10555.3999,10558.6,10536.5,10543.5,0.0
2018-05-22 11:00:00,10542.5,10544.5,10508.0,10520.2999,0.0
2018-05-22 12:00:00,10520.2,10547.8999,10516.6,10544.2999,0.0
2018-05-22 13:00:00,10544.3999,10545.7999,10520.5,10531.5,0.0
2018-05-22 14:00:00,10531.2,10540.1,10512.2999,10533.6,0.0
2018-05-22 15:00:00,10533.2999,10545.0,10527.3999,10543.2,0.0
2018-05-23 09:00:00,10523.2,10533.5,10494.6,10501.2,0.0
2018-05-23 10:00:00,10501.6,10506.7,10480.7,10492.8999,0.0
2018-05-23 11:00:00,10492.5,10514.2999,10490.5,10511.2,0.0
2018-05-23 12:00:00,10511.6,10523.8999,10505.5,10512.8999,0.0
2018-05-23 13:00:00,10514.0,10521.2,10465.7999,10474.1,0.0
2018-05-23 14:00:00,10473.5,10483.3999,10447.2,10452.3999,0.0
2018-05-23 15:00:00,10453.2,10454.2999,10417.7999,10429.2,0.0
2018-05-24 09:00:00,10462.7999,10470.2999,10425.7999,10429.8999,0.0
2018-05-24 10:00:00,10429.7999,10470.0,10419.7999,10469.2,0.0
2018-05-24 11:00:00,10469.7,10478.6,10460.8999,10467.6,0.0
2018-05-24 12:00:00,10467.2999,10490.3999,10459.5,10484.1,0.0
2018-05-24 13:00:00,10484.1,10519.0,10479.8999,10481.8999,0.0
2018-05-24 14:00:00,10482.6,10495.2999,10451.6,10485.7,0.0
2018-05-24 15:00:00,10485.2999,10535.1,10480.3999,10533.6,0.0
2018-05-25 09:00:00,10531.2,10573.1,10524.0,10562.2999,0.0
2018-05-25 10:00:00,10562.1,10578.2999,10553.5,10570.0,0.0
2018-05-25 11:00:00,10570.5,10578.1,10558.0,10558.5,0.0
2018-05-25 12:00:00,10558.5,10572.3999,10556.3999,10567.8999,0.0
2018-05-25 13:00:00,10568.2,10609.2999,10567.7999,10607.7,0.0
2018-05-25 14:00:00,10608.3999,10628.0,10599.7999,10600.7,0.0
2018-05-25 15:00:00,10600.7,10625.7,10584.7,10612.3999,0.0
2018-05-28 09:00:00,10653.2,10673.1,10640.5,10662.3999,0.0
2018-05-28 10:00:00,10662.1,10682.8999,10659.3999,10675.8999,0.0
2018-05-28 11:00:00,10676.5,10679.2,10663.7,10675.7,0.0
2018-05-28 12:00:00,10674.5,10695.5,10671.7,10687.8999,0.0
2018-05-28 13:00:00,10687.7999,10701.5,10684.7999,10688.0,0.0
2018-05-28 14:00:00,10686.7999,10709.7999,10686.7999,10702.3999,0.0
2018-05-28 15:00:00,10702.1,10708.1,10678.8999,10682.5,0.0
2018-05-29 09:00:00,10688.3999,10695.6,10663.8999,10683.5,0.0
2018-05-29 10:00:00,10683.7,10709.2999,10675.3999,10700.2,0.0
2018-05-29 11:00:00,10700.3999,10717.2,10692.2999,10692.5,0.0
2018-05-29 12:00:00,10693.7,10693.8999,10663.5,10677.2999,0.0
2018-05-29 13:00:00,10677.5,10677.7999,10641.7,10643.5,0.0
2018-05-29 14:00:00,10643.2999,10651.0,10616.1,10641.8999,0.0
2018-05-29 15:00:00,10641.7999,10642.7999,10626.7999,10631.0,0.0
2018-05-30 09:00:00,10581.2,10602.1,10558.3999,10597.2999,0.0
2018-05-30 10:00:00,10597.2999,10600.8999,10569.5,10574.5,0.0
2018-05-30 11:00:00,10574.7,10602.7,10562.8999,10590.6,0.0
2018-05-30 12:00:00,10590.5,10615.7999,10584.2,10612.2999,0.0
2018-05-30 13:00:00,10612.2999,10648.7,10600.7,10604.5,0.0
2018-05-30 14:00:00,10604.5,10621.7,10579.6,10608.1,0.0
2018-05-30 15:00:00,10608.2,10625.1,10599.2999,10615.0,0.0
2018-05-31 09:00:00,10688.6,10691.6,10630.0,10633.2,0.0
2018-05-31 10:00:00,10633.2999,10654.0,10620.3999,10651.2,0.0
2018-05-31 11:00:00,10651.2999,10659.1,10643.7,10657.6,0.0
2018-05-31 12:00:00,10658.1,10667.0,10651.2999,10660.8999,0.0
2018-05-31 13:00:00,10661.0,10679.3999,10659.2999,10664.7999,0.0
2018-05-31 14:00:00,10664.5,10688.7999,10654.8999,10685.0,0.0
2018-05-31 15:00:00,10686.1,10763.7999,10684.8999,10731.0,0.0
2018-06-01 09:00:00,10739.2999,10764.7,10716.3999,10752.2999,0.0
2018-06-01 10:00:00,10752.8999,10764.3999,10725.1,10734.1,0.0
2018-06-01 11:00:00,10734.2999,10752.7999,10703.6,10713.8999,0.0
2018-06-01 12:00:00,10713.7,10728.2999,10701.6,10713.7,0.0
2018-06-01 13:00:00,10713.7999,10723.5,10685.7,10723.1,0.0
2018-06-01 14:00:00,10723.2,10737.7,10701.5,10714.7999,0.0
2018-06-01 15:00:00,10714.6,10716.2999,10681.5,10685.2999,0.0
2018-06-04 09:00:00,10768.6,10770.2999,10648.2,10666.1,0.0
2018-06-04 10:00:00,10665.5,10702.0,10661.2999,10691.8999,0.0
2018-06-04 11:00:00,10691.7,10695.2,10677.2999,10689.7,0.0
2018-06-04 12:00:00,10689.3999,10704.8999,10672.0,10677.2999,0.0
2018-06-04 13:00:00,10677.1,10679.2,10644.2999,10660.3999,0.0
2018-06-04 14:00:00,10662.1,10664.2999,10623.6,10644.3999,0.0
2018-06-04 15:00:00,10645.2,10646.1,10618.2999,10624.3999,0.0
2018-06-05 09:00:00,10630.0,10633.1,10589.6,10598.2,0.0
2018-06-05 10:00:00,10598.5,10603.7999,10566.1,10568.7999,0.0
2018-06-05 11:00:00,10569.2,10625.5,10565.0,10609.2999,0.0
2018-06-05 12:00:00,10609.5,10616.7999,10581.2999,10600.7,0.0
2018-06-05 13:00:00,10600.8999,10609.0,10575.1,10577.6,0.0
2018-06-05 14:00:00,10577.0,10597.8999,10550.8999,10595.0,0.0
2018-06-05 15:00:00,10595.2999,10608.6,10581.5,10605.1,0.0
2018-06-06 09:00:00,10603.7999,10625.1,10587.3999,10619.3999,0.0
2018-06-06 10:00:00,10619.2,10647.1,10619.0,10624.8999,0.0
2018-06-06 11:00:00,10625.1,10661.2999,10623.7,10657.8999,0.0
2018-06-06 12:00:00,10657.7999,10663.6,10646.5,10648.3999,0.0
2018-06-06 13:00:00,10647.8999,10673.3999,10641.8999,10669.1,0.0
2018-06-06 14:00:00,10669.2,10694.6,10617.0,10690.1,0.0
2018-06-06 15:00:00,10690.6,10698.2999,10669.7,10687.8999,0.0
2018-06-07 09:00:00,10721.7,10769.7999,10720.3999,10750.7,0.0
2018-06-07 10:00:00,10750.7,10785.1,10748.8999,10778.6,0.0
2018-06-07 11:00:00,10778.6,10788.3999,10775.2,10787.7999,0.0
2018-06-07 12:00:00,10787.7999,10800.6,10783.7,10797.7,0.0
2018-06-07 13:00:00,10798.0,10818.0,10793.2,10799.2999,0.0
2018-06-07 14:00:00,10799.5,10805.6,10773.8999,10790.6,0.0
2018-06-07 15:00:00,10790.6,10791.0,10758.1,10762.2,0.0
2018-06-08 09:00:00,10742.0,10748.0,10717.7,10746.0,0.0
2018-06-08 10:00:00,10745.7,10750.3999,10726.0,10736.5,0.0
2018-06-08 11:00:00,10736.6,10742.5,10719.2999,10724.0,0.0
2018-06-08 12:00:00,10724.1,10729.1,10709.0,10719.5,0.0
2018-06-08 13:00:00,10719.5,10736.6,10714.6,10731.3999,0.0
2018-06-08 14:00:00,10731.8999,10767.3999,10728.7999,10761.7999,0.0
2018-06-08 15:00:00,10761.7999,10779.3999,10753.0,10759.5,0.0
2018-06-11 09:00:00,10778.0,10820.7,10777.6,10819.2999,0.0
2018-06-11 10:00:00,10819.2999,10834.3999,10809.2999,10812.7,0.0
2018-06-11 11:00:00,10812.3999,10829.3999,10806.3999,10828.3999,0.0
2018-06-11 12:00:00,10828.2999,10841.0,10823.8999,10836.7,0.0
2018-06-11 13:00:00,10836.8999,10850.5,10834.0,10845.3999,0.0
2018-06-11 14:00:00,10845.5,10847.5,10804.2999,10808.2999,0.0
2018-06-11 15:00:00,10806.5,10812.2,10777.0,10782.1,0.0
2018-06-12 09:00:00,10816.7,10817.5,10789.2999,10811.1,0.0
2018-06-12 10:00:00,10811.2999,10842.0,10809.7999,10826.0,0.0
2018-06-12 11:00:00,10826.0,10841.2999,10823.5,10839.6,0.0
2018-06-12 12:00:00,10839.3999,10855.8999,10815.0,10820.2999,0.0
2018-06-12 13:00:00,10820.3999,10842.0,10816.5,10833.8999,0.0
2018-06-12 14:00:00,10833.8999,10850.5,10832.3999,10842.7,0.0
2018-06-12 15:00:00,10842.8999,10856.5,10833.2999,10853.1,0.0
2018-06-13 09:00:00,10887.5,10888.8999,10842.6,10850.0,0.0
2018-06-13 10:00:00,10849.2,10872.7999,10842.8999,10870.5,0.0
2018-06-13 11:00:00,10870.3999,10880.5,10866.6,10871.0,0.0
2018-06-13 12:00:00,10871.1,10882.7,10864.2,10871.0,0.0
2018-06-13 13:00:00,10871.2,10886.7999,10868.2,10883.6,0.0
2018-06-13 14:00:00,10883.5,10893.2,10849.8999,10863.0,0.0
2018-06-13 15:00:00,10864.1,10865.6,10850.3999,10855.5,0.0
2018-06-14 09:00:00,10840.2,10840.3999,10803.7999,10805.1,0.0
2018-06-14 10:00:00,10804.7,10808.7,10782.0,10791.8999,0.0
2018-06-14 11:00:00,10792.8999,10796.2,10780.2999,10784.6,0.0
2018-06-14 12:00:00,10784.3999,10791.0,10773.5,10788.3999,0.0
2018-06-14 13:00:00,10788.6,10811.6,10783.7,10799.2,0.0
2018-06-14 14:00:00,10799.6,10818.8999,10795.2999,10811.5,0.0
2018-06-14 15:00:00,10811.6,10817.7,10797.5,10810.1,0.0
2018-06-15 09:00:00,10816.1,10823.7,10788.7999,10814.8999,0.0
2018-06-15 10:00:00,10815.0,10831.2999,10813.2,10826.2999,0.0
2018-06-15 11:00:00,10826.2999,10834.0,10811.5,10818.6,0.0
2018-06-15 12:00:00,10818.7,10819.3999,10790.8999,10794.7,0.0
2018-06-15 13:00:00,10795.0,10795.7,10755.3999,10774.2,0.0
2018-06-15 14:00:00,10774.2999,10803.5,10767.5,10797.8999,0.0
2018-06-15 15:00:00,10797.3999,10827.7999,10796.7999,10814.5,0.0
2018-06-18 09:00:00,10832.2,10832.2,10787.2999,10802.8999,0.0
2018-06-18 10:00:00,10802.7,10827.0,10797.2999,10816.2,0.0
2018-06-18 11:00:00,10816.2999,10826.2,10804.2,10809.8999,0.0
2018-06-18 12:00:00,10809.6,10818.7999,10805.2,10807.6,0.0
2018-06-18 13:00:00,10807.5,10821.8999,10796.3999,10807.3999,0.0
2018-06-18 14:00:00,10807.3999,10828.1,10805.5,10824.7999,0.0
2018-06-18 15:00:00,10824.7,10824.8999,10791.7999,10796.2999,0.0
2018-06-19 09:00:00,10796.6,10798.3999,10746.7,10755.6,0.0
2018-06-19 10:00:00,10756.0,10763.2999,10737.3999,10740.6,0.0
2018-06-19 11:00:00,10740.7,10745.7999,10724.2,10735.0,0.0
2018-06-19 12:00:00,10734.7,10739.5,10711.6,10713.7,0.0
2018-06-19 13:00:00,10714.0,10737.8999,10708.5,10730.6,0.0
2018-06-19 14:00:00,10731.2,10740.6,10709.6,10733.7,0.0
2018-06-19 15:00:00,10733.1,10733.7999,10701.2,10711.0,0.0
2018-06-20 09:00:00,10735.1,10756.7,10725.8999,10731.7,0.0
2018-06-20 10:00:00,10731.2999,10751.1,10724.0,10749.7,0.0
2018-06-20 11:00:00,10749.6,10764.6,10749.0,10759.2999,0.0
2018-06-20 12:00:00,10759.1,10769.2999,10752.8999,10766.7,0.0
2018-06-20 13:00:00,10766.6,10772.1,10757.2,10763.0,0.0
2018-06-20 14:00:00,10763.2,10781.2999,10751.3999,10781.0,0.0
2018-06-20 15:00:00,10781.2999,10781.7999,10766.3999,10772.3999,0.0
2018-06-21 09:00:00,10808.7999,10809.5,10764.1,10776.3999,0.0
2018-06-21 10:00:00,10776.8999,10781.0,10762.2999,10772.7,0.0
2018-06-21 11:00:00,10772.5,10774.7999,10748.7999,10753.1,0.0
2018-06-21 12:00:00,10753.1,10772.7,10747.5,10772.1,0.0
2018-06-21 13:00:00,10771.5,10781.6,10765.0,10769.7,0.0
2018-06-21 14:00:00,10769.8999,10782.7,10725.8999,10740.0,0.0
2018-06-21 15:00:00,10740.3999,10750.0,10728.3999,10741.2,0.0
2018-06-22 09:00:00,10743.6,10745.2999,10711.7,10717.3999,0.0
2018-06-22 10:00:00,10717.3999,10744.1,10710.3999,10735.1,0.0
2018-06-22 11:00:00,10735.1,10739.2999,10724.2999,10737.2999,0.0
2018-06-22 12:00:00,10737.0,10758.5,10736.3999,10752.5,0.0
2018-06-22 13:00:00,10752.7,10770.1,10751.7999,10768.2,0.0
2018-06-22 14:00:00,10768.2,10809.7999,10758.1,10799.8999,0.0
2018-06-22 15:00:00,10799.5,10836.8999,10798.7,10823.8999,0.0
2018-06-25 09:00:00,10828.2999,10831.0,10800.8999,10817.1,0.0
2018-06-25 10:00:00,10816.8999,10823.8999,10797.5,10803.8999,0.0
2018-06-25 11:00:00,10803.7,10807.7,10788.2999,10806.2,0.0
2018-06-25 12:00:00,10806.2999,10811.3999,10797.2999,10803.3999,0.0
2018-06-25 13:00:00,10801.5,10814.7,10786.2999,10792.7,0.0
2018-06-25 14:00:00,10793.0,10800.1,10767.8999,10782.3999,0.0
2018-06-25 15:00:00,10781.2,10783.0,10753.0,10757.0,0.0
2018-06-26 09:00:00,10742.3999,10782.2999,10732.5,10773.0,0.0
2018-06-26 10:00:00,10773.2999,10790.3999,10756.3999,10784.7999,0.0
2018-06-26 11:00:00,10784.7999,10795.7999,10781.0,10785.3999,0.0
2018-06-26 12:00:00,10785.2999,10801.5,10779.2,10787.2,0.0
2018-06-26 13:00:00,10787.3999,10790.2999,10753.1,10786.0,0.0
2018-06-26 14:00:00,10786.1,10805.1,10772.6,10805.1,0.0
2018-06-26 15:00:00,10804.2,10805.2,10756.6,10763.8999,0.0
2018-06-27 09:00:00,10791.7999,10791.7999,10752.2999,10773.2,0.0
2018-06-27 10:00:00,10773.1,10780.7999,10741.6,10749.3999,0.0
2018-06-27 11:00:00,10749.3999,10757.3999,10723.7,10731.1,0.0
2018-06-27 12:00:00,10731.1,10737.2999,10710.2999,10713.1,0.0
2018-06-27 13:00:00,10713.2,10714.2999,10678.2999,10687.1,0.0
2018-06-27 14:00:00,10687.7,10692.8999,10657.7,10691.2,0.0
2018-06-27 15:00:00,10692.2,10706.2,10652.3999,10667.0,0.0
2018-06-28 09:00:00,10661.2,10663.7,10632.2999,10658.7999,0.0
2018-06-28 10:00:00,10658.8999,10674.2,10650.6,10658.6,0.0
2018-06-28 11:00:00,10658.3999,10666.7,10622.0,10632.7999,0.0
2018-06-28 12:00:00,10632.7,10633.7,10611.1,10627.5,0.0
2018-06-28 13:00:00,10627.2999,10634.5,10605.2,10609.1,0.0
2018-06-28 14:00:00,10609.1,10613.7999,10557.7,10597.7,0.0
2018-06-28 15:00:00,10597.2,10607.5,10574.8999,10593.1,0.0
2018-06-29 09:00:00,10608.5,10665.2,10607.8999,10649.2,0.0
2018-06-29 10:00:00,10649.2,10657.3999,10633.7,10651.6,0.0
2018-06-29 11:00:00,10651.7,10681.7,10651.2999,10673.5,0.0
2018-06-29 12:00:00,10673.5,10688.7,10668.5,10683.7,0.0
2018-06-29 13:00:00,10683.7,10699.7999,10676.2999,10698.8999,0.0
2018-06-29 14:00:00,10698.7999,10709.0,10681.7999,10691.2,0.0
2018-06-29 15:00:00,10691.3999,10723.0,10690.8999,10710.2999,0.0
2018-07-02 09:00:00,10733.7,10736.1,10654.2,10657.2,0.0
2018-07-02 10:00:00,10656.8999,10659.6,10632.5,10646.1,0.0
2018-07-02 11:00:00,10646.5,10648.1,10622.5,10637.0,0.0
2018-07-02 12:00:00,10637.3999,10640.2,10608.3999,10615.0,0.0
2018-07-02 13:00:00,10615.2,10649.7,10604.6,10646.5,0.0
2018-07-02 14:00:00,10646.6,10673.0,10644.8999,10650.7999,0.0
2018-07-02 15:00:00,10651.7999,10663.7,10646.8999,10652.0,0.0
2018-07-03 09:00:00,10669.7,10687.8999,10630.2,10682.7999,0.0
2018-07-03 10:00:00,10682.7,10683.6,10651.7999,10675.7999,0.0
2018-07-03 11:00:00,10676.0,10708.0,10675.7,10691.6,0.0
2018-07-03 12:00:00,10691.5,10713.2999,10686.8999,10696.8999,0.0
2018-07-03 13:00:00,10696.7,10706.3999,10677.7999,10687.1,0.0
2018-07-03 14:00:00,10687.2,10709.1,10686.2,10702.2999,0.0
2018-07-03 15:00:00,10701.6,10709.3999,10687.7999,10707.7999,0.0
2018-07-04 09:00:00,10718.7999,10719.0,10677.7,10693.7,0.0
2018-07-04 10:00:00,10694.0,10709.5,10681.8999,10698.0,0.0
2018-07-04 11:00:00,10698.1,10714.2999,10688.6,10709.5,0.0
2018-07-04 12:00:00,10709.7999,10727.0,10709.0,10717.3999,0.0
2018-07-04 13:00:00,10717.7,10749.6,10717.2999,10745.7,0.0
2018-07-04 14:00:00,10745.7999,10777.1,10744.3999,10768.5,0.0
2018-07-04 15:00:00,10768.6,10774.7,10764.5,10771.5,0.0
2018-07-05 09:00:00,10790.3999,10791.5,10756.2999,10764.7,0.0
2018-07-05 10:00:00,10764.7999,10777.0,10741.3999,10750.0,0.0
2018-07-05 11:00:00,10750.3999,10759.5,10726.2,10750.2999,0.0
2018-07-05 12:00:00,10750.2,10773.7,10739.3999,10769.0,0.0
2018-07-05 13:00:00,10769.7999,10782.0,10753.2999,10773.6,0.0
2018-07-05 14:00:00,10773.6,10778.8999,10752.0,10754.1,0.0
2018-07-05 15:00:00,10754.7,10757.8999,10732.3999,10752.8999,0.0
2018-07-06 09:00:00,10742.1,10783.8999,10735.0,10778.3999,0.0
2018-07-06 10:00:00,10778.2,10807.0,10774.7,10805.2999,0.0
2018-07-06 11:00:00,10804.0,10815.8999,10782.8999,10796.2999,0.0
2018-07-06 12:00:00,10796.2,10796.2999,10775.2,10788.2999,0.0
2018-07-06 13:00:00,10788.2,10804.0,10784.0,10796.6,0.0
2018-07-06 14:00:00,10796.6,10816.2999,10783.3999,10784.3999,0.0
2018-07-06 15:00:00,10784.1,10790.0,10760.7,10767.1,0.0
2018-07-09 09:00:00,10839.2,10844.7,10818.2,10825.7999,0.0
2018-07-09 10:00:00,10826.2999,10834.2999,10807.1,10818.0,0.0
2018-07-09 11:00:00,10818.5,10837.1,10814.6,10831.6,0.0
2018-07-09 12:00:00,10831.7999,10844.8999,10829.7999,10840.2,0.0
2018-07-09 13:00:00,10840.5,10855.5,10835.7999,10854.1,0.0
2018-07-09 14:00:00,10855.5,10860.2999,10846.6,10858.0,0.0
2018-07-09 15:00:00,10858.0,10858.1,10845.7999,10850.6,0.0
2018-07-10 09:00:00,10903.2,10916.1,10876.6,10907.7999,0.0
2018-07-10 10:00:00,10908.0,10922.2999,10901.8999,10920.3999,0.0
2018-07-10 11:00:00,10920.7,10925.3999,10911.2,10922.2999,0.0
2018-07-10 12:00:00,10922.5,10929.7999,10917.8999,10919.2999,0.0
2018-07-10 13:00:00,10918.8999,10934.5,10912.7,10931.2999,0.0
2018-07-10 14:00:00,10931.2999,10941.0,10917.6,10930.0,0.0
2018-07-10 15:00:00,10930.3999,10956.8999,10930.2,10947.1,0.0
2018-07-11 09:00:00,10954.8999,10965.6,10923.0,10945.5,0.0
2018-07-11 10:00:00,10945.6,10976.6,10945.2999,10967.6,0.0
2018-07-11 11:00:00,10967.6,10968.3999,10928.7,10953.2999,0.0
2018-07-11 12:00:00,10953.2999,10957.5,10941.2999,10953.7,0.0
2018-07-11 13:00:00,10953.7,10965.1,10943.7999,10954.0,0.0
2018-07-11 14:00:00,10954.2999,10971.5,10950.2,10961.7999,0.0
2018-07-11 15:00:00,10962.0,10962.2,10940.1,10944.1,0.0
2018-07-12 09:00:00,11009.8999,11030.7999,10999.6,11026.0,0.0
2018-07-12 10:00:00,11026.0,11041.7,11019.1,11032.8999,0.0
2018-07-12 11:00:00,11032.8999,11076.5,11031.7,11071.0,0.0
2018-07-12 12:00:00,11071.2,11078.2999,11049.3999,11062.6,0.0
2018-07-12 13:00:00,11062.7999,11068.0,11029.2999,11049.2999,0.0
2018-07-12 14:00:00,11049.1,11050.0,11020.0,11025.7999,0.0
2018-07-12 15:00:00,11025.8999,11033.8999,11013.1,11016.2999,0.0
2018-07-13 09:00:00,11057.7999,11071.2999,11035.1,11059.0,0.0
2018-07-13 10:00:00,11059.2,11062.0,10999.7,11013.5,0.0
2018-07-13 11:00:00,11013.3999,11038.5,11007.7999,11027.1,0.0
2018-07-13 12:00:00,11027.2999,11041.1,11022.7,11031.8999,0.0
2018-07-13 13:00:00,11032.0,11045.8999,11021.2,11032.5,0.0
2018-07-13 14:00:00,11032.5,11033.3999,11001.2,11010.7999,0.0
2018-07-13 15:00:00,11010.8999,11031.3999,11002.7,11021.7999,0.0
2018-07-16 09:00:00,11020.1,11020.2999,10975.6,11007.3999,0.0
2018-07-16 10:00:00,11006.2,11008.5,10985.6,10991.8999,0.0
2018-07-16 11:00:00,10991.3999,10992.3999,10964.1,10977.0,0.0
2018-07-16 12:00:00,10977.1,10994.8999,10976.7,10991.8999,0.0
2018-07-16 13:00:00,10992.2,10999.7,10969.3999,10970.0,0.0
2018-07-16 14:00:00,10971.7,10976.1,10931.7999,10935.7,0.0
2018-07-16 15:00:00,10936.5,10944.0,10926.2,10940.7999,0.0
2018-07-17 09:00:00,10936.0,10989.6,10925.6,10970.2,0.0
2018-07-17 10:00:00,10970.0,10970.5,10935.7,10951.5,0.0
2018-07-17 11:00:00,10952.0,10969.5,10948.2999,10967.7,0.0
2018-07-17 12:00:00,10967.7999,10971.1,10959.6,10967.7999,0.0
2018-07-17 13:00:00,10967.7,10988.2,10963.3999,10982.2,0.0
2018-07-17 14:00:00,10982.5,11017.6,10982.1,11000.3999,0.0
2018-07-17 15:00:00,11001.5,11018.3999,10997.3999,11014.7,0.0
2018-07-18 09:00:00,11058.5,11076.2,11033.7999,11056.3999,0.0
2018-07-18 10:00:00,11056.1,11061.7999,11046.0,11046.6,0.0
2018-07-18 11:00:00,11046.3999,11058.8999,11040.2,11051.0,0.0
2018-07-18 12:00:00,11051.6,11055.8999,10956.2999,11003.1,0.0
2018-07-18 13:00:00,11003.1,11018.8999,10975.8999,10978.1,0.0
2018-07-18 14:00:00,10978.3999,10995.7,10959.2999,10980.6,0.0
2018-07-18 15:00:00,10980.8999,10989.8999,10968.2,10982.1,0.0
2018-07-19 09:00:00,11001.5,11006.5,10936.8999,10961.1,0.0
2018-07-19 10:00:00,10961.2999,10988.7999,10954.1,10988.7,0.0
2018-07-19 11:00:00,10988.5,10999.7999,10973.2,10975.0,0.0
2018-07-19 12:00:00,10974.8999,10991.1,10965.1,10977.3999,0.0
2018-07-19 13:00:00,10977.6,10979.1,10938.7,10958.5,0.0
2018-07-19 14:00:00,10958.2,10975.6,10937.7999,10939.2999,0.0
2018-07-19 15:00:00,10939.2999,10971.8999,10935.3999,10967.2999,0.0
2018-07-20 09:00:00,10964.7,10996.3999,10946.2,10994.0,0.0
2018-07-20 10:00:00,10993.5,11017.3999,10989.3999,11007.1,0.0
2018-07-20 11:00:00,11006.8999,11014.7999,10993.8999,11008.7,0.0
2018-07-20 12:00:00,11009.2999,11024.6,11003.7999,11007.7999,0.0
2018-07-20 13:00:00,11007.6,11010.1,10979.8999,10992.0,0.0
2018-07-20 14:00:00,10991.7999,11030.2,10988.2999,11016.2999,0.0
2018-07-20 15:00:00,11016.6,11021.3999,11003.5,11011.6,0.0
2018-07-23 09:00:00,11020.3999,11055.3999,11010.8999,11047.5,0.0
2018-07-23 10:00:00,11047.0,11051.7,11022.8999,11036.7999,0.0
2018-07-23 11:00:00,11037.0,11048.2,11026.7,11046.2,0.0
2018-07-23 12:00:00,11046.1,11048.7999,11023.6,11035.2999,0.0
2018-07-23 13:00:00,11035.6,11059.8999,11028.8999,11049.7,0.0
2018-07-23 14:00:00,11049.5,11079.7,11045.7,11076.2999,0.0
2018-07-23 15:00:00,11076.2,11093.3999,11074.1,11076.2,0.0
2018-07-24 09:00:00,11110.1,11140.8999,11103.5,11138.2999,0.0
2018-07-24 10:00:00,11137.7999,11143.3999,11125.8999,11132.1,0.0
2018-07-24 11:00:00,11132.2999,11142.6,11127.2,11141.2999,0.0
2018-07-24 12:00:00,11141.6,11142.7999,11092.5,11107.8999,0.0
2018-07-24 13:00:00,11108.7,11139.7999,11099.7999,11138.7999,0.0
2018-07-24 14:00:00,11139.0,11142.2999,11123.7,11129.2999,0.0
2018-07-24 15:00:00,11129.5,11140.8999,11124.7,11134.1,0.0
2018-07-25 09:00:00,11150.2,11153.0,11124.7999,11140.3999,0.0
2018-07-25 10:00:00,11139.7,11141.7,11118.2,11129.6,0.0
2018-07-25 11:00:00,11129.3999,11135.6,11120.2,11131.8999,0.0
2018-07-25 12:00:00,11132.2999,11153.1,11131.3999,11150.7,0.0
2018-07-25 13:00:00,11150.5,11157.1,11135.5,11149.2,0.0
2018-07-25 14:00:00,11149.2,11149.7999,11126.7,11146.8999,0.0
2018-07-25 15:00:00,11146.3999,11147.6,11113.2,11122.3999,0.0
2018-07-26 09:00:00,11138.2,11172.2,11129.7999,11160.7999,0.0
2018-07-26 10:00:00,11161.1,11178.8999,11157.8999,11178.2999,0.0
2018-07-26 11:00:00,11177.8999,11179.6,11157.7,11161.7,0.0
2018-07-26 12:00:00,11161.8999,11175.6,11161.7,11170.6,0.0
2018-07-26 13:00:00,11170.6,11178.0,11145.7999,11157.2999,0.0
2018-07-26 14:00:00,11157.2999,11160.5,11125.6,11152.8999,0.0
2018-07-26 15:00:00,11152.7999,11185.7999,11151.8999,11181.1,0.0
2018-07-27 09:00:00,11232.2999,11246.2,11210.2,11244.7,0.0
2018-07-27 10:00:00,11244.6,11252.7999,11231.3999,11250.6,0.0
2018-07-27 11:00:00,11249.6,11253.8999,11235.7,11240.8999,0.0
2018-07-27 12:00:00,11240.7999,11256.2999,11237.5,11253.2,0.0
2018-07-27 13:00:00,11252.3999,11261.5,11241.2,11255.0,0.0
2018-07-27 14:00:00,11255.8999,11281.7,11253.0,11280.2999,0.0
2018-07-27 15:00:00,11280.1,11283.2999,11268.7,11272.8999,0.0
2018-07-30 09:00:00,11297.7,11309.2999,11283.7,11297.0,0.0
2018-07-30 10:00:00,11297.1,11299.2,11261.3999,11274.0,0.0
2018-07-30 11:00:00,11273.7999,11292.2,11267.1,11286.8999,0.0
2018-07-30 12:00:00,11287.1,11299.1,11283.2,11292.2999,0.0
2018-07-30 13:00:00,11292.7,11318.3999,11288.7999,11312.2999,0.0
2018-07-30 14:00:00,11312.8999,11322.2999,11294.5,11321.1,0.0
2018-07-30 15:00:00,11322.0,11328.1,11310.6,11312.0,0.0
2018-07-31 09:00:00,11315.1,11315.2999,11284.1,11292.1,0.0
2018-07-31 10:00:00,11292.2999,11303.2999,11267.7,11281.7999,0.0
2018-07-31 11:00:00,11281.7,11293.2,11271.2999,11288.8999,0.0
2018-07-31 12:00:00,11288.7999,11310.0,11286.2999,11302.2,0.0
2018-07-31 13:00:00,11303.2,11309.5,11291.6,11302.8999,0.0
2018-07-31 14:00:00,11303.1,11336.1,11299.8999,11332.2999,0.0
2018-07-31 15:00:00,11332.0,11366.0,11331.7,11357.1,0.0
2018-08-01 09:00:00,11361.5,11386.8999,11358.6,11380.1,0.0
2018-08-01 10:00:00,11380.0,11390.5,11361.1,11363.2,0.0
2018-08-01 11:00:00,11363.1,11364.2999,11337.5,11349.5,0.0
2018-08-01 12:00:00,11349.3999,11367.8999,11348.5,11357.2,0.0
2018-08-01 13:00:00,11357.8999,11359.0,11335.2,11339.1,0.0
2018-08-01 14:00:00,11339.3999,11356.2,11313.5,11348.7,0.0
2018-08-01 15:00:00,11348.5,11373.1,11320.0,11322.7999,0.0
2018-08-02 09:00:00,11330.0,11332.2,11263.5,11266.6,0.0
2018-08-02 10:00:00,11266.3999,11297.1,11265.7999,11283.6,0.0
2018-08-02 11:00:00,11283.7,11292.8999,11273.7,11282.1,0.0
2018-08-02 12:00:00,11281.8999,11299.6,11281.6,11292.1,0.0
2018-08-02 13:00:00,11292.2,11293.7999,11267.6,11277.6,0.0
2018-08-02 14:00:00,11277.3999,11278.2999,11249.8999,11262.1,0.0
2018-08-02 15:00:00,11262.0,11262.3999,11234.8999,11239.7,0.0
2018-08-03 09:00:00,11292.7999,11333.7,11291.7999,11332.6,0.0
2018-08-03 10:00:00,11332.6,11336.1,11321.6,11328.7,0.0
2018-08-03 11:00:00,11329.2999,11330.2999,11315.5,11322.0,0.0
2018-08-03 12:00:00,11322.0,11329.3999,11316.7,11320.0,0.0
2018-08-03 13:00:00,11320.2,11341.1,11318.3999,11340.1,0.0
2018-08-03 14:00:00,11340.1,11358.2,11334.3999,11350.2,0.0
2018-08-03 15:00:00,11351.2,11368.0,11350.2,11362.6,0.0
2018-08-06 09:00:00,11402.6,11427.6,11388.7,11396.2,0.0
2018-08-06 10:00:00,11396.2,11409.0,11377.8999,11408.3999,0.0
2018-08-06 11:00:00,11408.7,11413.7999,11398.8999,11403.0,0.0
2018-08-06 12:00:00,11403.3999,11407.0,11385.6,11386.5,0.0
2018-08-06 13:00:00,11386.6,11403.7,11385.3999,11398.8999,0.0
2018-08-06 14:00:00,11399.2999,11405.2999,11370.6,11381.5,0.0
2018-08-06 15:00:00,11380.7,11396.2999,11380.2999,11390.0,0.0
2018-08-07 09:00:00,11423.7,11428.8999,11387.2999,11402.8999,0.0
2018-08-07 10:00:00,11403.7,11407.5,11377.2,11387.3999,0.0
2018-08-07 11:00:00,11387.2999,11391.2,11359.7,11378.2999,0.0
2018-08-07 12:00:00,11378.2,11398.2999,11376.8999,11393.2999,0.0
2018-08-07 13:00:00,11394.5,11413.3999,11383.2,11392.1,0.0
2018-08-07 14:00:00,11392.0,11409.2,11388.2999,11395.0,0.0
2018-08-07 15:00:00,11394.7,11398.2999,11378.7999,11389.5,0.0
2018-08-08 09:00:00,11414.2,11422.7999,11379.2999,11393.2,0.0
2018-08-08 10:00:00,11393.3999,11429.1,11391.2,11428.8999,0.0
2018-08-08 11:00:00,11428.7,11436.7,11423.0,11435.5,0.0
2018-08-08 12:00:00,11436.2999,11449.2999,11433.7999,11441.7999,0.0
2018-08-08 13:00:00,11441.7,11452.7999,11431.1,11437.5,0.0
2018-08-08 14:00:00,11437.5,11443.5,11414.5,11424.0,0.0
2018-08-08 15:00:00,11424.2,11459.8999,11424.0,11455.0,0.0
2018-08-09 09:00:00,11493.7999,11495.2,11463.3999,11470.2999,0.0
2018-08-09 10:00:00,11470.2999,11486.3999,11462.0,11464.1,0.0
2018-08-09 11:00:00,11464.6,11479.2999,11454.1,11476.5,0.0
2018-08-09 12:00:00,11476.2999,11490.7999,11461.1,11465.8999,0.0
2018-08-09 13:00:00,11465.8999,11482.7,11465.2,11475.2,0.0
2018-08-09 14:00:00,11475.5,11486.0,11466.7,11468.7,0.0
2018-08-09 15:00:00,11468.8999,11477.6,11463.5,11471.2,0.0
2018-08-10 09:00:00,11474.8999,11478.7,11437.8999,11445.7,0.0
2018-08-10 10:00:00,11445.5,11453.2999,11433.5,11442.8999,0.0
2018-08-10 11:00:00,11442.3999,11442.8999,11426.5,11435.3999,0.0
2018-08-10 12:00:00,11435.1,11446.7,11431.5,11441.3999,0.0
2018-08-10 13:00:00,11441.5,11450.7,11438.2,11443.2999,0.0
2018-08-10 14:00:00,11443.6,11463.3999,11420.8999,11423.7999,0.0
2018-08-10 15:00:00,11423.8999,11435.7999,11419.6,11421.7999,0.0
2018-08-13 09:00:00,11369.7,11370.7,11340.2999,11351.7999,0.0
2018-08-13 10:00:00,11351.5,11377.5,11350.1,11369.1,0.0
2018-08-13 11:00:00,11369.2999,11370.5,11353.1,11355.2999,0.0
2018-08-13 12:00:00,11356.2999,11399.3999,11355.0,11394.2999,0.0
2018-08-13 13:00:00,11396.0,11406.2,11385.0,11390.2999,0.0
2018-08-13 14:00:00,11390.7,11392.0,11354.7,11355.8999,0.0
2018-08-13 15:00:00,11356.7,11364.2999,11349.7999,11364.2,0.0
2018-08-14 09:00:00,11382.1,11409.8999,11370.7999,11400.7,0.0
2018-08-14 10:00:00,11400.2999,11419.2999,11395.7999,11406.8999,0.0
2018-08-14 11:00:00,11407.0,11417.5,11400.2,11414.7999,0.0
2018-08-14 12:00:00,11414.7999,11446.2999,11411.0,11435.2999,0.0
2018-08-14 13:00:00,11435.5,11452.3999,11435.1,11447.7,0.0
2018-08-14 14:00:00,11447.8999,11451.1,11430.6,11436.1,0.0
2018-08-14 15:00:00,11436.5,11441.0,11427.8999,11433.7999,0.0
2018-08-16 09:00:00,11401.5,11420.1,11376.8999,11417.0,0.0
2018-08-16 10:00:00,11417.5,11437.8999,11415.6,11432.3999,0.0
2018-08-16 11:00:00,11432.7999,11449.7999,11427.2999,11438.7999,0.0
2018-08-16 12:00:00,11438.3999,11439.2,11418.0,11426.7,0.0
2018-08-16 13:00:00,11426.6,11426.7,11389.7999,11393.2999,0.0
2018-08-16 14:00:00,11393.1,11410.5,11366.2,11387.2999,0.0
2018-08-16 15:00:00,11387.1,11395.0,11376.2,11391.5,0.0
2018-08-17 09:00:00,11436.6,11464.0,11431.7999,11458.0,0.0
2018-08-17 10:00:00,11457.8999,11474.7,11452.8999,11473.2,0.0
2018-08-17 11:00:00,11473.2999,11480.2,11470.2999,11473.2999,0.0
2018-08-17 12:00:00,11473.2999,11479.7999,11461.6,11468.2,0.0
2018-08-17 13:00:00,11468.2,11474.2,11457.8999,11469.8999,0.0
2018-08-17 14:00:00,11469.7,11486.3999,11465.8999,11475.7999,0.0
2018-08-17 15:00:00,11476.2999,11482.7999,11461.1,11465.2,0.0
2018-08-20 09:00:00,11501.7,11542.8999,11499.2,11534.2,0.0
2018-08-20 10:00:00,11534.1,11545.2999,11530.7,11537.2999,0.0
2018-08-20 11:00:00,11537.7,11545.2,11536.7,11543.3999,0.0
2018-08-20 12:00:00,11543.3999,11560.2,11541.2999,11555.7999,0.0
2018-08-20 13:00:00,11555.6,11562.8999,11551.6,11560.1,0.0
2018-08-20 14:00:00,11559.7999,11565.2999,11545.0,11553.2999,0.0
2018-08-20 15:00:00,11554.2999,11558.5,11543.7,11554.7999,0.0
2018-08-21 09:00:00,11575.8999,11581.7,11542.5,11554.5,0.0
2018-08-21 10:00:00,11554.7,11570.7,11554.1,11562.6,0.0
2018-08-21 11:00:00,11562.5,11564.1,11539.6,11548.7999,0.0
2018-08-21 12:00:00,11549.1,11569.1,11548.1,11564.5,0.0
2018-08-21 13:00:00,11564.6,11572.6,11555.8999,11556.2,0.0
2018-08-21 14:00:00,11557.1,11578.3999,11551.3999,11572.7999,0.0
2018-08-21 15:00:00,11572.7,11576.5,11565.2999,11570.3999,0.0
2018-08-23 09:00:00,11621.2999,11623.8999,11565.3999,11571.3999,0.0
2018-08-23 10:00:00,11571.2999,11577.5,11546.7,11564.2999,0.0
2018-08-23 11:00:00,11564.3999,11578.6,11554.3999,11577.2999,0.0
2018-08-23 12:00:00,11577.6,11581.6,11567.3999,11569.2999,0.0
2018-08-23 13:00:00,11569.6,11581.7,11566.1,11578.1,0.0
2018-08-23 14:00:00,11579.0,11594.2999,11573.2999,11579.8999,0.0
2018-08-23 15:00:00,11581.0,11589.6,11569.2,11579.7999,0.0
2018-08-24 09:00:00,11567.7999,11604.6,11558.6,11592.1,0.0
2018-08-24 10:00:00,11592.2,11594.2999,11554.1,11573.2999,0.0
2018-08-24 11:00:00,11573.0,11579.7,11562.6,11566.7,0.0
2018-08-24 12:00:00,11566.7999,11572.7,11532.0,11536.2,0.0
2018-08-24 13:00:00,11536.2,11565.2999,11535.7,11560.2,0.0
2018-08-24 14:00:00,11560.5,11569.8999,11542.2,11555.1,0.0
2018-08-24 15:00:00,11555.1,11562.1,11552.0,11556.2,0.0
2018-08-27 09:00:00,11608.2,11659.8999,11595.6,11657.2999,0.0
2018-08-27 10:00:00,11657.2,11662.8999,11651.7,11658.6,0.0
2018-08-27 11:00:00,11658.2999,11672.7,11656.7999,11672.0,0.0
2018-08-27 12:00:00,11672.0,11684.3999,11669.6,11678.3999,0.0
2018-08-27 13:00:00,11678.6,11695.2999,11677.0,11686.6,0.0
2018-08-27 14:00:00,11686.3999,11699.2999,11679.5,11694.1,0.0
2018-08-27 15:00:00,11695.3999,11700.8999,11685.2,11696.6,0.0
2018-08-28 09:00:00,11735.1,11760.1,11710.5,11724.2999,0.0
2018-08-28 10:00:00,11724.6,11739.0,11720.7,11736.3999,0.0
2018-08-28 11:00:00,11736.2999,11742.2999,11721.8999,11733.8999,0.0
2018-08-28 12:00:00,11733.7,11751.2,11726.0,11747.2999,0.0
2018-08-28 13:00:00,11747.0,11748.8999,11735.8999,11739.7,0.0
2018-08-28 14:00:00,11739.3999,11741.7999,11722.2999,11730.2,0.0
2018-08-28 15:00:00,11731.0,11745.6,11726.6,11743.6,0.0
2018-08-29 09:00:00,11747.6,11753.2,11715.7999,11742.1,0.0
2018-08-29 10:00:00,11741.6,11744.5,11725.2999,11739.1,0.0
2018-08-29 11:00:00,11739.0,11740.5,11724.1,11728.1,0.0
2018-08-29 12:00:00,11728.2,11732.8999,11710.8999,11719.0,0.0
2018-08-29 13:00:00,11719.1,11722.6,11703.2999,11713.0,0.0
2018-08-29 14:00:00,11712.7999,11728.6,11709.2,11717.1,0.0
2018-08-29 15:00:00,11717.2,11719.1,11678.7999,11688.8999,0.0
2018-08-30 09:00:00,11693.5,11698.7999,11664.7,11664.8999,0.0
2018-08-30 10:00:00,11665.0,11674.5,11656.7999,11670.7999,0.0
2018-08-30 11:00:00,11671.1,11677.6,11665.8999,11672.0,0.0
2018-08-30 12:00:00,11672.2999,11685.7999,11664.5,11670.5,0.0
2018-08-30 13:00:00,11670.5,11672.2999,11651.5,11661.3999,0.0
2018-08-30 14:00:00,11661.2,11666.6,11639.7,11662.0,0.0
2018-08-30 15:00:00,11661.6,11688.0,11660.2,11680.5,0.0
2018-08-31 09:00:00,11678.7,11727.6,11654.7999,11715.5,0.0
2018-08-31 10:00:00,11715.7,11724.6,11665.2999,11669.0,0.0
2018-08-31 11:00:00,11668.8999,11679.7,11643.2,11661.1,0.0
2018-08-31 12:00:00,11661.0,11673.7,11644.6,11645.1,0.0
2018-08-31 13:00:00,11645.0,11663.0,11640.1,11655.1,0.0
2018-08-31 14:00:00,11654.7,11677.1,11654.2,11669.2999,0.0
2018-08-31 15:00:00,11668.8999,11690.0,11667.2,11675.2999,0.0
2018-09-03 09:00:00,11755.7,11756.5,11680.6,11718.7,0.0
2018-09-03 10:00:00,11719.7999,11721.1,11699.7999,11703.2,0.0
2018-09-03 11:00:00,11703.1,11709.7999,11689.5,11707.3999,0.0
2018-09-03 12:00:00,11708.2,11710.2,11690.5,11693.7999,0.0
2018-09-03 13:00:00,11693.7999,11697.7999,11678.2999,11680.0,0.0
2018-09-03 14:00:00,11679.5,11680.1,11608.2,11608.8999,0.0
2018-09-03 15:00:00,11609.6,11609.8999,11567.3999,11570.2,0.0
2018-09-04 09:00:00,11600.1,11602.5,11532.0,11567.1,0.0
2018-09-04 10:00:00,11566.1,11582.1,11542.5,11549.0,0.0
2018-09-04 11:00:00,11548.2,11573.0,11547.2999,11568.2999,0.0
2018-09-04 12:00:00,11568.3999,11596.6,11559.2,11584.7999,0.0
2018-09-04 13:00:00,11584.6,11586.0,11525.6,11536.2999,0.0
2018-09-04 14:00:00,11536.2,11549.2999,11496.7999,11517.5,0.0
2018-09-04 15:00:00,11517.3999,11529.7999,11510.0,11522.2999,0.0
2018-09-05 09:00:00,11516.0,11542.6,11492.0,11504.0,0.0
2018-09-05 10:00:00,11504.0,11521.0,11489.3999,11495.3999,0.0
2018-09-05 11:00:00,11495.2999,11501.5,11469.2,11469.7999,0.0
2018-09-05 12:00:00,11470.1,11475.1,11412.3999,11416.1,0.0
2018-09-05 13:00:00,11415.7,11449.8999,11408.3999,11413.3999,0.0
2018-09-05 14:00:00,11413.2999,11464.2999,11393.7999,11449.7999,0.0
2018-09-05 15:00:00,11449.1,11489.6,11447.7,11470.5,0.0
2018-09-06 09:00:00,11518.1,11519.8999,11459.5,11508.5,0.0
2018-09-06 10:00:00,11508.2,11517.8999,11485.5,11515.3999,0.0
2018-09-06 11:00:00,11514.7999,11524.3999,11472.7999,11481.0,0.0
2018-09-06 12:00:00,11480.8999,11492.2,11436.1,11436.6,0.0
2018-09-06 13:00:00,11437.2,11507.8999,11436.0,11496.8999,0.0
2018-09-06 14:00:00,11497.0,11549.3999,11490.8999,11536.3999,0.0
2018-09-06 15:00:00,11536.0,11562.2,11516.2999,11519.1,0.0
2018-09-07 09:00:00,11564.6,11564.7,11484.3999,11521.7999,0.0
2018-09-07 10:00:00,11522.0,11566.2,11510.5,11557.7,0.0
2018-09-07 11:00:00,11557.8999,11566.3999,11533.6,11551.6,0.0
2018-09-07 12:00:00,11551.2999,11559.2999,11539.8999,11542.8999,0.0
2018-09-07 13:00:00,11543.1,11579.6,11542.3999,11569.2,0.0
2018-09-07 14:00:00,11569.2,11600.7999,11563.2999,11598.8999,0.0
2018-09-07 15:00:00,11599.7999,11603.0,11581.2999,11586.0,0.0
2018-09-10 09:00:00,11572.7,11573.0,11509.3999,11511.5,0.0
2018-09-10 10:00:00,11511.6,11527.1,11496.2999,11509.2,0.0
2018-09-10 11:00:00,11509.0,11513.2999,11481.1,11485.7,0.0
2018-09-10 12:00:00,11485.8999,11486.1,11452.8999,11468.5,0.0
2018-09-10 13:00:00,11468.6,11496.3999,11456.1,11486.0,0.0
2018-09-10 14:00:00,11487.7,11492.7999,11439.8999,11455.0,0.0
2018-09-10 15:00:00,11455.0,11457.3999,11427.2999,11437.2,0.0
2018-09-11 09:00:00,11476.3999,11479.3999,11415.8999,11441.7999,0.0
2018-09-11 10:00:00,11442.1,11448.2,11418.2,11435.5,0.0
2018-09-11 11:00:00,11435.2999,11442.6,11399.7999,11409.2,0.0
2018-09-11 12:00:00,11409.2,11435.1,11401.0,11417.5,0.0
2018-09-11 13:00:00,11417.3999,11424.1,11374.3999,11375.2999,0.0
2018-09-11 14:00:00,11375.3999,11379.1,11292.0,11294.8999,0.0
2018-09-11 15:00:00,11295.0,11306.2999,11274.0,11282.3999,0.0
2018-09-12 09:00:00,11337.6,11340.3999,11268.2999,11278.8999,0.0
2018-09-12 10:00:00,11279.2,11324.7999,11264.2,11310.2999,0.0
2018-09-12 11:00:00,11310.1,11322.3999,11293.3999,11300.1,0.0
2018-09-12 12:00:00,11300.0,11300.2,11250.1,11270.6,0.0
2018-09-12 13:00:00,11270.2999,11340.0,11256.5,11338.2999,0.0
2018-09-12 14:00:00,11338.5,11380.7,11336.7,11363.8999,0.0
2018-09-12 15:00:00,11363.7,11379.2,11347.3999,11370.7999,0.0
2018-09-14 09:00:00,11447.3999,11484.7999,11430.5,11452.2999,0.0
2018-09-14 10:00:00,11452.1,11464.8999,11449.6,11455.6,0.0
2018-09-14 11:00:00,11455.6,11466.5,11432.5,11445.7999,0.0
2018-09-14 12:00:00,11445.7,11467.6,11444.2999,11466.6,0.0
2018-09-14 13:00:00,11466.7,11494.5,11466.7,11486.2,0.0
2018-09-14 14:00:00,11485.8999,11499.1,11472.7,11490.2,0.0
2018-09-14 15:00:00,11490.6,11523.2,11489.8999,11510.7,0.0
2018-09-17 09:00:00,11465.2,11466.0,11401.2,11412.6,0.0
2018-09-17 10:00:00,11412.0,11422.3999,11381.2,11381.7999,0.0
2018-09-17 11:00:00,11381.2999,11414.7,11373.8999,11411.5,0.0
2018-09-17 12:00:00,11411.6,11418.8999,11398.2,11403.8999,0.0
2018-09-17 13:00:00,11405.2999,11414.3999,11377.5,11401.3999,0.0
2018-09-17 14:00:00,11402.1,11418.1,11372.5,11387.2,0.0
2018-09-17 15:00:00,11386.7,11395.2,11366.8999,11370.6,0.0
2018-09-18 09:00:00,11381.7,11411.3999,11359.7999,11378.0,0.0
2018-09-18 10:00:00,11377.7,11385.2999,11342.6,11345.1,0.0
2018-09-18 11:00:00,11345.2,11395.6,11335.6,11388.1,0.0
2018-09-18 12:00:00,11387.8999,11391.5,11360.2,11378.2999,0.0
2018-09-18 13:00:00,11379.7,11386.0,11348.3999,11355.8999,0.0
2018-09-18 14:00:00,11355.2,11366.7,11301.3999,11306.6,0.0
2018-09-18 15:00:00,11306.5,11307.7999,11268.8999,11282.7,0.0
2018-09-19 09:00:00,11325.8999,11329.3999,11280.2,11310.5,0.0
2018-09-19 10:00:00,11310.3999,11332.0,11299.8999,11310.2999,0.0
2018-09-19 11:00:00,11310.2,11324.8999,11302.7,11320.7,0.0
2018-09-19 12:00:00,11320.2,11325.3999,11284.8999,11285.0,0.0
2018-09-19 13:00:00,11285.2,11297.2,11259.1,11279.1,0.0
2018-09-19 14:00:00,11279.1,11281.7999,11210.8999,11251.2,0.0
2018-09-19 15:00:00,11250.8999,11257.5,11219.5,11237.5,0.0
2018-09-21 09:00:00,11265.7,11346.7999,11263.6,11339.3999,0.0
2018-09-21 10:00:00,11339.2999,11343.2999,11305.0,11320.1,0.0
2018-09-21 11:00:00,11320.5,11335.6,11278.8999,11285.8999,0.0
2018-09-21 12:00:00,11285.3999,11304.2,11144.6,11153.3999,0.0
2018-09-21 13:00:00,11152.7999,11191.2999,10866.3999,11143.1,0.0
2018-09-21 14:00:00,11143.1,11143.8999,11007.2,11113.8999,0.0
2018-09-21 15:00:00,11113.2999,11178.2999,11110.0,11161.2999,0.0
2018-09-24 09:00:00,11165.5,11170.1,11063.2999,11079.6,0.0
2018-09-24 10:00:00,11079.8999,11108.7999,11040.6,11090.8999,0.0
2018-09-24 11:00:00,11091.5,11094.2,11018.0,11031.7,0.0
2018-09-24 12:00:00,11031.1,11035.7999,10946.0,11013.7999,0.0
2018-09-24 13:00:00,11014.2999,11019.3999,10952.6,10960.5,0.0
2018-09-24 14:00:00,10959.7999,11014.0,10943.6,11003.7999,0.0
2018-09-24 15:00:00,11002.2999,11007.7,10951.2,10974.8999,0.0
2018-09-25 09:00:00,10972.0,10981.5,10882.7999,10959.7,0.0
2018-09-25 10:00:00,10959.1,11026.1,10928.7999,11016.8999,0.0
2018-09-25 11:00:00,11016.7999,11049.2999,10969.6,10986.8999,0.0
2018-09-25 12:00:00,10987.3999,11037.8999,10983.1,11017.2,0.0
2018-09-25 13:00:00,11017.2,11032.5,10913.6,10929.6,0.0
2018-09-25 14:00:00,10930.2999,11043.7,10909.7999,11033.2999,0.0
2018-09-25 15:00:00,11033.1,11080.6,11032.1,11078.0,0.0
2018-09-26 09:00:00,11144.1,11145.5,11060.8999,11087.1,0.0
2018-09-26 10:00:00,11087.3999,11100.2,11043.2,11055.0,0.0
2018-09-26 11:00:00,11054.7999,11065.2999,11007.1,11021.3999,0.0
2018-09-26 12:00:00,11021.1,11055.0,11013.5,11015.2999,0.0
2018-09-26 13:00:00,11015.3999,11031.7999,10993.0,11025.5,0.0
2018-09-26 14:00:00,11025.6,11062.1,11007.7999,11040.0,0.0
2018-09-26 15:00:00,11039.6,11070.7999,11032.7,11047.5,0.0
2018-09-27 09:00:00,11087.2,11089.3999,11042.3999,11062.1,0.0
2018-09-27 10:00:00,11061.2999,11063.8999,11024.2,11030.5,0.0
2018-09-27 11:00:00,11030.5,11034.1,11003.3999,11016.8999,0.0
2018-09-27 12:00:00,11017.6,11037.2,10982.7999,10992.1,0.0
2018-09-27 13:00:00,10992.1,11002.8999,10957.7999,10988.2999,0.0
2018-09-27 14:00:00,10988.3999,11005.8999,10953.2999,10973.7999,0.0
2018-09-27 15:00:00,10975.2,10997.0,10962.2,10986.7999,0.0
2018-09-28 09:00:00,11008.5,11034.1,10920.7,10962.5,0.0
2018-09-28 10:00:00,10962.6,10997.0,10928.7,10976.1,0.0
2018-09-28 11:00:00,10975.6,11033.1,10972.6,11013.2999,0.0
2018-09-28 12:00:00,11013.8999,11020.0,10959.5,10983.2,0.0
2018-09-28 13:00:00,10983.3999,10999.5,10922.8999,10934.5,0.0
2018-09-28 14:00:00,10936.2,10936.7,10850.2999,10872.2999,0.0
2018-09-28 15:00:00,10872.2,10960.0,10871.6,10934.0,0.0
2018-10-01 09:00:00,10931.7999,10932.7999,10855.6,10883.5,0.0
2018-10-01 10:00:00,10883.2999,10899.7,10869.6,10881.6,0.0
2018-10-01 11:00:00,10881.6,10881.7,10821.5,10835.1,0.0
2018-10-01 12:00:00,10835.1,10898.8999,10834.1,10884.0,0.0
2018-10-01 13:00:00,10885.0,10927.3999,10862.8999,10915.3999,0.0
2018-10-01 14:00:00,10917.7999,10986.6,10901.7,10974.7999,0.0
2018-10-01 15:00:00,10975.1,11035.6,10974.3999,11014.8999,0.0
2018-10-03 09:00:00,10986.8999,10987.0,10910.0,10918.7999,0.0
2018-10-03 10:00:00,10919.1,10944.2,10900.2999,10928.5,0.0
2018-10-03 11:00:00,10928.7999,10956.5,10904.2,10953.2,0.0
2018-10-03 12:00:00,10953.2999,10989.0,10937.7,10948.5,0.0
2018-10-03 13:00:00,10949.2,10971.2999,10927.0,10942.6,0.0
2018-10-03 14:00:00,10941.2,10968.0,10863.2,10863.7,0.0
2018-10-03 15:00:00,10863.7999,10879.7,10843.7,10851.5,0.0
2018-10-04 09:00:00,10762.2999,10762.7,10663.6,10696.5,0.0
2018-10-04 10:00:00,10696.1,10697.1,10641.7999,10670.8999,0.0
2018-10-04 11:00:00,10670.6,10679.1,10591.2999,10600.2,0.0
2018-10-04 12:00:00,10600.1,10668.0,10591.1,10632.8999,0.0
2018-10-04 13:00:00,10634.1,10637.2,10570.5,10583.6,0.0
2018-10-04 14:00:00,10583.0,10675.7999,10576.0,10640.1,0.0
2018-10-04 15:00:00,10639.7999,10657.7,10547.2,10548.1,0.0
2018-10-05 09:00:00,10516.1,10540.6,10447.8999,10507.5,0.0
2018-10-05 10:00:00,10507.7,10511.6,10445.1,10476.6,0.0
2018-10-05 11:00:00,10476.7999,10490.7,10435.7,10453.0,0.0
2018-10-05 12:00:00,10454.0,10463.7999,10420.7999,10433.7999,0.0
2018-10-05 13:00:00,10433.2,10435.2999,10405.6,10424.0,0.0
2018-10-05 14:00:00,10424.2999,10481.2,10375.6,10431.0,0.0
2018-10-05 15:00:00,10432.5,10434.6,10261.8999,10263.1,0.0
2018-10-08 09:00:00,10311.2,10323.3999,10201.8999,10315.7999,0.0
2018-10-08 10:00:00,10317.5,10359.8999,10289.7999,10353.2,0.0
2018-10-08 11:00:00,10353.5,10398.2999,10348.2999,10358.2999,0.0
2018-10-08 12:00:00,10358.8999,10367.3999,10313.3999,10347.5,0.0
2018-10-08 13:00:00,10347.5,10356.2999,10263.1,10282.7,0.0
2018-10-08 14:00:00,10283.0,10284.5,10198.3999,10272.0,0.0
2018-10-08 15:00:00,10271.7999,10386.3999,10264.2999,10352.3999,0.0
2018-10-09 09:00:00,10395.0,10397.6,10319.7,10330.7999,0.0
2018-10-09 10:00:00,10331.2999,10365.7999,10292.7999,10302.3999,0.0
2018-10-09 11:00:00,10302.7999,10354.2,10301.6,10321.2999,0.0
2018-10-09 12:00:00,10321.7999,10334.7,10279.2999,10305.6,0.0
2018-10-09 13:00:00,10305.2,10346.8999,10294.8999,10311.6,0.0
2018-10-09 14:00:00,10311.0,10392.6,10302.7999,10330.6,0.0
2018-10-09 15:00:00,10329.7,10337.6,10279.3999,10292.2999,0.0
2018-10-10 09:00:00,10336.7,10400.0,10318.2,10399.2,0.0
2018-10-10 10:00:00,10399.7999,10445.1,10379.7,10430.2,0.0
2018-10-10 11:00:00,10430.0,10455.6,10407.7,10426.7999,0.0
2018-10-10 12:00:00,10427.0,10456.7,10416.1,10426.2,0.0
2018-10-10 13:00:00,10426.7999,10479.6,10418.7,10453.2,0.0
2018-10-10 14:00:00,10453.6,10482.2999,10440.2,10470.8999,0.0
2018-10-10 15:00:00,10471.5,10476.6,10447.7,10461.8999,0.0
2018-10-11 09:00:00,10173.1,10219.5,10138.5,10187.0,0.0
2018-10-11 10:00:00,10187.1,10210.0,10176.2999,10195.5,0.0
2018-10-11 11:00:00,10196.0,10248.2999,10185.8999,10247.7,0.0
2018-10-11 12:00:00,10249.7,10330.3999,10231.8999,10314.7999,0.0
2018-10-11 13:00:00,10315.0,10335.8999,10271.3999,10285.7,0.0
2018-10-11 14:00:00,10285.6,10300.5,10187.1,10251.8999,0.0
2018-10-11 15:00:00,10250.5,10255.8999,10209.0,10248.2999,0.0
2018-10-12 09:00:00,10336.7999,10414.7,10322.1,10412.1,0.0
2018-10-12 10:00:00,10412.7999,10449.1,10407.2999,10430.0,0.0
2018-10-12 11:00:00,10429.5,10459.0,10428.0,10456.3999,0.0
2018-10-12 12:00:00,10456.8999,10470.8999,10438.3999,10464.3999,0.0
2018-10-12 13:00:00,10463.8999,10488.3999,10443.8999,10466.2999,0.0
2018-10-12 14:00:00,10466.5,10492.3999,10440.6,10459.0,0.0
2018-10-12 15:00:00,10458.7999,10483.8999,10458.6,10464.2999,0.0
2018-10-15 09:00:00,10529.1,10533.7,10425.2999,10434.3999,0.0
2018-10-15 10:00:00,10433.5,10454.7999,10419.0,10424.5,0.0
2018-10-15 11:00:00,10425.0,10436.7,10410.1,10436.0,0.0
2018-10-15 12:00:00,10435.6,10479.7999,10428.2,10479.2999,0.0
2018-10-15 13:00:00,10479.3999,10526.2999,10449.2,10459.5,0.0
2018-10-15 14:00:00,10458.1,10511.1,10451.0,10503.2,0.0
2018-10-15 15:00:00,10502.6,10524.7999,10491.2999,10517.0,0.0
2018-10-16 09:00:00,10551.3999,10587.3999,10525.2999,10580.6,0.0
2018-10-16 10:00:00,10580.2,10604.8999,10573.1,10584.8999,0.0
2018-10-16 11:00:00,10585.6,10598.2,10553.8999,10564.7,0.0
2018-10-16 12:00:00,10564.8999,10588.6,10537.5,10588.5,0.0
2018-10-16 13:00:00,10589.0,10592.1,10568.0,10589.1,0.0
2018-10-16 14:00:00,10590.2999,10597.2999,10564.7,10565.3999,0.0
2018-10-16 15:00:00,10565.7999,10594.0,10565.2999,10575.5,0.0
2018-10-17 09:00:00,10683.5,10710.1,10626.8999,10631.6,0.0
2018-10-17 10:00:00,10630.5,10654.5,10608.0,10617.1,0.0
2018-10-17 11:00:00,10617.1,10617.2999,10566.6,10595.1,0.0
2018-10-17 12:00:00,10595.7,10615.8999,10580.6,10590.7,0.0
2018-10-17 13:00:00,10590.3999,10590.7,10532.0,10548.2,0.0
2018-10-17 14:00:00,10548.7,10549.5,10471.3999,10491.7,0.0
2018-10-17 15:00:00,10492.6,10493.3999,10436.3999,10460.0,0.0
2018-10-19 09:00:00,10342.5,10380.1,10304.6,10341.6,0.0
2018-10-19 10:00:00,10341.7999,10368.2,10293.7,10307.2,0.0
2018-10-19 11:00:00,10306.2,10352.5,10290.7,10338.1,0.0
2018-10-19 12:00:00,10338.8999,10349.7,10308.1,10335.2999,0.0
2018-10-19 13:00:00,10335.2,10339.5,10250.2999,10251.1,0.0
2018-10-19 14:00:00,10251.7,10320.8999,10249.6,10275.0,0.0
2018-10-19 15:00:00,10275.3999,10321.2999,10274.8999,10319.3999,0.0
2018-10-22 09:00:00,10403.0,10409.2999,10289.6,10320.5,0.0
2018-10-22 10:00:00,10320.7,10350.7999,10309.6,10314.1,0.0
2018-10-22 11:00:00,10314.2999,10347.3999,10307.2999,10342.2999,0.0
2018-10-22 12:00:00,10342.5,10366.7999,10323.2,10331.2,0.0
2018-10-22 13:00:00,10331.2999,10344.2,10299.0,10325.0,0.0
2018-10-22 14:00:00,10327.5,10335.6,10277.2,10280.2,0.0
2018-10-22 15:00:00,10280.0,10280.5,10224.0,10253.0,0.0
2018-10-23 09:00:00,10155.5,10204.6,10152.2,10193.6,0.0
2018-10-23 10:00:00,10194.3999,10222.1,10182.2,10190.3999,0.0
2018-10-23 11:00:00,10190.7999,10199.8999,10170.3999,10182.0,0.0
2018-10-23 12:00:00,10182.2999,10197.3999,10160.2999,10161.3999,0.0
2018-10-23 13:00:00,10163.8999,10181.0,10103.8999,10116.5,0.0
2018-10-23 14:00:00,10117.7,10168.6,10102.2999,10111.5,0.0
2018-10-23 15:00:00,10111.8999,10189.8999,10108.7,10184.1,0.0
2018-10-24 09:00:00,10273.8999,10290.6,10208.7,10215.1,0.0
2018-10-24 10:00:00,10215.0,10228.2999,10167.2999,10172.5,0.0
2018-10-24 11:00:00,10171.3999,10197.7999,10159.7999,10197.2999,0.0
2018-10-24 12:00:00,10197.5,10212.1,10183.5,10184.0,0.0
2018-10-24 13:00:00,10184.7999,10224.6,10159.0,10165.3999,0.0
2018-10-24 14:00:00,10165.2,10221.2999,10126.7,10209.2999,0.0
2018-10-24 15:00:00,10210.2999,10245.1,10188.2,10239.8999,0.0
2018-10-25 09:00:00,10136.2999,10159.5,10117.3999,10126.7999,0.0
2018-10-25 10:00:00,10126.7,10139.3999,10079.2999,10103.7999,0.0
2018-10-25 11:00:00,10103.7999,10135.1,10090.2,10123.7999,0.0
2018-10-25 12:00:00,10124.3999,10132.7999,10093.2999,10130.1,0.0
2018-10-25 13:00:00,10131.3999,10166.5,10125.7999,10139.3999,0.0
2018-10-25 14:00:00,10139.1,10159.7,10118.2999,10144.2999,0.0
2018-10-25 15:00:00,10143.5,10145.8999,10110.7999,10139.5,0.0
2018-10-26 09:00:00,10127.3999,10127.6,10004.5,10044.6,0.0
2018-10-26 10:00:00,10044.8999,10111.2999,10033.3999,10075.6,0.0
2018-10-26 11:00:00,10075.7999,10090.2,10057.0,10084.3999,0.0
2018-10-26 12:00:00,10084.5,10128.7999,10074.2999,10094.7,0.0
2018-10-26 13:00:00,10094.2,10100.7,10049.8999,10086.8999,0.0
2018-10-26 14:00:00,10086.6,10109.1,10032.3999,10052.2,0.0
2018-10-26 15:00:00,10052.2,10052.6,10011.6,10012.6,0.0
2018-10-29 09:00:00,10072.1,10088.0,10020.2999,10078.0,0.0
2018-10-29 10:00:00,10077.8999,10102.1,10058.8999,10086.8999,0.0
2018-10-29 11:00:00,10086.6,10111.3999,10073.8999,10108.8999,0.0
2018-10-29 12:00:00,10108.7999,10161.0,10099.8999,10146.5,0.0
2018-10-29 13:00:00,10146.2,10200.2,10145.6,10166.1,0.0
2018-10-29 14:00:00,10166.3999,10213.8999,10150.0,10211.7,0.0
2018-10-29 15:00:00,10213.7,10275.2999,10212.2999,10251.0,0.0
2018-10-30 09:00:00,10239.5,10259.3999,10206.2,10254.1,0.0
2018-10-30 10:00:00,10254.1,10285.1,10251.8999,10258.8999,0.0
2018-10-30 11:00:00,10258.6,10269.2,10217.5,10247.6,0.0
2018-10-30 12:00:00,10247.7999,10255.0,10206.3999,10229.7999,0.0
2018-10-30 13:00:00,10230.2,10254.2999,10220.3999,10247.1,0.0
2018-10-30 14:00:00,10246.5,10247.2,10175.2999,10198.6,0.0
2018-10-30 15:00:00,10198.8999,10207.8999,10185.8999,10189.8999,0.0
2018-10-31 09:00:00,10213.2999,10246.0,10122.7,10140.3999,0.0
2018-10-31 10:00:00,10140.5,10155.0,10105.1,10142.7,0.0
2018-10-31 11:00:00,10142.7,10205.6,10139.1,10189.0,0.0
2018-10-31 12:00:00,10189.0,10259.2999,10188.6,10240.5,0.0
2018-10-31 13:00:00,10239.8999,10309.3999,10224.3999,10301.5,0.0
2018-10-31 14:00:00,10301.6,10366.8999,10300.6,10362.1,0.0
2018-10-31 15:00:00,10362.1,10396.0,10360.2,10363.5,0.0
2018-11-01 09:00:00,10443.5,10444.1,10359.6,10369.0,0.0
2018-11-01 10:00:00,10369.5,10413.8999,10357.7,10373.7,0.0
2018-11-01 11:00:00,10373.6,10385.1,10341.7999,10352.5,0.0
2018-11-01 12:00:00,10351.8999,10382.3999,10342.8999,10382.2999,0.0
2018-11-01 13:00:00,10382.5,10406.7,10371.6,10404.1,0.0
2018-11-01 14:00:00,10406.2,10418.1,10359.5,10389.3999,0.0
2018-11-01 15:00:00,10391.6,10400.2999,10369.7999,10381.0,0.0
2018-11-02 09:00:00,10465.7999,10535.6,10457.7,10529.0,0.0
2018-11-02 10:00:00,10529.1,10569.0,10521.8999,10548.7999,0.0
2018-11-02 11:00:00,10548.8999,10584.2,10542.8999,10564.0,0.0
2018-11-02 12:00:00,10563.6,10569.8999,10550.2,10568.5,0.0
2018-11-02 13:00:00,10568.5,10602.7999,10564.0,10598.5,0.0
2018-11-02 14:00:00,10599.7999,10606.8999,10527.0,10544.2,0.0
2018-11-02 15:00:00,10545.7999,10566.0,10540.7,10557.0,0.0
2018-11-05 09:00:00,10560.1,10560.1,10498.2999,10534.7,0.0
2018-11-05 10:00:00,10535.0,10546.3999,10502.1,10504.5,0.0
2018-11-05 11:00:00,10504.5,10511.8999,10477.0,10497.1,0.0
2018-11-05 12:00:00,10496.6,10520.8999,10487.5,10507.2999,0.0
2018-11-05 13:00:00,10506.1,10517.5,10479.2999,10496.3999,0.0
2018-11-05 14:00:00,10498.2999,10510.0,10479.2999,10486.1,0.0
2018-11-05 15:00:00,10486.2,10537.2,10485.7999,10528.5,0.0
2018-11-06 09:00:00,10553.5,10600.2,10543.2,10570.6,0.0
2018-11-06 10:00:00,10570.7,10576.0,10545.7999,10552.6,0.0
2018-11-06 11:00:00,10552.7,10562.3999,10539.2999,10560.2,0.0
2018-11-06 12:00:00,10560.1,10577.7999,10551.0,10564.7,0.0
2018-11-06 13:00:00,10565.0,10583.1,10506.5,10523.7,0.0
2018-11-06 14:00:00,10525.8999,10533.2999,10491.3999,10515.6,0.0
2018-11-06 15:00:00,10515.2999,10539.6,10514.8999,10520.7999,0.0
2018-11-09 09:00:00,10616.7999,10616.7999,10544.7999,10576.2999,0.0
2018-11-09 10:00:00,10576.2999,10615.0,10575.0,10612.5,0.0
2018-11-09 11:00:00,10612.8999,10619.5,10596.2999,10612.1,0.0
2018-11-09 12:00:00,10612.0,10614.2,10578.1,10589.2999,0.0
2018-11-09 13:00:00,10589.2,10593.6,10565.2999,10566.5,0.0
2018-11-09 14:00:00,10566.0,10592.5,10563.0,10581.7,0.0
2018-11-09 15:00:00,10582.1,10600.6,10576.0,10581.6,0.0
2018-11-12 09:00:00,10606.6,10645.5,10603.0,10610.1,0.0
2018-11-12 10:00:00,10609.6,10614.2999,10571.5,10582.8999,0.0
2018-11-12 11:00:00,10582.2999,10604.6,10577.3999,10586.1,0.0
2018-11-12 12:00:00,10585.1,10588.2999,10570.1,10576.1,0.0
2018-11-12 13:00:00,10576.3999,10582.2999,10521.5,10524.0,0.0
2018-11-12 14:00:00,10524.7,10529.7999,10501.3999,10508.3999,0.0
2018-11-12 15:00:00,10507.7,10509.2999,10464.0,10480.2,0.0
2018-11-13 09:00:00,10452.2,10503.6,10440.5,10479.6,0.0
2018-11-13 10:00:00,10480.0,10492.6,10456.7,10475.8999,0.0
2018-11-13 11:00:00,10475.0,10499.6,10460.2,10491.2999,0.0
2018-11-13 12:00:00,10491.2,10512.2999,10486.1,10503.3999,0.0
2018-11-13 13:00:00,10503.3999,10563.7,10503.2,10562.0,0.0
2018-11-13 14:00:00,10562.3999,10576.2999,10551.7999,10557.6,0.0
2018-11-13 15:00:00,10557.8999,10596.2,10557.7999,10580.3999,0.0
2018-11-14 09:00:00,10635.1,10651.5,10577.3999,10578.6,0.0
2018-11-14 10:00:00,10578.1,10608.5,10559.2,10607.0,0.0
2018-11-14 11:00:00,10607.2999,10617.3999,10591.7,10611.6,0.0
2018-11-14 12:00:00,10611.0,10629.8999,10598.3999,10604.2,0.0
2018-11-14 13:00:00,10604.7,10605.6,10567.6,10569.8999,0.0
2018-11-14 14:00:00,10569.7,10589.2,10532.7,10588.0,0.0
2018-11-14 15:00:00,10587.7999,10597.3999,10564.8999,10567.8999,0.0
2018-11-15 09:00:00,10578.2,10607.7999,10557.3999,10582.7,0.0
2018-11-15 10:00:00,10582.6,10606.8999,10567.1,10595.6,0.0
2018-11-15 11:00:00,10595.7999,10624.8999,10586.5,10613.5,0.0
2018-11-15 12:00:00,10613.3999,10624.7999,10601.7,10622.8999,0.0
2018-11-15 13:00:00,10622.8999,10646.5,10619.1,10638.7999,0.0
2018-11-15 14:00:00,10640.3999,10645.2999,10605.2999,10630.0,0.0
2018-11-15 15:00:00,10630.2999,10634.2999,10598.8999,10601.6,0.0
2018-11-16 09:00:00,10646.2,10689.1,10633.7999,10685.2,0.0
2018-11-16 10:00:00,10685.2999,10695.1,10658.1,10658.3999,0.0
2018-11-16 11:00:00,10658.5,10675.8999,10641.8999,10664.8999,0.0
2018-11-16 12:00:00,10664.8999,10681.6,10657.2999,10671.1,0.0
2018-11-16 13:00:00,10670.6,10690.3999,10656.0,10665.5,0.0
2018-11-16 14:00:00,10666.0,10670.7999,10631.1,10655.6,0.0
2018-11-16 15:00:00,10655.1,10690.1,10654.1,10679.6,0.0
2018-11-19 09:00:00,10729.2999,10732.2,10691.8999,10707.1,0.0
2018-11-19 10:00:00,10708.0,10712.6,10688.7999,10702.2,0.0
2018-11-19 11:00:00,10701.7999,10709.2,10695.0,10708.6,0.0
2018-11-19 12:00:00,10707.8999,10716.1,10702.3999,10710.0,0.0
2018-11-19 13:00:00,10710.2999,10728.7,10705.1,10724.2999,0.0
2018-11-19 14:00:00,10724.3999,10749.5,10711.8999,10743.2,0.0
2018-11-19 15:00:00,10743.7999,10774.7,10742.7999,10770.8999,0.0
2018-11-20 09:00:00,10741.2,10741.7,10710.7,10731.7,0.0
2018-11-20 10:00:00,10731.2,10736.0,10706.2999,10715.8999,0.0
2018-11-20 11:00:00,10715.7,10719.2999,10700.8999,10717.7999,0.0
2018-11-20 12:00:00,10717.3999,10723.2999,10696.2999,10703.1,0.0
2018-11-20 13:00:00,10703.2999,10710.6,10677.2999,10684.2999,0.0
2018-11-20 14:00:00,10684.6,10688.2,10640.7999,10643.5,0.0
2018-11-20 15:00:00,10643.2999,10671.5,10642.7999,10648.0,0.0
2018-11-21 09:00:00,10669.2,10671.2999,10601.7999,10607.7999,0.0
2018-11-21 10:00:00,10608.2999,10615.3999,10562.2999,10574.5,0.0
2018-11-21 11:00:00,10573.7999,10588.3999,10564.1,10582.0,0.0
2018-11-21 12:00:00,10582.2999,10609.7999,10572.6,10584.2999,0.0
2018-11-21 13:00:00,10584.2999,10608.2,10577.2999,10603.2,0.0
2018-11-21 14:00:00,10603.2999,10634.1,10597.1,10607.7,0.0
2018-11-21 15:00:00,10608.1,10611.7999,10589.1,10605.6,0.0
2018-11-22 09:00:00,10614.5,10646.2,10605.6,10636.2,0.0
2018-11-22 10:00:00,10636.5,10641.7999,10609.8999,10617.5,0.0
2018-11-22 11:00:00,10616.8999,10625.8999,10605.8999,10611.3999,0.0
2018-11-22 12:00:00,10611.3999,10631.8999,10605.2,10609.2999,0.0
2018-11-22 13:00:00,10609.5,10609.7999,10552.5,10568.6,0.0
2018-11-22 14:00:00,10567.8999,10584.1,10530.7,10535.5,0.0
2018-11-22 15:00:00,10536.5,10548.3999,10512.0,10522.0,0.0
2018-11-26 09:00:00,10570.5,10584.8999,10526.1,10538.6,0.0
2018-11-26 10:00:00,10538.6,10548.1,10511.7,10525.2,0.0
2018-11-26 11:00:00,10525.8999,10531.1,10489.7,10509.6,0.0
2018-11-26 12:00:00,10508.8999,10559.6,10499.2999,10548.7999,0.0
2018-11-26 13:00:00,10549.2999,10593.7,10538.7,10581.2999,0.0
2018-11-26 14:00:00,10580.8999,10637.0,10580.5,10623.0,0.0
2018-11-26 15:00:00,10623.0,10637.7999,10613.6,10631.7999,0.0
2018-11-27 09:00:00,10620.6,10635.7999,10607.7999,10614.2,0.0
2018-11-27 10:00:00,10614.3999,10641.3999,10596.2999,10626.1,0.0
2018-11-27 11:00:00,10626.3999,10632.2999,10602.8999,10606.2999,0.0
2018-11-27 12:00:00,10606.5,10624.8999,10598.2,10606.5,0.0
2018-11-27 13:00:00,10606.1,10677.0,10604.2999,10661.5,0.0
2018-11-27 14:00:00,10661.3999,10692.5,10628.7,10688.6,0.0
2018-11-27 15:00:00,10689.0,10695.1,10677.5,10684.1,0.0
2018-11-28 09:00:00,10706.8999,10739.3999,10699.7999,10731.5,0.0
2018-11-28 10:00:00,10731.6,10742.3999,10718.5,10726.3999,0.0
2018-11-28 11:00:00,10726.3999,10745.0,10722.7999,10742.5,0.0
2018-11-28 12:00:00,10742.3999,10757.7999,10737.7,10739.0,0.0
2018-11-28 13:00:00,10739.2,10752.6,10727.2999,10744.6,0.0
2018-11-28 14:00:00,10745.0,10750.1,10715.1,10735.5,0.0
2018-11-28 15:00:00,10735.8999,10744.2999,10717.7,10722.7,0.0
2018-11-29 09:00:00,10810.6,10813.6,10782.2999,10803.2,0.0
2018-11-29 10:00:00,10803.6,10836.1,10798.8999,10826.5,0.0
2018-11-29 11:00:00,10826.5,10836.2999,10814.0,10824.7,0.0
2018-11-29 12:00:00,10824.8999,10839.7,10816.1,10838.6,0.0
2018-11-29 13:00:00,10838.5,10847.2999,10829.5,10842.3999,0.0
2018-11-29 14:00:00,10842.7999,10880.5,10842.3999,10877.8999,0.0
2018-11-29 15:00:00,10878.1,10883.0,10846.8999,10875.7,0.0
2018-11-30 09:00:00,10897.0,10922.3999,10882.3999,10895.8999,0.0
2018-11-30 10:00:00,10895.5,10914.0,10891.1,10897.3999,0.0
2018-11-30 11:00:00,10897.2,10909.7999,10864.3999,10877.5,0.0
2018-11-30 12:00:00,10877.5,10881.1,10850.7,10865.1,0.0
2018-11-30 13:00:00,10865.1,10866.6,10839.5,10848.8999,0.0
2018-11-30 14:00:00,10849.1,10877.1,10835.1,10856.0,0.0
2018-11-30 15:00:00,10856.2,10891.0,10855.8999,10882.6,0.0
2018-12-03 09:00:00,10935.7,10941.2,10899.7999,10918.1,0.0
2018-12-03 10:00:00,10917.7,10925.8999,10898.7,10900.2999,0.0
2018-12-03 11:00:00,10900.3999,10902.2,10856.2999,10868.2999,0.0
2018-12-03 12:00:00,10868.0,10870.5,10845.2999,10849.2,0.0
2018-12-03 13:00:00,10848.8999,10894.8999,10845.8999,10889.2999,0.0
2018-12-03 14:00:00,10890.0,10891.0,10860.6,10878.3999,0.0
2018-12-03 15:00:00,10878.6,10892.0,10873.3999,10890.2,0.0
2018-12-04 09:00:00,10877.1,10890.8999,10845.7,10859.7,0.0
2018-12-04 10:00:00,10859.7999,10872.7999,10845.3999,10850.8999,0.0
2018-12-04 11:00:00,10850.5,10855.7999,10833.2999,10847.3999,0.0
2018-12-04 12:00:00,10847.5,10867.0,10846.8999,10857.2999,0.0
2018-12-04 13:00:00,10857.2,10882.8999,10843.8999,10872.8999,0.0
2018-12-04 14:00:00,10872.5,10881.7,10862.0,10868.8999,0.0
2018-12-04 15:00:00,10868.8999,10875.2,10863.0,10870.1,0.0
2018-12-05 09:00:00,10822.5,10823.1,10785.7999,10786.8999,0.0
2018-12-05 10:00:00,10786.8999,10809.5,10786.1,10794.2999,0.0
2018-12-05 11:00:00,10794.7999,10798.0,10781.3999,10790.7999,0.0
2018-12-05 12:00:00,10791.1,10809.2,10790.0,10795.1,0.0
2018-12-05 13:00:00,10795.2999,10799.7,10777.8999,10779.2,0.0
2018-12-05 14:00:00,10779.1,10800.2999,10747.8999,10761.8999,0.0
2018-12-05 15:00:00,10763.5,10794.1,10757.7,10789.6,0.0
2018-12-06 09:00:00,10718.6,10722.6,10657.2,10663.7999,0.0
2018-12-06 10:00:00,10663.5,10671.8999,10641.6,10645.8999,0.0
2018-12-06 11:00:00,10644.7,10661.7999,10644.2,10651.6,0.0
2018-12-06 12:00:00,10652.0,10684.2999,10648.2,10679.0,0.0
2018-12-06 13:00:00,10679.0,10696.0,10634.7999,10642.0,0.0
2018-12-06 14:00:00,10642.2999,10652.3999,10603.5,10604.7999,0.0
2018-12-06 15:00:00,10606.7999,10615.1,10588.2,10593.3999,0.0
2018-12-07 09:00:00,10644.8999,10655.7,10619.3999,10621.5,0.0
2018-12-07 10:00:00,10621.6,10649.3999,10621.2,10636.7,0.0
2018-12-07 11:00:00,10636.8999,10641.5,10615.7999,10629.0,0.0
2018-12-07 12:00:00,10629.0,10656.6,10620.6,10627.2999,0.0
2018-12-07 13:00:00,10627.7,10652.7999,10599.2999,10637.0,0.0
2018-12-07 14:00:00,10637.2999,10684.5,10631.3999,10672.2,0.0
2018-12-07 15:00:00,10672.7999,10704.5,10671.2999,10701.7,0.0
2018-12-10 09:00:00,10507.7,10558.7999,10486.0,10506.7999,0.0
2018-12-10 10:00:00,10507.2,10516.0,10495.5,10507.2,0.0
2018-12-10 11:00:00,10507.3999,10539.5,10506.6,10533.7,0.0
2018-12-10 12:00:00,10534.2999,10543.3999,10517.7,10526.2,0.0
2018-12-10 13:00:00,10526.2999,10542.8999,10495.2,10502.7,0.0
2018-12-10 14:00:00,10502.1,10511.7,10483.7,10492.6,0.0
2018-12-10 15:00:00,10492.0,10497.2999,10474.8999,10476.0,0.0
2018-12-11 09:00:00,10351.6,10413.8999,10333.7999,10388.5,0.0
2018-12-11 10:00:00,10388.2999,10430.6,10371.7999,10415.8999,0.0
2018-12-11 11:00:00,10416.5,10532.2999,10410.5,10498.1,0.0
2018-12-11 12:00:00,10498.6,10512.8999,10446.2999,10511.2999,0.0
2018-12-11 13:00:00,10511.2,10565.5,10493.7,10520.7999,0.0
2018-12-11 14:00:00,10520.3999,10567.1,10504.8999,10551.7999,0.0
2018-12-11 15:00:00,10551.7999,10565.7999,10518.8999,10557.8999,0.0
2018-12-12 09:00:00,10596.0,10651.3999,10560.7999,10647.7,0.0
2018-12-12 10:00:00,10647.7999,10675.2,10632.6,10650.3999,0.0
2018-12-12 11:00:00,10650.7,10671.2999,10649.7999,10666.7,0.0
2018-12-12 12:00:00,10666.8999,10669.2999,10636.7999,10641.6,0.0
2018-12-12 13:00:00,10641.5,10681.7,10634.0,10670.7,0.0
2018-12-12 14:00:00,10670.7999,10727.5,10670.6,10719.7999,0.0
2018-12-12 15:00:00,10720.0,10752.2,10719.5,10738.7999,0.0
2018-12-13 09:00:00,10810.2999,10816.5,10778.6,10809.8999,0.0
2018-12-13 10:00:00,10809.7,10813.7,10787.7999,10788.3999,0.0
2018-12-13 11:00:00,10788.1,10792.8999,10771.7,10780.7999,0.0
2018-12-13 12:00:00,10780.8999,10804.3999,10780.3999,10804.1,0.0
2018-12-13 13:00:00,10804.1,10838.6,10801.2,10818.6,0.0
2018-12-13 14:00:00,10818.5,10820.5,10749.5,10759.7,0.0
2018-12-13 15:00:00,10759.8999,10804.5,10757.0,10788.1,0.0
2018-12-14 09:00:00,10786.1,10815.7,10752.1,10810.2,0.0
2018-12-14 10:00:00,10811.0,10814.6,10781.1,10793.7,0.0
2018-12-14 11:00:00,10794.0,10799.7,10766.8999,10795.0,0.0
2018-12-14 12:00:00,10794.8999,10810.3999,10782.3999,10795.7999,0.0
2018-12-14 13:00:00,10795.6,10809.7,10779.2999,10794.7999,0.0
2018-12-14 14:00:00,10795.5,10801.8999,10771.7999,10785.8999,0.0
2018-12-14 15:00:00,10787.2,10815.1,10785.7999,10802.2999,0.0
2018-12-17 09:00:00,10854.2999,10876.5,10844.7999,10856.6,0.0
2018-12-17 10:00:00,10856.5,10878.2,10847.2,10867.7,0.0
2018-12-17 11:00:00,10867.2999,10874.2,10859.2,10866.0,0.0
2018-12-17 12:00:00,10866.1,10870.0,10856.2,10858.2,0.0
2018-12-17 13:00:00,10858.2,10873.2999,10848.6,10864.0,0.0
2018-12-17 14:00:00,10864.8999,10897.7,10860.1,10893.5,0.0
2018-12-17 15:00:00,10893.0,10900.2999,10877.7,10884.3999,0.0
2018-12-18 09:00:00,10854.8999,10854.8999,10826.1,10840.3999,0.0
2018-12-18 10:00:00,10840.1,10842.2999,10819.1,10830.6,0.0
2018-12-18 11:00:00,10830.6,10843.1,10824.7,10841.7,0.0
2018-12-18 12:00:00,10841.2999,10858.7999,10833.7,10849.1,0.0
2018-12-18 13:00:00,10849.2999,10873.6,10848.2999,10855.0,0.0
2018-12-18 14:00:00,10855.2,10915.3999,10855.1,10902.2,0.0
2018-12-18 15:00:00,10902.3999,10915.1,10897.1,10913.3999,0.0
2018-12-19 09:00:00,10930.5,10957.0,10928.2,10955.6,0.0
2018-12-19 10:00:00,10955.5,10962.6,10939.6,10939.7999,0.0
2018-12-19 11:00:00,10939.2999,10955.1,10928.0,10951.0,0.0
2018-12-19 12:00:00,10951.6,10966.8999,10946.7999,10963.5,0.0
2018-12-19 13:00:00,10963.6,10983.1,10958.1,10976.8999,0.0
2018-12-19 14:00:00,10977.2,10985.1,10961.6,10973.1,0.0
2018-12-19 15:00:00,10974.1,10978.3999,10958.7999,10961.0,0.0
2018-12-20 09:00:00,10886.6,10935.1,10880.0,10924.7,0.0
2018-12-20 10:00:00,10924.5,10935.7,10880.8999,10899.8999,0.0
2018-12-20 11:00:00,10900.0,10916.7999,10885.1,10904.0,0.0
2018-12-20 12:00:00,10904.0,10942.2,10899.5,10941.2999,0.0
2018-12-20 13:00:00,10941.1,10947.7999,10908.6,10911.2999,0.0
2018-12-20 14:00:00,10910.5,10943.1,10910.3999,10927.7,0.0
2018-12-20 15:00:00,10927.3999,10962.5,10927.1,10959.6,0.0
2018-12-21 09:00:00,10947.2,10963.6,10919.8999,10922.1,0.0
2018-12-21 10:00:00,10921.6,10922.2999,10820.6,10825.1,0.0
2018-12-21 11:00:00,10824.8999,10840.3999,10814.5,10824.5,0.0
2018-12-21 12:00:00,10824.7999,10849.6,10808.3999,10831.7999,0.0
2018-12-21 13:00:00,10831.7,10833.5,10790.1,10791.3999,0.0
2018-12-21 14:00:00,10792.8999,10794.7999,10751.6,10779.3999,0.0
2018-12-21 15:00:00,10779.6,10781.6,10738.6,10754.8999,0.0
2018-12-24 09:00:00,10782.3999,10785.2,10716.7,10718.3999,0.0
2018-12-24 10:00:00,10718.1,10743.8999,10708.6,10731.7,0.0
2018-12-24 11:00:00,10731.7,10739.0,10710.7,10717.8999,0.0
2018-12-24 12:00:00,10718.2999,10763.6,10713.2999,10750.5,0.0
2018-12-24 13:00:00,10750.6,10758.7999,10728.5,10732.2,0.0
2018-12-24 14:00:00,10731.8999,10741.2999,10662.2,10667.8999,0.0
2018-12-24 15:00:00,10667.7999,10676.2,10649.2,10672.2,0.0
2018-12-26 09:00:00,10638.2,10638.7,10541.2999,10555.1,0.0
2018-12-26 10:00:00,10555.6,10571.3999,10534.5,10566.1,0.0
2018-12-26 11:00:00,10565.1,10585.2999,10562.1,10576.5,0.0
2018-12-26 12:00:00,10577.0,10626.0,10576.1,10598.7,0.0
2018-12-26 13:00:00,10599.0,10722.7,10598.0,10711.7999,0.0
2018-12-26 14:00:00,10712.2999,10747.5,10684.1,10736.1,0.0
2018-12-26 15:00:00,10737.5,10742.5,10717.6,10738.2999,0.0
2018-12-27 09:00:00,10817.0,10824.7999,10794.2999,10805.2,0.0
2018-12-27 10:00:00,10804.5,10834.2,10773.8999,10826.2999,0.0
2018-12-27 11:00:00,10825.8999,10828.2999,10790.7,10795.7999,0.0
2018-12-27 12:00:00,10795.6,10810.7999,10780.0,10787.2,0.0
2018-12-27 13:00:00,10787.7,10820.0,10772.7,10819.0,0.0
2018-12-27 14:00:00,10818.7999,10819.7,10764.3999,10799.3999,0.0
2018-12-27 15:00:00,10797.7,10799.3999,10772.0,10774.6,0.0
2018-12-28 09:00:00,10823.5,10879.2,10817.1,10870.7,0.0
2018-12-28 10:00:00,10870.0,10887.5,10865.5,10879.3999,0.0
2018-12-28 11:00:00,10879.2999,10880.7999,10862.8999,10876.2999,0.0
2018-12-28 12:00:00,10876.7,10888.2999,10872.2,10878.2,0.0
2018-12-28 13:00:00,10878.2,10891.7,10875.1,10885.0,0.0
2018-12-28 14:00:00,10885.2999,10893.6,10872.8999,10874.0,0.0
2018-12-28 15:00:00,10875.2,10877.2999,10849.1,10858.3999,0.0
2018-12-31 09:00:00,10912.0,10923.5,10872.2999,10893.5,0.0
2018-12-31 10:00:00,10893.2,10902.2,10881.3999,10892.7999,0.0
2018-12-31 11:00:00,10893.3999,10899.5,10861.7999,10868.6,0.0
2018-12-31 12:00:00,10868.3999,10877.7,10853.2,10861.8999,0.0
2018-12-31 13:00:00,10862.3999,10887.6,10857.8999,10885.3999,0.0
2018-12-31 14:00:00,10884.6,10887.7999,10865.1,10875.8999,0.0
2018-12-31 15:00:00,10876.0,10880.2,10856.5,10861.6,0.0
2019-01-01 09:00:00,10881.1,10885.2,10821.3999,10822.1,0.0
2019-01-01 10:00:00,10822.7,10837.6,10813.6,10830.2999,0.0
2019-01-01 11:00:00,10830.1,10842.3999,10828.8999,10833.2999,0.0
2019-01-01 12:00:00,10833.2999,10839.1,10819.6,10821.3999,0.0
2019-01-01 13:00:00,10821.7999,10830.3999,10807.0,10818.5,0.0
2019-01-01 14:00:00,10818.7999,10903.3999,10818.1,10900.7,0.0
2019-01-01 15:00:00,10900.2999,10923.6,10895.6,10915.7999,0.0
2019-01-02 09:00:00,10870.2999,10882.7999,10839.2999,10872.2999,0.0
2019-01-02 10:00:00,10872.6,10895.2999,10858.7,10876.7,0.0
2019-01-02 11:00:00,10876.8999,10882.2999,10867.8999,10873.0,0.0
2019-01-02 12:00:00,10873.7999,10876.7,10781.2,10811.7999,0.0
2019-01-02 13:00:00,10811.7999,10816.1,10749.0,10766.1,0.0
2019-01-02 14:00:00,10766.0,10809.7999,10735.0,10802.2,0.0
2019-01-02 15:00:00,10801.5,10809.6,10777.7,10780.1,0.0
2019-01-03 09:00:00,10793.2999,10810.7999,10750.0,10790.6,0.0
2019-01-03 10:00:00,10790.6,10814.0,10750.2999,10758.2,0.0
2019-01-03 11:00:00,10758.1,10766.2,10711.2999,10722.8999,0.0
2019-01-03 12:00:00,10722.6,10733.0,10700.2999,10704.7,0.0
2019-01-03 13:00:00,10704.5,10733.2999,10677.1,10698.6,0.0
2019-01-03 14:00:00,10698.1,10704.2,10667.5,10684.2,0.0
2019-01-03 15:00:00,10684.7,10686.2999,10661.2,10668.7,0.0
2019-01-04 09:00:00,10701.6,10729.2999,10649.0,10669.2999,0.0
2019-01-04 10:00:00,10668.7,10670.3999,10628.6,10655.7,0.0
2019-01-04 11:00:00,10656.0,10699.0,10655.5,10686.3999,0.0
2019-01-04 12:00:00,10686.7,10741.0,10680.5,10716.6,0.0
2019-01-04 13:00:00,10716.7999,10737.5,10691.0,10702.6,0.0
2019-01-04 14:00:00,10702.6,10731.3999,10658.5,10728.0,0.0
2019-01-04 15:00:00,10727.7,10736.5,10714.8999,10730.6,0.0
2019-01-07 09:00:00,10807.0,10822.3999,10782.0,10807.8999,0.0
2019-01-07 10:00:00,10808.1,10835.8999,10807.7,10814.7999,0.0
2019-01-07 11:00:00,10814.6,10825.6,10785.3999,10801.2,0.0
2019-01-07 12:00:00,10800.6,10805.2,10793.3999,10803.1,0.0
2019-01-07 13:00:00,10803.1,10817.3999,10782.3999,10801.7999,0.0
2019-01-07 14:00:00,10802.3999,10807.3999,10750.1,10753.7999,0.0
2019-01-07 15:00:00,10755.3999,10779.1,10753.2999,10770.2999,0.0
2019-01-08 09:00:00,10786.2999,10786.6,10733.2,10765.1,0.0
2019-01-08 10:00:00,10765.7999,10798.7999,10754.3999,10763.0,0.0
2019-01-08 11:00:00,10762.7,10770.5,10748.5,10749.8999,0.0
2019-01-08 12:00:00,10749.6,10772.8999,10747.2999,10768.3999,0.0
2019-01-08 13:00:00,10768.6,10789.3999,10756.3999,10784.0,0.0
2019-01-08 14:00:00,10784.5,10818.3999,10782.7999,10797.6,0.0
2019-01-08 15:00:00,10799.3999,10812.2,10785.2,10788.7,0.0
2019-01-09 09:00:00,10858.7999,10870.3999,10848.6,10861.7,0.0
2019-01-09 10:00:00,10861.8999,10865.8999,10839.2999,10839.7,0.0
2019-01-09 11:00:00,10839.7,10844.1,10831.6,10840.0,0.0
2019-01-09 12:00:00,10840.1,10851.5,10817.2999,10846.5,0.0
2019-01-09 13:00:00,10846.3999,10864.0,10774.7,10787.1,0.0
2019-01-09 14:00:00,10786.3999,10843.2,10749.2999,10832.7999,0.0
2019-01-09 15:00:00,10833.7,10866.0,10833.1,10849.5,0.0
2019-01-10 09:00:00,10864.0,10864.5,10825.2999,10840.7999,0.0
2019-01-10 10:00:00,10840.7999,10859.2,10834.3999,10842.5,0.0
2019-01-10 11:00:00,10841.7999,10844.2999,10820.3999,10824.8999,0.0
2019-01-10 12:00:00,10824.6,10828.2999,10811.3999,10819.7,0.0
2019-01-10 13:00:00,10819.7999,10830.2,10810.5,10822.6,0.0
2019-01-10 14:00:00,10822.2999,10836.7999,10801.7999,10826.1,0.0
2019-01-10 15:00:00,10825.8999,10836.3999,10812.2999,10815.6,0.0
2019-01-11 09:00:00,10835.8999,10850.1,10820.6,10835.2,0.0
2019-01-11 10:00:00,10834.7999,10835.7,10802.2,10814.2999,0.0
2019-01-11 11:00:00,10814.1,10814.6,10773.2999,10774.7999,0.0
2019-01-11 12:00:00,10774.8999,10780.2,10757.6,10766.1,0.0
2019-01-11 13:00:00,10766.1,10776.7,10750.0,10753.5,0.0
2019-01-11 14:00:00,10754.2999,10792.3999,10739.2999,10785.5,0.0
2019-01-11 15:00:00,10787.2,10810.5,10781.1,10783.7999,0.0
2019-01-14 09:00:00,10807.0,10808.2999,10722.8999,10728.2999,0.0
2019-01-14 10:00:00,10727.0,10735.7999,10709.1,10727.8999,0.0
2019-01-14 11:00:00,10727.8999,10729.5,10692.2999,10694.6,0.0
2019-01-14 12:00:00,10694.7,10712.2,10692.2999,10709.6,0.0
2019-01-14 13:00:00,10709.3999,10728.7999,10702.8999,10713.8999,0.0
2019-01-14 14:00:00,10715.0,10735.7999,10705.2999,10728.0,0.0
2019-01-14 15:00:00,10728.8999,10744.1,10728.0,10742.0,0.0
2019-01-15 09:00:00,10785.1,10837.3999,10777.3999,10824.2,0.0
2019-01-15 10:00:00,10824.2999,10836.0,10814.8999,10830.1,0.0
2019-01-15 11:00:00,10830.1,10861.5,10829.7999,10845.0,0.0
2019-01-15 12:00:00,10844.6,10851.2999,10835.5,10844.0,0.0
2019-01-15 13:00:00,10844.0,10857.2999,10839.1,10855.3999,0.0
2019-01-15 14:00:00,10855.6,10867.7,10844.2,10863.8999,0.0
2019-01-15 15:00:00,10864.2,10896.8999,10864.0,10884.5,0.0
2019-01-16 09:00:00,10897.6,10928.1,10893.7,10920.0,0.0
2019-01-16 10:00:00,10920.0,10925.2,10896.5,10898.6,0.0
2019-01-16 11:00:00,10898.5,10914.3999,10879.2,10910.3999,0.0
2019-01-16 12:00:00,10910.3999,10924.0,10902.0,10916.3999,0.0
2019-01-16 13:00:00,10917.2,10918.1,10884.0,10897.2,0.0
2019-01-16 14:00:00,10897.7,10909.2,10876.7999,10892.3999,0.0
2019-01-16 15:00:00,10892.3999,10898.7,10882.7999,10888.7999,0.0
2019-01-17 09:00:00,10920.5,10929.2,10899.5,10914.7,0.0
2019-01-17 10:00:00,10914.3999,10925.1,10900.7,10908.3999,0.0
2019-01-17 11:00:00,10908.5,10921.8999,10901.3999,10904.2999,0.0
2019-01-17 12:00:00,10904.3999,10904.3999,10887.3999,10893.2999,0.0
2019-01-17 13:00:00,10893.3999,10894.8999,10844.6,10860.5,0.0
2019-01-17 14:00:00,10860.3999,10930.6,10855.2999,10924.5,0.0
2019-01-17 15:00:00,10924.5,10928.7999,10888.7,10890.0,0.0
2019-01-18 09:00:00,10914.0,10928.2,10873.1,10890.7999,0.0
2019-01-18 10:00:00,10890.7999,10900.2,10852.2,10888.7999,0.0
2019-01-18 11:00:00,10888.2999,10892.7,10874.3999,10888.3999,0.0
2019-01-18 12:00:00,10888.1,10888.6,10863.8999,10871.8999,0.0
2019-01-18 13:00:00,10871.7999,10906.7999,10862.2,10903.7999,0.0
2019-01-18 14:00:00,10904.1,10915.5,10882.0,10891.7,0.0
2019-01-18 15:00:00,10891.8999,10915.2999,10891.2999,10907.8999,0.0
2019-01-21 09:00:00,10918.8999,10979.0,10885.7,10976.0,0.0
2019-01-21 10:00:00,10975.2999,10987.3999,10965.0,10979.8999,0.0
2019-01-21 11:00:00,10979.5,10981.6,10950.1,10964.2999,0.0
2019-01-21 12:00:00,10964.8999,10971.0,10955.6,10968.3999,0.0
2019-01-21 13:00:00,10968.3999,10977.8999,10950.3999,10969.2999,0.0
2019-01-21 14:00:00,10969.2,10978.1,10961.8999,10974.3999,0.0
2019-01-21 15:00:00,10974.5,10978.6,10946.2,10949.7999,0.0
2019-01-22 09:00:00,10949.0,10949.8999,10908.5,10909.8999,0.0
2019-01-22 10:00:00,10909.8999,10921.3999,10902.3999,10908.6,0.0
2019-01-22 11:00:00,10907.7999,10910.7,10885.3999,10892.2,0.0
2019-01-22 12:00:00,10891.5,10892.7999,10864.1,10888.2,0.0
2019-01-22 13:00:00,10887.7999,10910.8999,10881.5,10901.0,0.0
2019-01-22 14:00:00,10900.5,10920.8999,10891.2999,10894.7999,0.0
2019-01-22 15:00:00,10894.7,10931.3999,10894.6,10918.1,0.0
2019-01-23 09:00:00,10937.5,10942.5,10914.6,10925.1,0.0
2019-01-23 10:00:00,10924.7,10928.6,10905.3999,10918.2999,0.0
2019-01-23 11:00:00,10918.6,10929.8999,10908.5,10922.1,0.0
2019-01-23 12:00:00,10922.2,10944.7999,10920.1,10927.7999,0.0
2019-01-23 13:00:00,10928.1,10933.0,10906.6,10923.8999,0.0
2019-01-23 14:00:00,10924.1,10928.2999,10862.2,10864.7,0.0
2019-01-23 15:00:00,10864.3999,10868.2,10811.8999,10822.2,0.0
2019-01-24 09:00:00,10844.7999,10848.7999,10798.6,10827.2999,0.0
2019-01-24 10:00:00,10827.3999,10858.3999,10818.2999,10851.6,0.0
2019-01-24 11:00:00,10851.5,10852.5,10813.6,10825.6,0.0
2019-01-24 12:00:00,10825.6,10845.6,10809.7,10814.2999,0.0
2019-01-24 13:00:00,10814.2,10825.7999,10801.6,10820.3999,0.0
2019-01-24 14:00:00,10820.0,10844.2999,10812.7999,10823.6,0.0
2019-01-24 15:00:00,10824.3999,10866.6,10820.8999,10858.5,0.0
2019-01-25 09:00:00,10859.8999,10931.6,10858.0,10925.8999,0.0
2019-01-25 10:00:00,10926.1,10930.0,10904.7999,10914.7,0.0
2019-01-25 11:00:00,10914.6,10920.2,10893.1,10899.2,0.0
2019-01-25 12:00:00,10899.3999,10906.7999,10886.8999,10904.7,0.0
2019-01-25 13:00:00,10904.7999,10906.7,10858.0,10862.7999,0.0
2019-01-25 14:00:00,10862.5,10863.7999,10763.6,10767.3999,0.0
2019-01-25 15:00:00,10768.8999,10797.7999,10756.3999,10776.1,0.0
2019-01-28 09:00:00,10795.2999,10804.3999,10698.1,10715.5,0.0
2019-01-28 10:00:00,10716.0,10725.3999,10703.2,10714.2999,0.0
2019-01-28 11:00:00,10714.2999,10719.2999,10663.0,10693.2999,0.0
2019-01-28 12:00:00,10693.2,10699.3999,10672.1,10687.7999,0.0
2019-01-28 13:00:00,10688.0,10694.1,10636.6,10640.6,0.0
2019-01-28 14:00:00,10642.6,10685.7999,10630.8999,10653.3999,0.0
2019-01-28 15:00:00,10653.7999,10678.1,10647.7999,10674.0,0.0
2019-01-29 09:00:00,10652.2,10675.3999,10616.7999,10663.0,0.0
2019-01-29 10:00:00,10662.7999,10665.2999,10627.2999,10637.7,0.0
2019-01-29 11:00:00,10638.2,10654.6,10631.7,10649.5,0.0
2019-01-29 12:00:00,10649.2,10667.3999,10611.8999,10623.2999,0.0
2019-01-29 13:00:00,10624.3999,10625.2,10583.6,10604.7999,0.0
2019-01-29 14:00:00,10605.2,10622.2999,10589.1,10604.2,0.0
2019-01-29 15:00:00,10604.7,10690.2999,10604.2999,10678.8999,0.0
2019-01-30 09:00:00,10702.2,10710.2,10667.5,10679.2,0.0
2019-01-30 10:00:00,10679.6,10689.3999,10622.3999,10639.2999,0.0
2019-01-30 11:00:00,10639.0,10653.0,10627.7,10635.1,0.0
2019-01-30 12:00:00,10634.7999,10668.7999,10631.2999,10665.2999,0.0
2019-01-30 13:00:00,10665.6,10676.7,10644.7,10657.0,0.0
2019-01-30 14:00:00,10657.2999,10691.0,10612.7999,10623.1,0.0
2019-01-30 15:00:00,10623.7999,10665.2999,10621.3999,10637.8999,0.0
2019-01-31 09:00:00,10698.2999,10707.7999,10678.5,10689.2999,0.0
2019-01-31 10:00:00,10689.2999,10732.3999,10687.6,10727.7,0.0
2019-01-31 11:00:00,10727.2999,10760.6,10727.2,10738.5,0.0
2019-01-31 12:00:00,10738.3999,10755.2999,10737.6,10750.1,0.0
2019-01-31 13:00:00,10749.3999,10813.5,10747.2999,10804.7999,0.0
2019-01-31 14:00:00,10806.7,10822.7999,10783.6,10822.0,0.0
2019-01-31 15:00:00,10823.6,10838.0,10816.3999,10817.7999,0.0
2019-02-01 09:00:00,10853.8999,10883.2999,10835.7999,10882.2,0.0
2019-02-01 10:00:00,10883.1,10888.0,10854.1,10867.0,0.0
2019-02-01 11:00:00,10867.2,10883.1,10848.7,10863.7999,0.0
2019-02-01 12:00:00,10863.8999,10958.7,10857.2,10948.3999,0.0
2019-02-01 13:00:00,10948.6,10983.3999,10885.0,10886.6,0.0
2019-02-01 14:00:00,10886.2999,10894.7999,10813.3999,10870.8999,0.0
2019-02-01 15:00:00,10871.2999,10904.3999,10871.2,10892.7999,0.0
2019-02-04 09:00:00,10877.3999,10878.7,10831.3999,10848.7,0.0
2019-02-04 10:00:00,10847.7,10867.6,10829.8999,10846.3999,0.0
2019-02-04 11:00:00,10846.5,10855.8999,10831.7,10854.5,0.0
2019-02-04 12:00:00,10853.8999,10863.2999,10830.3999,10837.3999,0.0
2019-02-04 13:00:00,10836.7999,10850.5,10814.1,10849.5,0.0
2019-02-04 14:00:00,10851.2999,10927.8999,10850.2,10920.1,0.0
2019-02-04 15:00:00,10920.3999,10927.1,10900.2,10910.3999,0.0
2019-02-05 09:00:00,10913.1,10928.8999,10886.7,10904.6,0.0
2019-02-05 10:00:00,10905.0,10931.0,10904.3999,10924.7999,0.0
2019-02-05 11:00:00,10925.2,10936.8999,10904.1,10935.5,0.0
2019-02-05 12:00:00,10937.2,10949.7999,10928.6,10936.7999,0.0
2019-02-05 13:00:00,10936.3999,10956.7,10930.2,10934.0,0.0
2019-02-05 14:00:00,10933.3999,10950.7,10915.7999,10933.1,0.0
2019-02-05 15:00:00,10934.2999,10945.0,10927.2999,10936.2999,0.0
2019-02-06 09:00:00,10963.8999,11018.6,10962.7,11011.0,0.0
2019-02-06 10:00:00,11011.3999,11011.7999,10978.8999,10996.5,0.0
2019-02-06 11:00:00,10996.6,11012.1,10992.2,11011.5,0.0
2019-02-06 12:00:00,11011.7,11035.7,11010.6,11028.5,0.0
2019-02-06 13:00:00,11028.7,11057.5,11028.1,11052.3999,0.0
2019-02-06 14:00:00,11053.5,11060.8999,11041.2,11060.5,0.0
2019-02-06 15:00:00,11059.5,11072.6,11054.7999,11068.7999,0.0
2019-02-07 09:00:00,11072.7999,11101.7999,11055.8999,11086.2999,0.0
2019-02-07 10:00:00,11086.1,11100.0,11083.7,11091.3999,0.0
2019-02-07 11:00:00,11091.5,11118.0,11077.5,11086.0,0.0
2019-02-07 12:00:00,11087.7999,11094.3999,11043.5,11066.2,0.0
2019-02-07 13:00:00,11066.2,11108.6,11063.2999,11107.5,0.0
2019-02-07 14:00:00,11107.5,11113.3999,11093.5,11101.7,0.0
2019-02-07 15:00:00,11101.7999,11103.6,11048.1,11054.0,0.0
2019-02-08 09:00:00,11025.2,11041.2,11006.7,11012.2,0.0
2019-02-08 10:00:00,11012.3999,11019.6,10988.6,11000.6,0.0
2019-02-08 11:00:00,11000.5,11010.2,10995.8999,11003.1,0.0
2019-02-08 12:00:00,11003.1,11005.7,10961.8999,10962.7,0.0
2019-02-08 13:00:00,10963.1,11020.6,10951.7,11013.0,0.0
2019-02-08 14:00:00,11014.7,11022.8999,10985.8999,10996.1,0.0
2019-02-08 15:00:00,10995.8999,10999.7999,10925.3999,10932.8999,0.0
2019-02-11 09:00:00,10931.2999,10931.2999,10857.1,10864.2999,0.0
2019-02-11 10:00:00,10863.2,10883.6,10860.7,10874.7999,0.0
2019-02-11 11:00:00,10875.1,10897.7,10870.7,10892.6,0.0
2019-02-11 12:00:00,10893.2,10903.7,10876.8999,10892.6,0.0
2019-02-11 13:00:00,10894.1,10900.2999,10865.2,10889.7,0.0
2019-02-11 14:00:00,10888.7999,10920.6,10885.2,10889.3999,0.0
2019-02-11 15:00:00,10890.6,10903.1,10872.7,10899.8999,0.0
2019-02-12 09:00:00,10879.6,10910.8999,10862.2,10871.2999,0.0
2019-02-12 10:00:00,10870.3999,10896.3999,10866.7,10885.7999,0.0
2019-02-12 11:00:00,10885.7,10896.5,10878.5,10881.7,0.0
2019-02-12 12:00:00,10881.2999,10893.3999,10861.6,10867.8999,0.0
2019-02-12 13:00:00,10868.2999,10881.3999,10863.2999,10872.3999,0.0
2019-02-12 14:00:00,10872.3999,10894.8999,10825.2,10838.1,0.0
2019-02-12 15:00:00,10838.0,10838.7999,10823.7999,10827.7,0.0
2019-02-13 09:00:00,10866.5,10891.6,10848.2999,10850.7,0.0
2019-02-13 10:00:00,10850.6,10866.2999,10837.0,10864.5,0.0
2019-02-13 11:00:00,10864.7,10874.3999,10851.3999,10860.3999,0.0
2019-02-13 12:00:00,10860.3999,10868.0,10849.7,10855.6,0.0
2019-02-13 13:00:00,10855.3999,10861.5,10824.8999,10837.7,0.0
2019-02-13 14:00:00,10837.7,10860.3999,10819.6,10827.6,0.0
2019-02-13 15:00:00,10827.5,10836.1,10772.0,10774.2999,0.0
2019-02-14 09:00:00,10786.5,10792.7,10749.8999,10757.2999,0.0
2019-02-14 10:00:00,10757.2,10757.2999,10737.2999,10748.1,0.0
2019-02-14 11:00:00,10747.7,10754.2999,10736.0,10750.6,0.0
2019-02-14 12:00:00,10751.2999,10758.5,10727.1,10733.3999,0.0
2019-02-14 13:00:00,10733.2999,10755.6,10718.7,10753.8999,0.0
2019-02-14 14:00:00,10754.0,10783.1,10731.3999,10737.2999,0.0
2019-02-14 15:00:00,10737.1,10763.3999,10734.3999,10759.2999,0.0
2019-02-15 09:00:00,10784.1,10785.7,10691.8999,10694.7,0.0
2019-02-15 10:00:00,10694.2,10706.0,10667.2999,10669.3999,0.0
2019-02-15 11:00:00,10668.8999,10670.3999,10640.0,10654.0,0.0
2019-02-15 12:00:00,10653.8999,10655.3999,10620.3999,10647.0,0.0
2019-02-15 13:00:00,10646.5,10690.2,10640.8999,10685.8999,0.0
2019-02-15 14:00:00,10686.0,10733.7999,10673.8999,10696.2,0.0
2019-02-15 15:00:00,10695.3999,10744.0,10694.6,10727.6,0.0
2019-02-18 09:00:00,10738.7,10759.8999,10653.3999,10665.2999,0.0
2019-02-18 10:00:00,10665.6,10681.7999,10652.6,10664.2999,0.0
2019-02-18 11:00:00,10664.7999,10665.3999,10639.5,10657.2,0.0
2019-02-18 12:00:00,10657.0,10683.5,10643.3999,10678.1,0.0
2019-02-18 13:00:00,10678.1,10681.3999,10654.0,10660.2,0.0
2019-02-18 14:00:00,10660.3999,10677.2,10640.2999,10646.5,0.0
2019-02-18 15:00:00,10646.0,10657.7999,10628.3999,10631.6,0.0
2019-02-19 09:00:00,10634.2,10690.2,10633.8999,10679.6,0.0
2019-02-19 10:00:00,10679.6,10694.7,10665.7,10673.1,0.0
2019-02-19 11:00:00,10672.8999,10685.2999,10670.0,10674.3999,0.0
2019-02-19 12:00:00,10674.3999,10712.1,10666.5,10707.7,0.0
2019-02-19 13:00:00,10707.7,10722.7999,10698.8999,10709.2999,0.0
2019-02-19 14:00:00,10709.2999,10715.2999,10609.0,10613.8999,0.0
2019-02-19 15:00:00,10613.7,10623.6,10585.6,10604.0,0.0
2019-02-20 09:00:00,10655.1,10697.2999,10653.2,10671.2,0.0
2019-02-20 10:00:00,10671.0,10688.0,10662.8999,10681.8999,0.0
2019-02-20 11:00:00,10680.7999,10686.2999,10652.1,10657.1,0.0
2019-02-20 12:00:00,10656.7999,10682.7999,10652.7,10677.5,0.0
2019-02-20 13:00:00,10679.2999,10689.3999,10662.7999,10683.1,0.0
2019-02-20 14:00:00,10683.2999,10697.1,10646.2999,10692.6,0.0
2019-02-20 15:00:00,10691.8999,10752.6,10691.7999,10742.3999,0.0
2019-02-21 09:00:00,10746.0,10756.8999,10721.5,10731.3999,0.0
2019-02-21 10:00:00,10731.7999,10746.1,10722.2999,10743.0,0.0
2019-02-21 11:00:00,10742.7999,10778.5,10742.2999,10768.6,0.0
2019-02-21 12:00:00,10768.2999,10780.5,10758.1,10779.7999,0.0
2019-02-21 13:00:00,10780.0,10793.7999,10774.5,10788.8999,0.0
2019-02-21 14:00:00,10788.7999,10808.7999,10769.7,10783.5,0.0
2019-02-21 15:00:00,10783.7999,10795.8999,10779.2,10791.2,0.0
2019-02-22 09:00:00,10783.3999,10788.5,10758.3999,10771.8999,0.0
2019-02-22 10:00:00,10771.8999,10798.8999,10771.6,10791.0,0.0
2019-02-22 11:00:00,10790.7999,10791.1,10772.2999,10777.5,0.0
2019-02-22 12:00:00,10777.5,10793.2,10773.0,10779.1,0.0
2019-02-22 13:00:00,10778.5,10789.8999,10771.8999,10780.8999,0.0
2019-02-22 14:00:00,10781.2999,10801.5,10776.7,10783.1,0.0
2019-02-22 15:00:00,10783.5,10797.7,10783.1,10791.5,0.0
2019-02-25 09:00:00,10813.2,10830.0,10788.0,10800.2999,0.0
2019-02-25 10:00:00,10800.6,10811.2,10795.2999,10804.7999,0.0
2019-02-25 11:00:00,10805.2999,10814.7,10803.5,10813.1,0.0
2019-02-25 12:00:00,10813.1,10828.6,10811.7999,10826.1,0.0
2019-02-25 13:00:00,10825.7,10842.2999,10819.3999,10833.5,0.0
2019-02-25 14:00:00,10834.0,10866.8999,10833.1,10866.7,0.0
2019-02-25 15:00:00,10867.1,10887.1,10863.7999,10879.7,0.0
2019-02-26 09:00:00,10780.2999,10837.1,10759.5,10763.2999,0.0
2019-02-26 10:00:00,10762.3999,10801.7999,10729.2999,10792.1,0.0
2019-02-26 11:00:00,10792.5,10842.1,10791.2999,10824.7,0.0
2019-02-26 12:00:00,10825.1,10864.3999,10813.2,10846.6,0.0
2019-02-26 13:00:00,10846.6,10855.2,10827.6,10851.6,0.0
2019-02-26 14:00:00,10851.7,10888.7,10823.0,10840.5,0.0
2019-02-26 15:00:00,10840.3999,10846.1,10825.8999,10828.6,0.0
2019-02-27 09:00:00,10878.6,10919.8999,10875.1,10917.2,0.0
2019-02-27 10:00:00,10917.2999,10938.6,10909.3999,10936.7999,0.0
2019-02-27 11:00:00,10936.7999,10939.6,10829.2999,10829.8999,0.0
2019-02-27 12:00:00,10828.8999,10829.7,10751.2,10777.7,0.0
2019-02-27 13:00:00,10777.7,10828.2,10764.1,10814.6,0.0
2019-02-27 14:00:00,10815.2999,10842.8999,10782.6,10792.7,0.0
2019-02-27 15:00:00,10793.7,10820.1,10792.7,10793.2,0.0
2019-02-28 09:00:00,10867.2,10867.2999,10800.2,10824.8999,0.0
2019-02-28 10:00:00,10825.1,10842.2,10816.7,10826.1,0.0
2019-02-28 11:00:00,10825.8999,10831.1,10808.2,10809.0,0.0
2019-02-28 12:00:00,10808.7,10816.8999,10797.3999,10798.2999,0.0
2019-02-28 13:00:00,10798.1,10830.7999,10788.1,10830.1,0.0
2019-02-28 14:00:00,10830.2,10844.8999,10817.5,10826.1,0.0
2019-02-28 15:00:00,10826.0,10826.3999,10784.7999,10801.3999,0.0
2019-03-01 09:00:00,10840.2,10871.6,10839.6,10857.0,0.0
2019-03-01 10:00:00,10856.8999,10861.2999,10839.2999,10846.0,0.0
2019-03-01 11:00:00,10845.7,10850.1,10837.0,10842.6,0.0
2019-03-01 12:00:00,10842.7999,10845.7999,10824.2,10832.1,0.0
2019-03-01 13:00:00,10831.6,10840.6,10823.1,10836.2999,0.0
2019-03-01 14:00:00,10836.3999,10865.6,10831.2999,10862.7999,0.0
2019-03-01 15:00:00,10864.0,10877.8999,10857.2999,10861.2999,0.0
2019-03-05 09:00:00,10872.5,10874.0,10817.0,10845.6,0.0
2019-03-05 10:00:00,10845.2999,10895.2,10843.1,10892.7,0.0
2019-03-05 11:00:00,10893.0,10902.0,10884.0,10898.2999,0.0
2019-03-05 12:00:00,10897.8999,10919.2,10893.0,10917.7999,0.0
2019-03-05 13:00:00,10917.2999,10935.8999,10907.7999,10932.7999,0.0
2019-03-05 14:00:00,10931.7999,10984.8999,10925.3999,10983.6,0.0
2019-03-05 15:00:00,10983.3999,10994.7999,10976.1,10984.8999,0.0
2019-03-06 09:00:00,11023.5,11052.3999,11021.6,11042.2,0.0
2019-03-06 10:00:00,11041.8999,11044.0,10998.7999,11033.2999,0.0
2019-03-06 11:00:00,11033.0,11044.7,11027.8999,11037.7999,0.0
2019-03-06 12:00:00,11037.7,11051.2999,11029.3999,11032.8999,0.0
2019-03-06 13:00:00,11033.2999,11046.2999,11012.2,11025.7999,0.0
2019-03-06 14:00:00,11024.8999,11056.1,11021.1,11045.2999,0.0
2019-03-06 15:00:00,11045.2,11062.2999,11042.2999,11048.5,0.0
2019-03-07 09:00:00,11078.0,11078.3999,11044.3999,11053.2999,0.0
2019-03-07 10:00:00,11053.3999,11070.3999,11045.7999,11054.2999,0.0
2019-03-07 11:00:00,11053.7999,11057.0,11038.2999,11051.1,0.0
2019-03-07 12:00:00,11051.2,11054.2999,11027.1,11035.6,0.0
2019-03-07 13:00:00,11035.2999,11074.3999,11034.7999,11066.1,0.0
2019-03-07 14:00:00,11065.8999,11089.0,11062.8999,11072.6,0.0
2019-03-07 15:00:00,11073.1,11079.0,11048.6,11053.8999,0.0
2019-03-08 09:00:00,11039.5,11047.8999,11009.7999,11014.7999,0.0
2019-03-08 10:00:00,11014.5,11035.2999,11009.6,11025.5,0.0
2019-03-08 11:00:00,11026.3999,11049.0,11023.1,11032.8999,0.0
2019-03-08 12:00:00,11033.2,11043.0,11008.8999,11015.2,0.0
2019-03-08 13:00:00,11015.2,11026.6,11009.8999,11016.5,0.0
2019-03-08 14:00:00,11016.5,11044.1,11013.7,11023.8999,0.0
2019-03-08 15:00:00,11023.7,11041.8999,11023.2999,11037.6,0.0
2019-03-11 09:00:00,11070.8999,11136.0,11059.7999,11128.1,0.0
2019-03-11 10:00:00,11128.2,11140.5,11128.0,11139.7999,0.0
2019-03-11 11:00:00,11139.7,11149.5,11138.3999,11147.2999,0.0
2019-03-11 12:00:00,11147.1,11149.1,11141.2,11145.7,0.0
2019-03-11 13:00:00,11145.8999,11169.3999,11141.0,11152.1,0.0
2019-03-11 14:00:00,11152.7,11171.5,11138.7,11170.0,0.0
2019-03-11 15:00:00,11170.2,11180.8999,11159.3999,11176.1,0.0
2019-03-12 09:00:00,11230.6,11270.5,11227.0,11259.7,0.0
2019-03-12 10:00:00,11258.7999,11305.0,11257.8999,11296.7999,0.0
2019-03-12 11:00:00,11296.7,11299.7999,11271.5,11277.6,0.0
2019-03-12 12:00:00,11277.5,11286.2,11263.7999,11281.6,0.0
2019-03-12 13:00:00,11281.3999,11289.5,11269.1,11276.6,0.0
2019-03-12 14:00:00,11276.7,11318.7999,11271.0,11317.2999,0.0
2019-03-12 15:00:00,11318.3999,11320.3999,11285.3999,11290.0,0.0
2019-03-13 09:00:00,11328.7999,11342.1,11276.6,11322.8999,0.0
2019-03-13 10:00:00,11323.0,11323.1,11287.5,11303.8999,0.0
2019-03-13 11:00:00,11304.3999,11324.0,11300.8999,11310.2,0.0
2019-03-13 12:00:00,11312.1,11316.7,11300.8999,11305.2999,0.0
2019-03-13 13:00:00,11305.3999,11349.1,11301.6,11345.1,0.0
2019-03-13 14:00:00,11344.8999,11350.1,11321.7999,11346.1,0.0
2019-03-13 15:00:00,11346.2999,11352.2999,11328.8999,11342.7999,0.0
2019-03-14 09:00:00,11385.2999,11385.2999,11358.7999,11366.3999,0.0
2019-03-14 10:00:00,11365.3999,11370.2999,11329.2,11351.0,0.0
2019-03-14 11:00:00,11350.7,11352.2,11334.7999,11338.3999,0.0
2019-03-14 12:00:00,11338.5,11342.2,11327.3999,11331.5,0.0
2019-03-14 13:00:00,11331.5,11346.8999,11313.7,11334.1,0.0
2019-03-14 14:00:00,11334.1,11364.5,11328.0,11341.0,0.0
2019-03-14 15:00:00,11340.2999,11351.6,11336.7999,11347.6,0.0
2019-03-15 09:00:00,11375.7,11428.0,11370.7,11422.2999,0.0
2019-03-15 10:00:00,11422.7999,11427.8999,11409.8999,11415.8999,0.0
2019-03-15 11:00:00,11415.8999,11420.7999,11400.0,11413.3999,0.0
2019-03-15 12:00:00,11413.5,11441.6,11411.8999,11440.6,0.0
2019-03-15 13:00:00,11440.3999,11461.3999,11435.3999,11458.2,0.0
2019-03-15 14:00:00,11458.3999,11487.0,11450.8999,11475.1,0.0
2019-03-15 15:00:00,11475.5,11476.2999,11409.0,11432.2999,0.0
2019-03-18 09:00:00,11475.6,11530.1,11468.2,11506.6,0.0
2019-03-18 10:00:00,11506.6,11511.7999,11430.1,11447.2999,0.0
2019-03-18 11:00:00,11447.6,11463.0,11421.3999,11438.2999,0.0
2019-03-18 12:00:00,11437.8999,11451.2,11415.6,11436.6,0.0
2019-03-18 13:00:00,11436.7999,11452.7,11428.6,11432.5,0.0
2019-03-18 14:00:00,11433.2999,11445.8999,11412.5,11425.8999,0.0
2019-03-18 15:00:00,11426.8999,11482.0,11426.0,11480.3999,0.0
2019-03-19 09:00:00,11501.2999,11501.8999,11454.8999,11466.1,0.0
2019-03-19 10:00:00,11465.7999,11491.2999,11451.2,11486.6,0.0
2019-03-19 11:00:00,11487.0,11491.2999,11467.5,11477.7999,0.0
2019-03-19 12:00:00,11477.8999,11486.2,11460.8999,11464.6,0.0
2019-03-19 13:00:00,11464.5,11503.2,11464.3999,11500.6,0.0
2019-03-19 14:00:00,11501.7,11520.7999,11488.2,11504.1,0.0
2019-03-19 15:00:00,11506.0,11543.7999,11504.2,11540.0,0.0
2019-03-20 09:00:00,11553.7999,11556.0,11511.5,11543.8999,0.0
2019-03-20 10:00:00,11544.5,11552.6,11522.5,11538.6,0.0
2019-03-20 11:00:00,11537.8999,11551.7,11533.6,11536.6,0.0
2019-03-20 12:00:00,11536.7999,11537.7,11503.1,11525.8999,0.0
2019-03-20 13:00:00,11526.2999,11532.7999,11508.8999,11532.7,0.0
2019-03-20 14:00:00,11532.3999,11546.0,11519.2,11527.3999,0.0
2019-03-20 15:00:00,11528.0,11535.0,11512.2999,11516.8999,0.0
2019-03-22 09:00:00,11548.3999,11572.7,11538.8999,11560.7999,0.0
2019-03-22 10:00:00,11560.8999,11567.7999,11481.8999,11499.5,0.0
2019-03-22 11:00:00,11499.6,11510.5,11483.1,11489.7,0.0
2019-03-22 12:00:00,11489.3999,11513.7999,11478.2,11509.0,0.0
2019-03-22 13:00:00,11509.2,11521.1,11490.2999,11503.5,0.0
2019-03-22 14:00:00,11503.2,11503.7999,11442.6,11447.0,0.0
2019-03-22 15:00:00,11447.6,11478.2999,11434.5,11462.7,0.0
2019-03-25 09:00:00,11404.8999,11404.8999,11342.8999,11357.6,0.0
2019-03-25 10:00:00,11357.5,11373.1,11352.5,11358.6,0.0
2019-03-25 11:00:00,11358.6,11359.5,11333.2999,11342.7,0.0
2019-03-25 12:00:00,11343.0,11348.2,11330.0,11335.8999,0.0
2019-03-25 13:00:00,11337.5,11347.3999,11323.7,11335.8999,0.0
2019-03-25 14:00:00,11338.0,11345.2,11311.6,11343.7,0.0
2019-03-25 15:00:00,11342.6,11365.8999,11342.0,11351.5,0.0
2019-03-26 09:00:00,11377.5,11402.8999,11363.5,11384.3999,0.0
2019-03-26 10:00:00,11384.1,11396.5,11368.6,11377.3999,0.0
2019-03-26 11:00:00,11377.1,11383.2,11352.3999,11364.2999,0.0
2019-03-26 12:00:00,11364.0,11379.2,11361.6,11371.7,0.0
2019-03-26 13:00:00,11372.2999,11416.7999,11370.7999,11407.1,0.0
2019-03-26 14:00:00,11407.2999,11483.8999,11402.7999,11472.2,0.0
2019-03-26 15:00:00,11471.7999,11496.7,11471.1,11492.8999,0.0
2019-03-27 09:00:00,11531.2999,11538.3999,11500.2999,11527.2,0.0
2019-03-27 10:00:00,11525.6,11546.2,11512.3999,11539.7999,0.0
2019-03-27 11:00:00,11539.2999,11545.3999,11496.8999,11507.7999,0.0
2019-03-27 12:00:00,11508.2,11545.0,11505.6,11527.8999,0.0
2019-03-27 13:00:00,11528.3999,11540.0,11413.0,11449.0,0.0
2019-03-27 14:00:00,11448.8999,11495.3999,11427.3999,11467.0,0.0
2019-03-27 15:00:00,11465.7999,11468.7,11427.1,11434.7,0.0
2019-03-28 09:00:00,11463.2999,11521.2,11452.3999,11515.1,0.0
2019-03-28 10:00:00,11514.6,11517.7999,11488.8999,11498.7999,0.0
2019-03-28 11:00:00,11499.2999,11512.1,11492.6,11502.2999,0.0
2019-03-28 12:00:00,11502.0,11525.2,11497.1,11514.7,0.0
2019-03-28 13:00:00,11514.7,11560.3999,11501.2999,11550.7,0.0
2019-03-28 14:00:00,11551.5,11565.2,11529.1,11550.2,0.0
2019-03-28 15:00:00,11550.8999,11588.3999,11546.2,11581.1,0.0
2019-03-29 09:00:00,11627.1,11630.2,11570.1,11590.5,0.0
2019-03-29 10:00:00,11590.2999,11600.0,11570.2999,11574.6,0.0
2019-03-29 11:00:00,11574.5,11596.2999,11573.2,11590.3999,0.0
2019-03-29 12:00:00,11590.7999,11597.7999,11580.2,11593.8999,0.0
2019-03-29 13:00:00,11594.0,11611.2,11581.8999,11586.1,0.0
2019-03-29 14:00:00,11585.8999,11630.0,11584.2999,11625.7,0.0
2019-03-29 15:00:00,11626.1,11630.2999,11610.2999,11610.6,0.0
2019-04-01 09:00:00,11663.8999,11699.6,11663.8999,11697.2999,0.0
2019-04-01 10:00:00,11697.3999,11715.6,11683.0,11686.8999,0.0
2019-04-01 11:00:00,11686.7999,11706.8999,11678.7999,11701.2999,0.0
2019-04-01 12:00:00,11701.0,11714.1,11688.2999,11708.3999,0.0
2019-04-01 13:00:00,11708.5,11715.2999,11699.3999,11709.3999,0.0
2019-04-01 14:00:00,11709.3999,11738.1,11708.3999,11716.3999,0.0
2019-04-01 15:00:00,11715.2999,11717.3999,11644.7,11654.2999,0.0
2019-04-02 09:00:00,11716.6,11717.2,11655.7999,11661.1,0.0
2019-04-02 10:00:00,11661.2999,11682.5,11660.2,11674.3999,0.0
2019-04-02 11:00:00,11673.6,11704.7999,11664.3999,11701.1,0.0
2019-04-02 12:00:00,11701.2999,11714.5,11686.2,11690.8999,0.0
2019-04-02 13:00:00,11690.7,11711.3999,11680.1,11705.2999,0.0
2019-04-02 14:00:00,11705.6,11708.2,11663.0,11695.5,0.0
2019-04-02 15:00:00,11695.5,11729.2999,11690.2999,11722.8999,0.0
2019-04-03 09:00:00,11736.5,11761.0,11731.1,11747.7999,0.0
2019-04-03 10:00:00,11747.5,11755.8999,11734.2999,11745.2999,0.0
2019-04-03 11:00:00,11744.5,11747.5,11721.7999,11734.8999,0.0
2019-04-03 12:00:00,11734.7999,11743.5,11727.7999,11737.1,0.0
2019-04-03 13:00:00,11737.0,11752.7,11732.8999,11733.1,0.0
2019-04-03 14:00:00,11733.6,11738.1,11668.6,11676.8999,0.0
2019-04-03 15:00:00,11676.3999,11681.2999,11629.1,11636.7,0.0
2019-04-04 09:00:00,11660.6,11661.2999,11630.7,11640.2,0.0
2019-04-04 10:00:00,11640.7999,11645.5,11615.8999,11626.6,0.0
2019-04-04 11:00:00,11626.1,11645.8999,11597.0,11611.2,0.0
2019-04-04 12:00:00,11611.6,11662.5,11606.6,11649.3999,0.0
2019-04-04 13:00:00,11649.2999,11661.6,11620.8999,11622.7999,0.0
2019-04-04 14:00:00,11622.5,11628.0,11559.2,11590.7,0.0
2019-04-04 15:00:00,11590.3999,11607.8999,11588.7,11603.5,0.0
2019-04-05 09:00:00,11642.1,11666.3999,11626.3999,11650.0,0.0
2019-04-05 10:00:00,11651.0,11658.5,11631.2,11638.8999,0.0
2019-04-05 11:00:00,11638.2999,11639.8999,11609.5,11633.8999,0.0
2019-04-05 12:00:00,11633.7,11637.7999,11617.8999,11626.3999,0.0
2019-04-05 13:00:00,11626.2999,11655.7,11621.7999,11645.6,0.0
2019-04-05 14:00:00,11645.7,11651.3999,11625.6,11640.2,0.0
2019-04-05 15:00:00,11641.1,11689.6,11640.2,11683.0,0.0
2019-04-08 09:00:00,11706.5,11710.2999,11644.3999,11661.7,0.0
2019-04-08 10:00:00,11661.5,11672.7,11646.2,11656.5,0.0
2019-04-08 11:00:00,11656.8999,11660.7999,11618.8999,11628.0,0.0
2019-04-08 12:00:00,11628.2,11640.7999,11622.6,11633.8999,0.0
2019-04-08 13:00:00,11634.2,11634.7,11580.7999,11581.2999,0.0
2019-04-08 14:00:00,11583.7,11601.0,11549.1,11565.0,0.0
2019-04-08 15:00:00,11565.2,11616.5,11565.0,11600.6,0.0
2019-04-09 09:00:00,11613.8999,11638.2,11574.1,11622.8999,0.0
2019-04-09 10:00:00,11622.8999,11636.3999,11590.1,11591.8999,0.0
2019-04-09 11:00:00,11592.0,11598.7999,11576.1,11583.8999,0.0
2019-04-09 12:00:00,11583.6,11605.3999,11569.7,11599.2999,0.0
2019-04-09 13:00:00,11599.2,11630.5,11579.2,11627.6,0.0
2019-04-09 14:00:00,11627.3999,11657.1,11619.5,11636.6,0.0
2019-04-09 15:00:00,11637.3999,11683.8999,11635.2999,11675.5,0.0
2019-04-10 09:00:00,11649.3999,11680.0,11638.6,11668.6,0.0
2019-04-10 10:00:00,11668.8999,11677.7999,11643.8999,11656.7,0.0
2019-04-10 11:00:00,11658.0,11659.3999,11640.0,11653.2,0.0
2019-04-10 12:00:00,11653.3999,11666.1,11646.0,11663.1,0.0
2019-04-10 13:00:00,11663.0,11675.6,11601.7999,11616.6,0.0
2019-04-10 14:00:00,11616.6,11627.3999,11583.7999,11613.7999,0.0
2019-04-10 15:00:00,11613.8999,11614.0,11571.7,11582.7,0.0
2019-04-11 09:00:00,11593.2999,11604.2,11575.2999,11584.2999,0.0
2019-04-11 10:00:00,11584.2999,11599.3999,11568.6,11592.2999,0.0
2019-04-11 11:00:00,11592.2999,11592.5,11566.1,11578.0,0.0
2019-04-11 12:00:00,11577.8999,11587.1,11572.3999,11581.0,0.0
2019-04-11 13:00:00,11580.2999,11598.2,11550.5,11572.7999,0.0
2019-04-11 14:00:00,11572.1,11594.2,11554.2999,11583.7999,0.0
2019-04-11 15:00:00,11583.5,11606.7,11581.2999,11603.3999,0.0
2019-04-12 09:00:00,11613.7999,11627.2,11600.3999,11617.2,0.0
2019-04-12 10:00:00,11617.0,11621.7999,11600.8999,11606.2,0.0
2019-04-12 11:00:00,11606.1,11606.5,11578.7,11587.7,0.0
2019-04-12 12:00:00,11587.7,11599.6,11583.7,11586.2999,0.0
2019-04-12 13:00:00,11586.2999,11621.8999,11585.3999,11618.0,0.0
2019-04-12 14:00:00,11617.7,11657.2,11613.2999,11651.6,0.0
2019-04-12 15:00:00,11652.6,11657.2999,11629.0,11631.6,0.0
2019-04-15 09:00:00,11666.8999,11677.3999,11648.2,11653.3999,0.0
2019-04-15 10:00:00,11652.5,11679.8999,11651.8999,11671.0,0.0
2019-04-15 11:00:00,11670.7,11679.5,11664.2999,11673.7999,0.0
2019-04-15 12:00:00,11673.2999,11687.0,11673.1,11685.2999,0.0
2019-04-15 13:00:00,11685.2,11694.5,11662.6,11690.7,0.0
2019-04-15 14:00:00,11690.3999,11704.5,11679.0,11700.2,0.0
2019-04-15 15:00:00,11700.2,11700.2999,11682.8999,11688.8999,0.0
2019-04-16 09:00:00,11736.2,11776.5,11731.5,11769.6,0.0
2019-04-16 10:00:00,11769.2999,11787.0,11764.1,11786.3999,0.0
2019-04-16 11:00:00,11786.2999,11786.7999,11774.6,11781.2,0.0
2019-04-16 12:00:00,11781.2,11785.7,11767.2999,11780.2,0.0
2019-04-16 13:00:00,11779.8999,11801.5,11777.0,11801.2999,0.0
2019-04-16 14:00:00,11801.5,11810.8999,11788.2999,11796.3999,0.0
2019-04-16 15:00:00,11796.2,11798.6,11776.2999,11795.6,0.0
2019-04-18 09:00:00,11856.1,11857.1,11770.7,11773.8999,0.0
2019-04-18 10:00:00,11774.0,11774.7999,11738.5,11761.2999,0.0
2019-04-18 11:00:00,11761.2999,11772.0,11750.7999,11754.2,0.0
2019-04-18 12:00:00,11754.3999,11767.6,11744.7,11765.2,0.0
2019-04-18 13:00:00,11765.1,11776.1,11750.7999,11770.8999,0.0
2019-04-18 14:00:00,11770.7999,11792.0,11762.1,11775.7,0.0
2019-04-18 15:00:00,11775.7,11779.7999,11740.3999,11747.5,0.0
2019-04-22 09:00:00,11731.5,11731.6,11646.1,11661.3999,0.0
2019-04-22 10:00:00,11661.5,11671.6,11646.0,11664.3999,0.0
2019-04-22 11:00:00,11664.7,11670.7,11653.0,11656.2999,0.0
2019-04-22 12:00:00,11656.3999,11660.6,11641.7,11648.1,0.0
2019-04-22 13:00:00,11648.2999,11653.7999,11625.5,11645.2,0.0
2019-04-22 14:00:00,11647.7,11651.1,11609.5,11615.7,0.0
2019-04-22 15:00:00,11614.1,11615.7,11583.8999,11591.8999,0.0
2019-04-23 09:00:00,11613.8999,11645.8999,11592.3999,11611.7999,0.0
2019-04-23 10:00:00,11611.7999,11621.6,11582.8999,11608.8999,0.0
2019-04-23 11:00:00,11609.2,11639.3999,11606.8999,11637.7,0.0
2019-04-23 12:00:00,11637.7999,11645.3999,11609.3999,11621.2999,0.0
2019-04-23 13:00:00,11621.2999,11637.1,11611.0,11632.2,0.0
2019-04-23 14:00:00,11632.2999,11644.2,11583.1,11583.2,0.0
2019-04-23 15:00:00,11583.5,11584.1,11564.7999,11579.3999,0.0
2019-04-24 09:00:00,11602.1,11620.7999,11589.2999,11601.6,0.0
2019-04-24 10:00:00,11602.0,11611.5,11580.5,11582.6,0.0
2019-04-24 11:00:00,11582.8999,11607.7999,11578.7999,11598.8999,0.0
2019-04-24 12:00:00,11598.7999,11612.3999,11592.8999,11607.5,0.0
2019-04-24 13:00:00,11607.3999,11637.7,11587.7,11633.2,0.0
2019-04-24 14:00:00,11632.8999,11698.3999,11629.3999,11694.7999,0.0
2019-04-24 15:00:00,11694.7,11740.7999,11693.7999,11724.0,0.0
2019-04-25 09:00:00,11738.3999,11756.6,11715.8999,11746.7,0.0
2019-04-25 10:00:00,11746.6,11776.2999,11744.7,11770.5,0.0
2019-04-25 11:00:00,11770.5,11796.7,11770.1,11779.5,0.0
2019-04-25 12:00:00,11780.2,11784.7,11744.8999,11753.7999,0.0
2019-04-25 13:00:00,11754.1,11775.7999,11716.2,11728.7999,0.0
2019-04-25 14:00:00,11729.1,11746.7999,11706.7,11715.7,0.0
2019-04-25 15:00:00,11715.7,11716.0,11624.2999,11652.7999,0.0
2019-04-26 09:00:00,11684.5,11697.5,11661.7,11686.5,0.0
2019-04-26 10:00:00,11686.5,11693.0,11666.7999,11675.2999,0.0
2019-04-26 11:00:00,11675.2999,11682.8999,11668.2,11680.7999,0.0
2019-04-26 12:00:00,11680.7999,11693.6,11676.7,11679.2999,0.0
2019-04-26 13:00:00,11679.3999,11722.6,11665.8999,11722.3999,0.0
2019-04-26 14:00:00,11722.5,11747.2,11717.7,11729.3999,0.0
2019-04-26 15:00:00,11731.2,11762.8999,11730.1,11746.1,0.0
2019-04-30 09:00:00,11750.0,11750.0,11656.5,11664.3999,0.0
2019-04-30 10:00:00,11664.3999,11691.7999,11655.8999,11690.7999,0.0
2019-04-30 11:00:00,11690.7,11709.7999,11688.2,11696.1,0.0
2019-04-30 12:00:00,11696.2999,11717.6,11685.2,11691.8999,0.0
2019-04-30 13:00:00,11692.0,11714.2999,11674.7,11683.3999,0.0
2019-04-30 14:00:00,11683.8999,11738.1,11675.0,11738.0,0.0
2019-04-30 15:00:00,11737.7999,11756.2,11733.8999,11739.3999,0.0
2019-05-02 09:00:00,11730.2999,11755.3999,11699.5,11740.7999,0.0
2019-05-02 10:00:00,11740.0,11789.2999,11739.3999,11767.7,0.0
2019-05-02 11:00:00,11767.2,11777.3999,11756.5,11757.1,0.0
2019-05-02 12:00:00,11757.2999,11760.2999,11724.5,11726.0,0.0
2019-05-02 13:00:00,11725.7999,11761.2999,11713.5,11760.7,0.0
2019-05-02 14:00:00,11760.7,11774.5,11710.2999,11717.2,0.0
2019-05-02 15:00:00,11716.6,11739.5,11707.7999,11720.2,0.0
2019-05-03 09:00:00,11726.3999,11759.8999,11719.6,11744.8999,0.0
2019-05-03 10:00:00,11744.7999,11768.2,11739.7999,11756.7,0.0
2019-05-03 11:00:00,11757.1,11765.2,11735.2999,11739.6,0.0
2019-05-03 12:00:00,11739.6,11758.2,11739.0,11747.8999,0.0
2019-05-03 13:00:00,11747.7,11758.7,11731.0,11758.5,0.0
2019-05-03 14:00:00,11758.5,11770.8999,11725.7,11737.5,0.0
2019-05-03 15:00:00,11737.7999,11740.6,11699.2999,11709.7999,0.0
2019-05-06 09:00:00,11613.2,11629.7999,11585.1,11624.0,0.0
2019-05-06 10:00:00,11623.7,11629.2999,11610.5,11621.6,0.0
2019-05-06 11:00:00,11621.3999,11622.3999,11608.3999,11616.1,0.0
2019-05-06 12:00:00,11615.8999,11632.5,11610.1,11617.8999,0.0
2019-05-06 13:00:00,11617.6,11623.1,11592.0,11596.2999,0.0
2019-05-06 14:00:00,11597.8999,11608.2,11571.2999,11586.5,0.0
2019-05-06 15:00:00,11586.7,11610.5,11585.5,11592.7999,0.0
2019-05-07 09:00:00,11659.8999,11660.2999,11605.2,11617.5,0.0
2019-05-07 10:00:00,11617.2,11625.2,11591.1,11597.0,0.0
2019-05-07 11:00:00,11596.7999,11623.6,11593.5,11623.0,0.0
2019-05-07 12:00:00,11622.7,11635.0,11613.2999,11618.7999,0.0
2019-05-07 13:00:00,11618.7999,11621.8999,11589.0,11589.7,0.0
2019-05-07 14:00:00,11589.7999,11592.7999,11514.7999,11515.3999,0.0
2019-05-07 15:00:00,11515.2,11515.7999,11484.3999,11495.5,0.0
2019-05-08 09:00:00,11487.3999,11487.3999,11420.8999,11427.2,0.0
2019-05-08 10:00:00,11427.1,11436.2,11408.2999,11424.7999,0.0
2019-05-08 11:00:00,11424.7999,11426.1,11394.8999,11401.7999,0.0
2019-05-08 12:00:00,11402.1,11425.8999,11391.0,11402.2999,0.0
2019-05-08 13:00:00,11402.2,11449.3999,11388.0,11426.7,0.0
2019-05-08 14:00:00,11427.0,11428.1,11373.3999,11375.8999,0.0
2019-05-08 15:00:00,11376.2,11383.1,11346.8999,11363.5,0.0
2019-05-09 09:00:00,11326.1,11326.7,11290.8999,11323.3999,0.0
2019-05-09 10:00:00,11323.6,11357.6,11321.1,11346.1,0.0
2019-05-09 11:00:00,11345.6,11347.5,11312.3999,11313.5,0.0
2019-05-09 12:00:00,11313.5,11319.7,11296.2999,11301.2,0.0
2019-05-09 13:00:00,11300.8999,11301.2,11255.0,11277.8999,0.0
2019-05-09 14:00:00,11278.2999,11348.7,11265.0,11315.5,0.0
2019-05-09 15:00:00,11314.6,11315.8999,11291.1,11298.3999,0.0
2019-05-10 09:00:00,11315.6,11342.7,11272.2,11280.5,0.0
2019-05-10 10:00:00,11279.6,11315.2999,11276.5,11311.3999,0.0
2019-05-10 11:00:00,11311.6,11342.1,11311.0,11324.8999,0.0
2019-05-10 12:00:00,11325.3999,11331.8999,11306.2,11316.2999,0.0
2019-05-10 13:00:00,11317.2,11318.7,11266.5,11311.1,0.0
2019-05-10 14:00:00,11312.0,11345.7999,11302.0,11310.7999,0.0
2019-05-10 15:00:00,11309.8999,11312.5,11251.0,11257.0,0.0
2019-05-13 09:00:00,11259.8999,11279.7999,11230.7,11263.7999,0.0
2019-05-13 10:00:00,11263.5,11300.2,11261.2,11282.8999,0.0
2019-05-13 11:00:00,11282.5,11285.3999,11255.8999,11261.7,0.0
2019-05-13 12:00:00,11261.5,11277.6,11238.0,11247.8999,0.0
2019-05-13 13:00:00,11247.7,11263.0,11222.1,11251.5,0.0
2019-05-13 14:00:00,11251.2999,11276.7999,11183.5,11189.2999,0.0
2019-05-13 15:00:00,11187.7999,11194.1,11125.6,11153.3999,0.0
2019-05-14 09:00:00,11151.1,11157.8999,11109.2,11129.6,0.0
2019-05-14 10:00:00,11128.7999,11142.8999,11121.2,11141.1,0.0
2019-05-14 11:00:00,11141.2,11142.7,11108.2999,11116.2,0.0
2019-05-14 12:00:00,11116.0,11150.2,11115.7,11149.2999,0.0
2019-05-14 13:00:00,11149.0,11230.6,11137.0,11222.3999,0.0
2019-05-14 14:00:00,11222.2,11294.7,11204.3999,11222.2,0.0
2019-05-14 15:00:00,11223.0,11247.1,11180.7999,11238.8999,0.0
2019-05-15 09:00:00,11275.7,11275.7,11235.2999,11249.3999,0.0
2019-05-15 10:00:00,11249.2999,11286.7999,11244.2999,11275.7,0.0
2019-05-15 11:00:00,11275.2,11283.7,11253.2,11262.7999,0.0
2019-05-15 12:00:00,11262.7,11267.6,11231.2,11239.2999,0.0
2019-05-15 13:00:00,11239.7,11263.1,11199.1,11253.8999,0.0
2019-05-15 14:00:00,11253.5,11278.7,11207.7,11208.5,0.0
2019-05-15 15:00:00,11208.8999,11210.0,11136.8999,11140.6,0.0
2019-05-16 09:00:00,11179.1,11185.2,11153.2,11163.1,0.0
2019-05-16 10:00:00,11163.0,11172.6,11146.8999,11162.1,0.0
2019-05-16 11:00:00,11162.3999,11177.2999,11143.2999,11177.2,0.0
2019-05-16 12:00:00,11177.1,11192.1,11163.3999,11166.3999,0.0
2019-05-16 13:00:00,11166.5,11215.7999,11162.8999,11204.1,0.0
2019-05-16 14:00:00,11204.1,11264.8999,11198.1,11212.5,0.0
2019-05-16 15:00:00,11212.0,11281.5,11199.6,11275.5,0.0
2019-05-17 09:00:00,11263.7,11319.0,11259.7999,11299.5,0.0
2019-05-17 10:00:00,11299.5,11317.0,11297.1,11305.2,0.0
2019-05-17 11:00:00,11305.2,11327.7,11302.6,11317.1,0.0
2019-05-17 12:00:00,11316.7999,11354.7,11315.3999,11348.0,0.0
2019-05-17 13:00:00,11347.5,11393.7,11317.7999,11373.6,0.0
2019-05-17 14:00:00,11373.8999,11391.5,11339.7,11380.6,0.0
2019-05-17 15:00:00,11383.2999,11426.1,11381.2999,11416.6,0.0
2019-05-20 09:00:00,11656.8999,11694.0,11591.7,11655.2999,0.0
2019-05-20 10:00:00,11656.1,11699.8999,11651.3999,11676.7999,0.0
2019-05-20 11:00:00,11676.1,11713.7999,11672.2,11706.3999,0.0
2019-05-20 12:00:00,11705.8999,11743.2999,11704.8999,11732.6,0.0
2019-05-20 13:00:00,11732.5,11796.8999,11726.8999,11784.2999,0.0
2019-05-20 14:00:00,11786.8999,11821.8999,11774.7,11814.5,0.0
2019-05-20 15:00:00,11814.2,11845.1,11813.8999,11831.7,0.0
2019-05-21 09:00:00,11864.7,11883.5,11811.7,11852.5,0.0
2019-05-21 10:00:00,11853.1,11871.5,11823.0,11836.3999,0.0
2019-05-21 11:00:00,11836.6,11855.7999,11818.7,11823.5,0.0
2019-05-21 12:00:00,11825.2999,11845.2,11782.0,11785.6,0.0
2019-05-21 13:00:00,11785.6,11795.0,11725.5,11765.1,0.0
2019-05-21 14:00:00,11765.0,11771.6,11682.7999,11686.3999,0.0
2019-05-21 15:00:00,11685.5,11722.8999,11684.6,11711.8999,0.0
2019-05-22 09:00:00,11731.7,11753.7999,11682.3999,11720.2999,0.0
2019-05-22 10:00:00,11720.1,11760.6,11702.7999,11742.2,0.0
2019-05-22 11:00:00,11742.2,11744.1,11713.0,11719.7999,0.0
2019-05-22 12:00:00,11720.3999,11732.7,11695.2,11711.3999,0.0
2019-05-22 13:00:00,11711.2,11770.1,11710.5,11763.8999,0.0
2019-05-22 14:00:00,11763.7,11784.7999,11707.6,11735.8999,0.0
2019-05-22 15:00:00,11737.1,11761.0,11725.2,11754.8999,0.0
2019-05-23 09:00:00,11898.8999,11968.8999,11836.8999,11935.2999,0.0
2019-05-23 10:00:00,11935.8999,12041.1,11934.2999,11957.0,0.0
2019-05-23 11:00:00,11956.7,11962.2999,11826.3999,11864.2,0.0
2019-05-23 12:00:00,11862.7,11869.3999,11779.0,11823.7999,0.0
2019-05-23 13:00:00,11824.2999,11860.5,11758.5,11781.2,0.0
2019-05-23 14:00:00,11780.5,11807.0,11673.2999,11673.8999,0.0
2019-05-23 15:00:00,11674.3999,11693.2999,11614.5,11683.7999,0.0
2019-05-24 09:00:00,11747.8999,11775.5,11679.0,11704.3999,0.0
2019-05-24 10:00:00,11704.2,11712.2999,11658.1,11695.2,0.0
2019-05-24 11:00:00,11695.2999,11747.5,11694.7999,11744.0,0.0
2019-05-24 12:00:00,11744.6,11798.2,11739.3999,11792.7999,0.0
2019-05-24 13:00:00,11792.3999,11831.7999,11763.0,11799.1,0.0
2019-05-24 14:00:00,11799.1,11841.3999,11794.2,11820.5,0.0
2019-05-24 15:00:00,11820.5,11858.8999,11820.1,11845.5,0.0
2019-05-27 09:00:00,11856.1,11897.8999,11812.2999,11894.1,0.0
2019-05-27 10:00:00,11893.3999,11900.2999,11873.7,11881.7,0.0
2019-05-27 11:00:00,11881.6,11940.0,11880.2,11922.7999,0.0
2019-05-27 12:00:00,11922.7999,11957.1,11911.0,11915.8999,0.0
2019-05-27 13:00:00,11915.2,11949.7999,11911.5,11932.5,0.0
2019-05-27 14:00:00,11933.7999,11952.2,11916.7999,11928.2,0.0
2019-05-27 15:00:00,11927.7,11943.3999,11909.2,11919.7999,0.0
2019-05-28 09:00:00,11961.1,11961.1,11900.0,11915.7999,0.0
2019-05-28 10:00:00,11915.5,11931.1,11891.5,11917.1,0.0
2019-05-28 11:00:00,11917.2,11937.5,11898.7,11901.6,0.0
2019-05-28 12:00:00,11901.5,11918.0,11879.7999,11903.2,0.0
2019-05-28 13:00:00,11903.8999,11923.0,11889.6,11897.7,0.0
2019-05-28 14:00:00,11897.6,11909.1,11864.8999,11894.2,0.0
2019-05-28 15:00:00,11894.0,11950.2999,11892.8999,11941.8999,0.0
2019-05-29 09:00:00,11908.0,11928.1,11896.3999,11907.3999,0.0
2019-05-29 10:00:00,11907.8999,11919.1,11890.2999,11912.7999,0.0
2019-05-29 11:00:00,11912.7999,11931.8999,11902.6,11905.5,0.0
2019-05-29 12:00:00,11905.6,11913.6,11875.7,11884.2999,0.0
2019-05-29 13:00:00,11884.2999,11896.7999,11872.2,11888.6,0.0
2019-05-29 14:00:00,11888.5,11895.6,11836.7,11858.0,0.0
2019-05-29 15:00:00,11857.3999,11871.0,11847.6,11862.7999,0.0
2019-05-30 09:00:00,11869.2,11911.6,11859.3999,11906.2999,0.0
2019-05-30 10:00:00,11906.0,11928.2999,11902.7999,11913.7,0.0
2019-05-30 11:00:00,11913.6,11923.1,11904.0,11912.2999,0.0
2019-05-30 12:00:00,11912.2999,11947.5,11912.1,11942.8999,0.0
2019-05-30 13:00:00,11942.8999,11968.5,11936.0,11951.5,0.0
2019-05-30 14:00:00,11951.7,11967.3999,11920.1,11933.2,0.0
2019-05-30 15:00:00,11934.3999,11955.8999,11920.2999,11946.5,0.0
2019-05-31 09:00:00,12000.5,12034.5,11985.2,12026.7999,0.0
2019-05-31 10:00:00,12026.7999,12039.2,12005.7,12013.0,0.0
2019-05-31 11:00:00,12012.6,12030.3999,11941.7,11942.3999,0.0
2019-05-31 12:00:00,11939.2999,11956.2999,11829.3999,11923.7,0.0
2019-05-31 13:00:00,11923.5,11945.7999,11872.1,11902.3999,0.0
2019-05-31 14:00:00,11901.2999,11925.3999,11882.3999,11898.2999,0.0
2019-05-31 15:00:00,11897.8999,11938.1,11897.3999,11918.6,0.0
2019-06-03 09:00:00,11957.8999,11973.6,11920.1,11962.7999,0.0
2019-06-03 10:00:00,11962.6,11988.5,11961.0,11983.6,0.0
2019-06-03 11:00:00,11983.7999,12012.8999,11980.7,12000.1,0.0
2019-06-03 12:00:00,12000.3999,12025.6,11998.2,12020.7,0.0
2019-06-03 13:00:00,12021.0,12033.7,11999.2999,12028.2999,0.0
2019-06-03 14:00:00,12028.1,12081.7999,12028.1,12064.5,0.0
2019-06-03 15:00:00,12064.0,12103.0,12063.7999,12092.5,0.0
2019-06-04 09:00:00,12053.5,12095.2,12042.8999,12061.8999,0.0
2019-06-04 10:00:00,12061.5,12066.0,12040.8999,12045.7,0.0
2019-06-04 11:00:00,12045.5,12053.0,12024.7,12041.0,0.0
2019-06-04 12:00:00,12040.8999,12054.0,12018.3999,12051.3999,0.0
2019-06-04 13:00:00,12051.5,12071.1,12036.3999,12052.2,0.0
2019-06-04 14:00:00,12054.0,12062.0,12027.5,12035.0,0.0
2019-06-04 15:00:00,12035.5,12039.8999,12005.7999,12036.6,0.0
2019-06-06 09:00:00,12037.8999,12041.7999,11971.3999,11979.7999,0.0
2019-06-06 10:00:00,11979.8999,11980.0,11954.8999,11968.2999,0.0
2019-06-06 11:00:00,11968.2999,11975.7,11940.5,11969.0,0.0
2019-06-06 12:00:00,11969.1,11974.2999,11901.3999,11925.5,0.0
2019-06-06 13:00:00,11925.2999,11928.8999,11860.0,11873.2,0.0
2019-06-06 14:00:00,11873.0,11876.2999,11830.2,11855.5,0.0
2019-06-06 15:00:00,11855.6,11857.2,11831.7999,11849.8999,0.0
2019-06-07 09:00:00,11863.7999,11870.3999,11769.5,11822.3999,0.0
2019-06-07 10:00:00,11822.2999,11887.2999,11820.3999,11846.2999,0.0
2019-06-07 11:00:00,11846.6,11858.6,11813.0,11835.6,0.0
2019-06-07 12:00:00,11835.8999,11864.8999,11828.6,11838.1,0.0
2019-06-07 13:00:00,11838.1,11851.1,11806.8999,11827.1,0.0
2019-06-07 14:00:00,11828.5,11892.7999,11815.7999,11874.7999,0.0
2019-06-07 15:00:00,11874.2,11897.5,11854.8999,11864.7999,0.0
2019-06-10 09:00:00,11935.7,11975.0,11926.7999,11958.2999,0.0
2019-06-10 10:00:00,11958.1,11962.7999,11931.2,11944.2,0.0
2019-06-10 11:00:00,11944.2999,11947.1,11887.2,11893.5,0.0
2019-06-10 12:00:00,11893.3999,11907.3999,11871.7,11890.8999,0.0
2019-06-10 13:00:00,11891.2999,11918.7,11885.2999,11900.1,0.0
2019-06-10 14:00:00,11898.7999,11914.5,11873.0,11913.1,0.0
2019-06-10 15:00:00,11913.7999,11936.2,11911.1,11927.6,0.0
2019-06-11 09:00:00,11961.5,11961.7999,11904.2999,11945.2999,0.0
2019-06-11 10:00:00,11945.2999,11959.1,11923.3999,11937.1,0.0
2019-06-11 11:00:00,11936.8999,11966.2,11935.2,11961.2,0.0
2019-06-11 12:00:00,11961.6,11970.5,11947.0,11966.5,0.0
2019-06-11 13:00:00,11966.7999,11984.8999,11954.0,11976.2,0.0
2019-06-11 14:00:00,11976.2,12000.2999,11969.0,11973.2999,0.0
2019-06-11 15:00:00,11974.2,11980.1,11957.2,11963.5,0.0
2019-06-12 09:00:00,11963.2,11963.2,11913.6,11922.0,0.0
2019-06-12 10:00:00,11922.0,11929.1,11887.0,11899.3999,0.0
2019-06-12 11:00:00,11899.2,11900.2999,11876.7999,11883.7,0.0
2019-06-12 12:00:00,11883.7,11900.0,11879.8999,11893.0,0.0
2019-06-12 13:00:00,11892.8999,11904.2,11866.2999,11890.3999,0.0
2019-06-12 14:00:00,11888.8999,11916.0,11876.6,11890.1,0.0
2019-06-12 15:00:00,11890.2999,11921.8999,11889.5,11917.2999,0.0
2019-06-13 09:00:00,11873.2,11897.3999,11854.2999,11854.7999,0.0
2019-06-13 10:00:00,11854.7999,11862.2999,11835.2,11845.0,0.0
2019-06-13 11:00:00,11844.7,11845.3999,11817.0,11820.3999,0.0
2019-06-13 12:00:00,11820.6,11843.7999,11818.8999,11837.6,0.0
2019-06-13 13:00:00,11837.7,11873.2999,11837.6,11870.7,0.0
2019-06-13 14:00:00,11870.8999,11915.3999,11870.3999,11900.7,0.0
2019-06-13 15:00:00,11901.5,11931.2999,11900.0,11905.5,0.0
2019-06-14 09:00:00,11914.1,11914.2,11849.5,11869.7999,0.0
2019-06-14 10:00:00,11870.1,11884.1,11851.7,11860.7,0.0
2019-06-14 11:00:00,11860.8999,11863.7,11839.2999,11845.3999,0.0
2019-06-14 12:00:00,11845.2,11869.7999,11840.3999,11864.2,0.0
2019-06-14 13:00:00,11864.0,11864.8999,11841.7,11852.3999,0.0
2019-06-14 14:00:00,11852.7,11877.8999,11846.7999,11870.0,0.0
2019-06-14 15:00:00,11870.3999,11874.1,11797.6,11810.7999,0.0
2019-06-17 09:00:00,11850.0,11850.7,11752.2,11759.5,0.0
2019-06-17 10:00:00,11759.3999,11769.2,11742.6,11768.2999,0.0
2019-06-17 11:00:00,11768.1,11768.5,11733.2,11736.0,0.0
2019-06-17 12:00:00,11735.8999,11736.5,11711.2,11720.1,0.0
2019-06-17 13:00:00,11720.1,11729.1,11697.6,11702.8999,0.0
2019-06-17 14:00:00,11705.2,11717.6,11691.8999,11701.7,0.0
2019-06-17 15:00:00,11701.8999,11702.3999,11657.7,11675.6,0.0
2019-06-18 09:00:00,11679.7,11716.5,11662.7999,11694.2999,0.0
2019-06-18 10:00:00,11694.7999,11719.7,11678.6,11684.2999,0.0
2019-06-18 11:00:00,11683.6,11718.0,11679.5,11703.5,0.0
2019-06-18 12:00:00,11703.8999,11727.2,11695.3999,11715.5,0.0
2019-06-18 13:00:00,11715.5,11724.8999,11671.7,11688.2999,0.0
2019-06-18 14:00:00,11688.3999,11723.6,11641.2,11641.6,0.0
2019-06-18 15:00:00,11643.3999,11706.2999,11641.1,11699.5,0.0
2019-06-19 09:00:00,11749.0,11802.5,11740.2,11774.6,0.0
2019-06-19 10:00:00,11774.7999,11791.8999,11772.7,11783.7999,0.0
2019-06-19 11:00:00,11783.3999,11786.7,11710.2,11730.7,0.0
2019-06-19 12:00:00,11730.7,11733.2,11692.7,11717.0,0.0
2019-06-19 13:00:00,11717.1,11727.5,11688.5,11688.7,0.0
2019-06-19 14:00:00,11688.7,11698.6,11625.1,11651.6,0.0
2019-06-19 15:00:00,11652.2,11713.6,11651.7999,11707.2999,0.0
2019-06-20 09:00:00,11653.5,11716.7999,11635.0,11708.8999,0.0
2019-06-20 10:00:00,11709.2999,11737.6,11707.2,11737.2,0.0
2019-06-20 11:00:00,11736.6,11745.8999,11710.7,11732.2,0.0
2019-06-20 12:00:00,11731.7,11760.7,11722.6,11756.6,0.0
2019-06-20 13:00:00,11756.3999,11762.8999,11730.2,11762.3999,0.0
2019-06-20 14:00:00,11762.5,11815.2,11756.3999,11813.2999,0.0
2019-06-20 15:00:00,11813.5,11843.5,11813.2,11842.3999,0.0
2019-06-21 09:00:00,11828.7,11828.7,11768.7999,11786.3999,0.0
2019-06-21 10:00:00,11786.7999,11791.2999,11757.8999,11771.5,0.0
2019-06-21 11:00:00,11771.7,11796.3999,11759.1,11793.2999,0.0
2019-06-21 12:00:00,11793.1,11794.2999,11765.5,11770.0,0.0
2019-06-21 13:00:00,11769.2999,11789.1,11734.8999,11742.0,0.0
2019-06-21 14:00:00,11741.8999,11772.0,11716.7,11763.8999,0.0
2019-06-21 15:00:00,11763.2,11765.3999,11705.1,11732.2999,0.0
2019-06-24 09:00:00,11725.3999,11754.0,11687.2999,11706.6,0.0
2019-06-24 10:00:00,11706.2999,11716.2,11693.2,11703.5,0.0
2019-06-24 11:00:00,11702.8999,11730.1,11695.2,11725.3999,0.0
2019-06-24 12:00:00,11725.8999,11735.3999,11714.6,11723.7,0.0
2019-06-24 13:00:00,11724.5,11727.6,11707.1,11715.1,0.0
2019-06-24 14:00:00,11714.7999,11715.1,11670.2,11686.2999,0.0
2019-06-24 15:00:00,11687.2999,11710.7,11686.3999,11702.2,0.0
2019-06-25 09:00:00,11681.5,11705.8999,11650.8999,11703.3999,0.0
2019-06-25 10:00:00,11703.3999,11710.7,11686.5,11696.3999,0.0
2019-06-25 11:00:00,11696.3999,11717.1,11689.3999,11712.7,0.0
2019-06-25 12:00:00,11712.7,11737.2,11707.3999,11730.2999,0.0
2019-06-25 13:00:00,11730.7,11779.2,11728.3999,11765.7999,0.0
2019-06-25 14:00:00,11767.2999,11799.6,11764.7999,11793.2,0.0
2019-06-25 15:00:00,11794.1,11814.3999,11774.1,11776.2999,0.0
2019-06-26 09:00:00,11768.0,11839.1,11757.5,11817.8999,0.0
2019-06-26 10:00:00,11817.7,11830.1,11790.3999,11797.5,0.0
2019-06-26 11:00:00,11797.6,11825.1,11797.0,11819.0,0.0
2019-06-26 12:00:00,11818.5,11837.0,11815.3999,11823.2999,0.0
2019-06-26 13:00:00,11823.2,11833.7999,11805.5,11821.2,0.0
2019-06-26 14:00:00,11821.3999,11871.7999,11810.6,11865.5,0.0
2019-06-26 15:00:00,11864.3999,11866.0,11839.1,11840.8999,0.0
2019-06-27 09:00:00,11857.8999,11886.7,11857.2999,11869.8999,0.0
2019-06-27 10:00:00,11869.8999,11894.7,11869.1,11890.3999,0.0
2019-06-27 11:00:00,11890.6,11901.5,11884.8999,11900.2,0.0
2019-06-27 12:00:00,11899.8999,11906.6,11877.7999,11895.7,0.0
2019-06-27 13:00:00,11895.7,11911.1,11862.0,11882.2,0.0
2019-06-27 14:00:00,11881.7999,11891.3999,11829.8999,11873.6,0.0
2019-06-27 15:00:00,11870.7,11874.0,11821.0,11844.8999,0.0
2019-06-28 09:00:00,11859.2,11871.7,11825.7,11850.0,0.0
2019-06-28 10:00:00,11852.1,11853.2999,11814.6,11816.1,0.0
2019-06-28 11:00:00,11816.1,11818.2,11803.7999,11806.2999,0.0
2019-06-28 12:00:00,11806.7999,11827.2,11798.3999,11823.3999,0.0
2019-06-28 13:00:00,11824.2999,11836.0,11805.3999,11812.5,0.0
2019-06-28 14:00:00,11812.3999,11817.7,11775.3999,11781.6,0.0
2019-06-28 15:00:00,11781.8999,11798.6,11779.6,11792.8999,0.0
2019-07-01 09:00:00,11839.6,11860.7999,11830.7,11846.5,0.0
2019-07-01 10:00:00,11846.3999,11863.7,11833.2999,11856.8999,0.0
2019-07-01 11:00:00,11857.1,11875.1,11845.2999,11853.7,0.0
2019-07-01 12:00:00,11854.2,11866.8999,11850.7999,11863.0,0.0
2019-07-01 13:00:00,11863.1,11870.2,11851.7,11869.8999,0.0
2019-07-01 14:00:00,11870.6,11884.6,11861.3999,11868.3999,0.0
2019-07-01 15:00:00,11869.5,11872.6,11860.5,11864.2,0.0
2019-07-02 09:00:00,11890.1,11892.7,11856.3999,11857.7,0.0
2019-07-02 10:00:00,11856.3999,11857.2,11822.0,11822.2,0.0
2019-07-02 11:00:00,11822.2999,11840.6,11814.7,11834.2999,0.0
2019-07-02 12:00:00,11834.2,11851.7,11826.2999,11845.2999,0.0
2019-07-02 13:00:00,11845.8999,11893.1,11845.0,11889.3999,0.0
2019-07-02 14:00:00,11889.7999,11898.1,11878.7999,11891.1,0.0
2019-07-02 15:00:00,11892.2,11917.3999,11891.0,11909.3999,0.0
2019-07-03 09:00:00,11932.6,11932.6,11887.0,11900.6,0.0
2019-07-03 10:00:00,11900.2999,11916.3999,11894.3999,11910.8999,0.0
2019-07-03 11:00:00,11910.8999,11920.1,11904.7,11911.1,0.0
2019-07-03 12:00:00,11911.5,11928.1,11903.7999,11923.6,0.0
2019-07-03 13:00:00,11924.3999,11936.7999,11922.3999,11931.1,0.0
2019-07-03 14:00:00,11931.2999,11945.1,11902.6,11908.2,0.0
2019-07-03 15:00:00,11908.6,11924.2999,11907.0,11913.5,0.0
2019-07-04 09:00:00,11930.2,11961.2999,11923.6,11951.7,0.0
2019-07-04 10:00:00,11952.2,11960.1,11945.1,11955.2999,0.0
2019-07-04 11:00:00,11955.3999,11959.6,11934.3999,11951.8999,0.0
2019-07-04 12:00:00,11952.2,11957.1,11942.2,11948.3999,0.0
2019-07-04 13:00:00,11948.7,11954.7999,11932.2,11947.8999,0.0
2019-07-04 14:00:00,11948.1,11969.2,11933.7999,11956.7999,0.0
2019-07-04 15:00:00,11957.2999,11967.1,11937.1,11938.6,0.0
2019-07-05 09:00:00,11966.7,11981.7,11959.2,11962.3999,0.0
2019-07-05 10:00:00,11963.7,11965.1,11926.2,11945.6,0.0
2019-07-05 11:00:00,11945.2,11953.6,11880.7999,11895.2999,0.0
2019-07-05 12:00:00,11895.2999,11944.6,11890.0,11916.7,0.0
2019-07-05 13:00:00,11918.2,11919.0,11798.6,11858.8999,0.0
2019-07-05 14:00:00,11860.2,11881.2,11828.6,11832.0,0.0
2019-07-05 15:00:00,11832.7,11840.2999,11797.8999,11802.7,0.0
2019-07-08 09:00:00,11770.2999,11771.8999,11673.1,11696.0,0.0
2019-07-08 10:00:00,11696.1,11702.7999,11647.7,11652.2999,0.0
2019-07-08 11:00:00,11652.2,11652.2999,11601.5,11629.0,0.0
2019-07-08 12:00:00,11629.5,11636.6,11604.0,11612.3999,0.0
2019-07-08 13:00:00,11612.1,11612.6,11576.1,11576.2999,0.0
2019-07-08 14:00:00,11576.6,11579.3999,11523.2,11548.7999,0.0
2019-07-08 15:00:00,11550.3999,11570.0,11535.5,11564.2,0.0
2019-07-09 09:00:00,11534.2,11537.5,11477.6,11490.1,0.0
2019-07-09 10:00:00,11491.1,11493.5,11461.0,11490.7999,0.0
2019-07-09 11:00:00,11490.6,11566.6,11490.5,11564.5,0.0
2019-07-09 12:00:00,11565.0,11582.5,11519.7,11534.7,0.0
2019-07-09 13:00:00,11534.3999,11556.2999,11510.6,11521.2999,0.0
2019-07-09 14:00:00,11520.6,11564.1,11518.3999,11546.6,0.0
2019-07-09 15:00:00,11547.1,11569.2999,11532.2999,11552.5,0.0
2019-07-10 09:00:00,11539.3999,11593.7,11516.2999,11579.6,0.0
2019-07-10 10:00:00,11579.2999,11580.6,11513.2,11528.2,0.0
2019-07-10 11:00:00,11529.1,11539.1,11518.2999,11526.6,0.0
2019-07-10 12:00:00,11526.7999,11526.7999,11477.7,11481.2999,0.0
2019-07-10 13:00:00,11481.1,11533.2,11479.7999,11512.8999,0.0
2019-07-10 14:00:00,11512.3999,11517.2,11475.6,11503.8999,0.0
2019-07-10 15:00:00,11504.8999,11520.2,11485.2,11493.1,0.0
2019-07-11 09:00:00,11564.5,11565.0,11519.5,11551.1,0.0
2019-07-11 10:00:00,11551.5,11557.8999,11535.3999,11536.2,0.0
2019-07-11 11:00:00,11535.8999,11556.6,11534.5,11553.6,0.0
2019-07-11 12:00:00,11553.7999,11576.2,11552.8999,11572.7999,0.0
2019-07-11 13:00:00,11573.2,11590.6,11566.6,11577.2,0.0
2019-07-11 14:00:00,11577.2,11599.0,11562.6,11574.5,0.0
2019-07-11 15:00:00,11575.7,11589.3999,11572.2,11576.5,0.0
2019-07-12 09:00:00,11605.1,11608.8999,11557.1,11560.5,0.0
2019-07-12 10:00:00,11559.7999,11588.8999,11553.2999,11575.7,0.0
2019-07-12 11:00:00,11575.2999,11599.1,11569.2999,11585.2999,0.0
2019-07-12 12:00:00,11585.0,11596.1,11576.3999,11592.2999,0.0
2019-07-12 13:00:00,11593.5,11639.5,11592.1,11623.7,0.0
2019-07-12 14:00:00,11624.6,11629.6,11547.3999,11566.6,0.0
2019-07-12 15:00:00,11566.2,11566.8999,11538.6,11547.6,0.0
2019-07-15 09:00:00,11614.7,11618.3999,11566.7999,11578.7,0.0
2019-07-15 10:00:00,11579.2,11582.2999,11532.7999,11544.7999,0.0
2019-07-15 11:00:00,11544.7,11560.0,11535.1,11553.7999,0.0
2019-07-15 12:00:00,11554.0,11567.8999,11532.2,11556.2999,0.0
2019-07-15 13:00:00,11556.3999,11580.3999,11556.0,11566.8999,0.0
2019-07-15 14:00:00,11567.8999,11594.7999,11552.7999,11585.6,0.0
2019-07-15 15:00:00,11585.7,11594.2,11579.3999,11587.6,0.0
2019-07-16 09:00:00,11597.7,11634.6,11573.8999,11630.2999,0.0
2019-07-16 10:00:00,11630.2999,11637.2,11611.3999,11620.0,0.0
2019-07-16 11:00:00,11620.1,11639.7,11617.0,11632.0,0.0
2019-07-16 12:00:00,11632.0,11640.2999,11618.7999,11633.6,0.0
2019-07-16 13:00:00,11633.8999,11635.1,11614.3999,11628.1,0.0
2019-07-16 14:00:00,11627.8999,11670.0,11625.7,11657.1,0.0
2019-07-16 15:00:00,11657.3999,11668.1,11650.3999,11661.2999,0.0
2019-07-17 09:00:00,11672.3999,11685.6,11651.1,11678.6,0.0
2019-07-17 10:00:00,11678.7999,11703.7999,11678.3999,11696.6,0.0
2019-07-17 11:00:00,11696.7999,11706.6,11686.7999,11691.0,0.0
2019-07-17 12:00:00,11691.2,11699.0,11688.6,11689.6,0.0
2019-07-17 13:00:00,11689.3999,11693.2,11663.7999,11684.5,0.0
2019-07-17 14:00:00,11684.1,11695.2999,11672.8999,11691.8999,0.0
2019-07-17 15:00:00,11691.0,11694.0,11679.7,11686.6,0.0
2019-07-18 09:00:00,11678.3999,11678.3999,11644.7999,11665.0,0.0
2019-07-18 10:00:00,11665.0,11677.1,11663.5,11668.0,0.0
2019-07-18 11:00:00,11667.7,11673.5,11649.7,11655.7999,0.0
2019-07-18 12:00:00,11655.8999,11659.3999,11636.8999,11642.3999,0.0
2019-07-18 13:00:00,11642.5,11661.3999,11625.1,11627.7,0.0
2019-07-18 14:00:00,11628.3999,11651.1,11624.7,11624.8999,0.0
2019-07-18 15:00:00,11625.0,11629.7,11582.3999,11601.3999,0.0
2019-07-19 09:00:00,11626.7999,11640.2999,11526.6,11544.1,0.0
2019-07-19 10:00:00,11544.1,11544.3999,11503.2,11514.7,0.0
2019-07-19 11:00:00,11514.7,11520.0,11472.2,11494.0,0.0
2019-07-19 12:00:00,11493.5,11493.7,11462.8999,11468.6,0.0
2019-07-19 13:00:00,11468.6,11471.8999,11424.0,11447.0,0.0
2019-07-19 14:00:00,11447.1,11448.5,11418.7,11441.0,0.0
2019-07-19 15:00:00,11439.8999,11441.5,11399.2999,11437.1,0.0
2019-07-22 09:00:00,11397.1,11398.8999,11301.2,11352.0,0.0
2019-07-22 10:00:00,11351.7999,11380.2,11330.3999,11349.2999,0.0
2019-07-22 11:00:00,11349.7,11366.0,11323.1,11323.1,0.0
2019-07-22 12:00:00,11323.6,11340.7999,11311.8999,11322.3999,0.0
2019-07-22 13:00:00,11322.1,11349.7999,11302.2,11344.2,0.0
2019-07-22 14:00:00,11344.2,11359.2,11311.2999,11338.1,0.0
2019-07-22 15:00:00,11337.2999,11364.1,11328.1,11337.1,0.0
2019-07-23 09:00:00,11374.2999,11374.3999,11315.8999,11359.6,0.0
2019-07-23 10:00:00,11360.1,11369.3999,11338.6,11355.2,0.0
2019-07-23 11:00:00,11355.6,11359.8999,11339.7,11358.7,0.0
2019-07-23 12:00:00,11359.1,11368.2999,11342.3999,11361.2999,0.0
2019-07-23 13:00:00,11361.0,11387.2,11350.7999,11382.5,0.0
2019-07-23 14:00:00,11382.2,11398.1,11302.7999,11328.2,0.0
2019-07-23 15:00:00,11326.2,11341.1,11322.0,11328.5,0.0
2019-07-24 09:00:00,11324.0,11359.7,11252.2999,11261.2,0.0
2019-07-24 10:00:00,11261.3999,11272.6,11229.7,11243.0,0.0
2019-07-24 11:00:00,11243.2,11252.8999,11230.0,11250.1,0.0
2019-07-24 12:00:00,11250.2999,11264.0,11233.1,11259.2999,0.0
2019-07-24 13:00:00,11259.1,11297.6,11246.3999,11286.7,0.0
2019-07-24 14:00:00,11286.3999,11298.6,11240.5,11264.2999,0.0
2019-07-24 15:00:00,11264.2,11277.6,11263.6,11267.3999,0.0
2019-07-25 09:00:00,11291.7999,11361.3999,11274.8999,11355.2999,0.0
2019-07-25 10:00:00,11355.2,11357.1,11296.5,11320.5,0.0
2019-07-25 11:00:00,11320.6,11322.2,11267.7,11277.6,0.0
2019-07-25 12:00:00,11277.3999,11288.3999,11256.7999,11258.2,0.0
2019-07-25 13:00:00,11258.8999,11289.0,11247.1,11282.3999,0.0
2019-07-25 14:00:00,11283.1,11310.2999,11271.0,11283.7,0.0
2019-07-25 15:00:00,11284.3999,11288.2,11239.2999,11261.0,0.0
2019-07-26 09:00:00,11247.2999,11267.7,11210.0,11224.6,0.0
2019-07-26 10:00:00,11224.6,11265.7999,11214.3999,11255.1,0.0
2019-07-26 11:00:00,11255.3999,11304.7,11254.7,11303.2,0.0
2019-07-26 12:00:00,11303.7,11307.6,11266.7,11277.7,0.0
2019-07-26 13:00:00,11277.6,11298.3999,11256.8999,11269.3999,0.0
2019-07-26 14:00:00,11268.8999,11298.6,11268.3999,11275.5,0.0
2019-07-26 15:00:00,11275.7,11298.8999,11272.6,11297.6,0.0
2019-07-29 09:00:00,11309.1,11310.8999,11229.7,11242.0,0.0
2019-07-29 10:00:00,11241.5,11247.5,11224.8999,11234.3999,0.0
2019-07-29 11:00:00,11234.7,11243.2,11155.7,11157.6,0.0
2019-07-29 12:00:00,11157.2,11183.5,11152.3999,11173.8999,0.0
2019-07-29 13:00:00,11173.5,11222.2999,11172.7,11203.2999,0.0
2019-07-29 14:00:00,11202.8999,11213.7,11167.1,11182.7999,0.0
2019-07-29 15:00:00,11182.7999,11197.3999,11182.2999,11195.7999,0.0
2019-07-30 09:00:00,11214.7999,11267.3999,11190.7,11246.5,0.0
2019-07-30 10:00:00,11246.7,11254.5,11207.7,11217.3999,0.0
2019-07-30 11:00:00,11217.2999,11225.2,11161.5,11195.5,0.0
2019-07-30 12:00:00,11195.2999,11221.2999,11184.2,11194.8999,0.0
2019-07-30 13:00:00,11195.5,11208.5,11176.7999,11196.7,0.0
2019-07-30 14:00:00,11197.1,11203.3999,11078.6,11087.2,0.0
2019-07-30 15:00:00,11087.7,11099.2,11072.6,11079.1,0.0
2019-07-31 09:00:00,11039.8999,11072.8999,11010.2999,11059.0,0.0
2019-07-31 10:00:00,11058.7,11059.5,10999.3999,11016.8999,0.0
2019-07-31 11:00:00,11017.2,11096.1,11014.7999,11079.8999,0.0
2019-07-31 12:00:00,11080.1,11088.1,11054.2999,11075.8999,0.0
2019-07-31 13:00:00,11075.3999,11108.1,11061.6,11094.5,0.0
2019-07-31 14:00:00,11095.2,11145.2999,11078.0,11115.8999,0.0
2019-07-31 15:00:00,11115.3999,11130.7,11107.0,11112.7999,0.0
2019-08-01 09:00:00,11061.3999,11076.7,11038.7,11056.7999,0.0
2019-08-01 10:00:00,11057.1,11057.1,10994.8999,10998.5,0.0
2019-08-01 11:00:00,10999.3999,11006.7,10973.1,10977.7999,0.0
2019-08-01 12:00:00,10977.3999,10998.1,10966.7,10979.1,0.0
2019-08-01 13:00:00,10979.2999,10988.7999,10944.1,10949.2,0.0
2019-08-01 14:00:00,10950.0,10963.3999,10881.0,10931.1,0.0
2019-08-01 15:00:00,10931.3999,11006.2,10923.3999,10992.8999,0.0
2019-08-02 09:00:00,10932.7999,10935.2999,10856.8999,10872.7,0.0
2019-08-02 10:00:00,10872.7,10896.6,10848.8999,10875.7,0.0
2019-08-02 11:00:00,10875.8999,10952.0,10871.1,10949.2999,0.0
2019-08-02 12:00:00,10948.7999,10961.5,10914.7,10930.2,0.0
2019-08-02 13:00:00,10929.6,11040.7,10902.3999,11023.2,0.0
2019-08-02 14:00:00,11024.1,11080.1,10968.2,10985.8999,0.0
2019-08-02 15:00:00,10985.7999,11015.8999,10975.5,11001.2999,0.0
2019-08-05 09:00:00,10898.7,10899.3999,10788.6,10823.8999,0.0
2019-08-05 10:00:00,10824.2999,10830.7,10788.7,10800.0,0.0
2019-08-05 11:00:00,10799.6,10856.2999,10782.6,10852.7,0.0
2019-08-05 12:00:00,10852.7999,10893.7,10834.2,10866.0,0.0
2019-08-05 13:00:00,10866.0,10879.8999,10825.2,10846.3999,0.0
2019-08-05 14:00:00,10846.2999,10870.2,10831.2,10855.2,0.0
2019-08-05 15:00:00,10854.8999,10875.1,10848.2999,10857.7,0.0
2019-08-06 09:00:00,10811.3999,10938.6,10811.0,10917.0,0.0
2019-08-06 10:00:00,10917.7999,10926.0,10882.5,10909.2,0.0
2019-08-06 11:00:00,10909.0,10917.2999,10883.0,10905.7,0.0
2019-08-06 12:00:00,10905.6,10964.1,10905.0,10955.2999,0.0
2019-08-06 13:00:00,10955.2999,10966.2999,10929.8999,10966.0,0.0
2019-08-06 14:00:00,10966.1,11018.5,10965.5,10988.7,0.0
2019-08-06 15:00:00,10989.7999,10990.1,10927.6,10932.7,0.0
2019-08-07 09:00:00,10959.7,10970.2,10913.3999,10955.1,0.0
2019-08-07 10:00:00,10955.1,10956.2,10926.5,10937.6,0.0
2019-08-07 11:00:00,10937.6,10975.6,10913.2999,10936.1,0.0
2019-08-07 12:00:00,10935.0,10963.2,10891.5,10947.3999,0.0
2019-08-07 13:00:00,10947.6,10959.8999,10880.7,10895.2,0.0
2019-08-07 14:00:00,10894.8999,10932.7,10884.5,10893.6,0.0
2019-08-07 15:00:00,10895.6,10896.5,10835.8999,10837.7999,0.0
2019-08-08 09:00:00,10898.1,10915.6,10842.8999,10863.8999,0.0
2019-08-08 10:00:00,10864.0,10906.6,10863.5,10878.1,0.0
2019-08-08 11:00:00,10877.7999,10889.0,10856.1,10873.1,0.0
2019-08-08 12:00:00,10872.7999,10897.8999,10869.3999,10878.7,0.0
2019-08-08 13:00:00,10878.2999,10918.5,10862.5,10912.3999,0.0
2019-08-08 14:00:00,10912.6,11009.7,10885.7,11001.2999,0.0
2019-08-08 15:00:00,11001.1,11058.0,11001.1,11049.2,0.0
2019-08-09 09:00:00,11087.7,11121.7999,11062.7999,11103.2,0.0
2019-08-09 10:00:00,11103.1,11143.1,11091.3999,11136.2,0.0
2019-08-09 11:00:00,11136.1,11161.7999,11129.0,11158.3999,0.0
2019-08-09 12:00:00,11157.8999,11178.5,11151.7,11159.1,0.0
2019-08-09 13:00:00,11159.5,11181.3999,11133.0,11150.6,0.0
2019-08-09 14:00:00,11150.5,11160.3999,11103.7999,11131.2,0.0
2019-08-09 15:00:00,11131.0,11131.3999,11095.6,11107.5,0.0
2019-08-13 09:00:00,11138.5,11145.8999,11041.3999,11068.1,0.0
2019-08-13 10:00:00,11068.3999,11121.3999,11059.2,11101.2,0.0
2019-08-13 11:00:00,11101.2999,11102.1,11056.2999,11065.3999,0.0
2019-08-13 12:00:00,11065.3999,11081.2,11048.0,11060.5,0.0
2019-08-13 13:00:00,11059.7999,11072.2,11017.7,11019.6,0.0
2019-08-13 14:00:00,11019.7,11032.7999,10931.7,10951.7999,0.0
2019-08-13 15:00:00,10950.6,10951.7999,10901.5,10918.3999,0.0
2019-08-14 09:00:00,11003.6,11003.7,10935.6,10956.6,0.0
2019-08-14 10:00:00,10956.6,11050.2,10944.6,11027.8999,0.0
2019-08-14 11:00:00,11028.0,11059.0,11017.7,11026.5,0.0
2019-08-14 12:00:00,11026.8999,11047.7999,10999.8999,11030.0,0.0
2019-08-14 13:00:00,11030.5,11068.7,11028.2,11057.3999,0.0
2019-08-14 14:00:00,11058.3999,11078.1,11023.7999,11041.1,0.0
2019-08-14 15:00:00,11038.2999,11044.8999,11008.7,11012.8999,0.0
2019-08-16 09:00:00,11044.1,11044.2999,10924.2999,10984.2,0.0
2019-08-16 10:00:00,10984.5,11012.0,10956.1,10998.2999,0.0
2019-08-16 11:00:00,10998.2999,11032.2999,10990.6,11020.7999,0.0
2019-08-16 12:00:00,11020.8999,11050.2,11010.2999,11045.5,0.0
2019-08-16 13:00:00,11045.2,11065.3999,11022.8999,11044.2999,0.0
2019-08-16 14:00:00,11044.6,11068.6,11029.8999,11044.6,0.0
2019-08-16 15:00:00,11045.2999,11060.0,11036.5,11042.2999,0.0
2019-08-19 09:00:00,11096.7,11122.6,11068.6,11108.7,0.0
2019-08-19 10:00:00,11108.8999,11139.5,11108.2999,11124.5,0.0
2019-08-19 11:00:00,11124.7,11135.2999,11113.2999,11121.8999,0.0
2019-08-19 12:00:00,11121.7999,11146.7999,11121.5,11140.7999,0.0
2019-08-19 13:00:00,11141.7,11141.8999,11090.7,11098.0,0.0
2019-08-19 14:00:00,11098.0,11114.2,11037.7999,11058.5,0.0
2019-08-19 15:00:00,11058.3999,11064.2999,11042.8999,11054.2999,0.0
2019-08-20 09:00:00,11062.7,11076.2999,11013.2999,11021.2999,0.0
2019-08-20 10:00:00,11021.0,11028.7999,10994.3999,11016.3999,0.0
2019-08-20 11:00:00,11016.2999,11030.0,11001.1,11007.3999,0.0
2019-08-20 12:00:00,11007.2,11014.6,10985.2,10999.1,0.0
2019-08-20 13:00:00,10999.0,11047.3999,10987.0,11036.3999,0.0
2019-08-20 14:00:00,11036.8999,11058.8999,10986.1,11006.6,0.0
2019-08-20 15:00:00,11006.1,11030.2,11000.5,11023.3999,0.0
2019-08-21 09:00:00,11017.0,11022.6,10982.2,11019.5,0.0
2019-08-21 10:00:00,11019.5,11034.2,11003.0,11011.0,0.0
2019-08-21 11:00:00,11010.7,11013.1,10968.8999,10976.1,0.0
2019-08-21 12:00:00,10976.0,10983.8999,10947.1,10978.7,0.0
2019-08-21 13:00:00,10979.1,10979.2999,10930.7999,10936.2,0.0
2019-08-21 14:00:00,10936.3999,10945.8999,10906.6,10909.2999,0.0
2019-08-21 15:00:00,10909.7999,10933.1,10908.8999,10919.1,0.0
2019-08-22 09:00:00,10904.3999,10908.2,10860.2999,10863.1,0.0
2019-08-22 10:00:00,10863.1,10874.7999,10828.3999,10842.2,0.0
2019-08-22 11:00:00,10841.7999,10852.8999,10813.1,10832.2,0.0
2019-08-22 12:00:00,10832.5,10870.7999,10826.5,10866.1,0.0
2019-08-22 13:00:00,10865.7,10873.7,10812.3999,10814.7,0.0
2019-08-22 14:00:00,10814.7999,10823.2999,10766.0,10766.2999,0.0
2019-08-22 15:00:00,10766.5,10766.8999,10718.2999,10736.1,0.0
2019-08-23 09:00:00,10710.3999,10710.5,10637.1,10695.5,0.0
2019-08-23 10:00:00,10695.6,10795.3999,10695.2999,10765.7999,0.0
2019-08-23 11:00:00,10766.8999,10774.5,10728.1,10746.1,0.0
2019-08-23 12:00:00,10746.6,10781.2,10728.7999,10771.2999,0.0
2019-08-23 13:00:00,10773.2,10862.5,10762.2999,10837.1,0.0
2019-08-23 14:00:00,10838.7999,10855.5,10799.3999,10809.2,0.0
2019-08-23 15:00:00,10809.6,10843.1,10808.8999,10841.5,0.0
2019-08-26 09:00:00,11008.1,11009.2999,10793.7999,10815.1,0.0
2019-08-26 10:00:00,10815.2999,10854.7999,10756.5,10850.2999,0.0
2019-08-26 11:00:00,10849.8999,10914.1,10840.7,10913.2999,0.0
2019-08-26 12:00:00,10912.2,10993.8999,10909.2,10977.6,0.0
2019-08-26 13:00:00,10977.0,11030.8999,10969.6,11030.2,0.0
2019-08-26 14:00:00,11032.7,11070.2,11015.5,11033.1,0.0
2019-08-26 15:00:00,11032.8999,11069.3999,11032.2,11057.7999,0.0
2019-08-27 09:00:00,11105.7999,11122.2999,11049.5,11083.7999,0.0
2019-08-27 10:00:00,11084.1,11138.1,11083.7,11118.7999,0.0
2019-08-27 11:00:00,11119.0,11133.3999,11099.5,11112.2,0.0
2019-08-27 12:00:00,11112.2999,11141.7,11101.8999,11113.8999,0.0
2019-08-27 13:00:00,11113.7,11124.5,11076.3999,11103.1,0.0
2019-08-27 14:00:00,11101.1,11135.2,11082.8999,11128.1,0.0
2019-08-27 15:00:00,11128.0,11128.2999,11085.5,11115.3999,0.0
2019-08-28 09:00:00,11103.3999,11129.6,11065.8999,11072.7,0.0
2019-08-28 10:00:00,11072.6,11082.7,11052.6,11069.2999,0.0
2019-08-28 11:00:00,11069.1,11092.2,11052.5,11053.8999,0.0
2019-08-28 12:00:00,11054.1,11067.2,11032.3999,11041.2,0.0
2019-08-28 13:00:00,11041.1,11044.7,11006.2,11027.5,0.0
2019-08-28 14:00:00,11027.2,11029.5,10987.6,11023.3999,0.0
2019-08-28 15:00:00,11023.7999,11065.5,11022.8999,11043.8999,0.0
2019-08-29 09:00:00,10993.7999,11020.1,10965.3999,11006.2,0.0
2019-08-29 10:00:00,11006.2,11009.8999,10952.6,10966.0,0.0
2019-08-29 11:00:00,10966.5,10976.1,10943.3999,10951.7999,0.0
2019-08-29 12:00:00,10951.7999,10968.8999,10922.3999,10958.0,0.0
2019-08-29 13:00:00,10957.6,11005.2,10949.5,11005.0,0.0
2019-08-29 14:00:00,11005.3999,11021.0,10964.7999,10994.2,0.0
2019-08-29 15:00:00,10995.5,10996.0,10927.3999,10961.5,0.0
2019-08-30 09:00:00,10987.6,11024.7999,10952.6,11006.2999,0.0
2019-08-30 10:00:00,11006.3999,11008.3999,10931.2999,10938.5,0.0
2019-08-30 11:00:00,10938.2,10938.5,10874.7,10882.2999,0.0
2019-08-30 12:00:00,10882.0,10929.5,10876.5,10928.6,0.0
2019-08-30 13:00:00,10928.7,10980.5,10901.5,10956.2,0.0
2019-08-30 14:00:00,10956.2,10993.1,10944.6,10981.6,0.0
2019-08-30 15:00:00,10981.7999,11042.5,10981.6,11033.8999,0.0
2019-09-03 09:00:00,10956.8999,10967.3999,10885.7999,10914.6,0.0
2019-09-03 10:00:00,10914.7,10936.7999,10878.3999,10898.7999,0.0
2019-09-03 11:00:00,10898.2999,10911.8999,10892.5,10897.2,0.0
2019-09-03 12:00:00,10897.2,10897.2,10870.0,10883.3999,0.0
2019-09-03 13:00:00,10882.8999,10894.2999,10848.0,10857.5,0.0
2019-09-03 14:00:00,10857.2,10881.3999,10831.7,10835.6,0.0
2019-09-03 15:00:00,10834.5,10835.7999,10772.7,10775.3999,0.0
2019-09-04 09:00:00,10793.7,10823.5,10757.2999,10803.7,0.0
2019-09-04 10:00:00,10803.6,10818.5,10746.2999,10765.6,0.0
2019-09-04 11:00:00,10765.2,10822.8999,10752.5,10805.2,0.0
2019-09-04 12:00:00,10805.0,10810.0,10784.2,10806.3999,0.0
2019-09-04 13:00:00,10806.0,10848.6,10802.7,10828.3999,0.0
2019-09-04 14:00:00,10828.3999,10844.1,10792.2999,10824.6,0.0
2019-09-04 15:00:00,10825.1,10858.7,10824.3999,10836.2999,0.0
2019-09-05 09:00:00,10862.3999,10908.7999,10858.7999,10892.7999,0.0
2019-09-05 10:00:00,10892.7,10920.1,10892.3999,10900.6,0.0
2019-09-05 11:00:00,10900.6,10907.2,10827.7999,10841.7,0.0
2019-09-05 12:00:00,10841.7,10848.7,10818.2,10834.1,0.0
2019-09-05 13:00:00,10833.8999,10860.5,10815.8999,10841.1,0.0
2019-09-05 14:00:00,10841.3999,10859.1,10824.3999,10837.5,0.0
2019-09-05 15:00:00,10837.7,10858.2,10824.7999,10840.5,0.0
2019-09-06 09:00:00,10885.1,10906.7999,10877.2999,10898.8999,0.0
2019-09-06 10:00:00,10898.2999,10904.7999,10867.3999,10902.6,0.0
2019-09-06 11:00:00,10902.7,10914.2,10889.7999,10912.6,0.0
2019-09-06 12:00:00,10912.2999,10930.0,10900.1,10922.2999,0.0
2019-09-06 13:00:00,10922.2999,10946.6,10921.5,10932.7999,0.0
2019-09-06 14:00:00,10932.7999,10938.2,10913.5,10923.3999,0.0
2019-09-06 15:00:00,10922.8999,10957.0,10922.3999,10940.7,0.0
2019-09-09 09:00:00,10941.2999,10941.7999,10889.7999,10929.3999,0.0
2019-09-09 10:00:00,10929.2999,11011.5,10925.3999,11006.8999,0.0
2019-09-09 11:00:00,11007.1,11014.8999,10992.3999,11008.0,0.0
2019-09-09 12:00:00,11008.0,11024.7,11000.2999,11014.2,0.0
2019-09-09 13:00:00,11014.2999,11028.7999,10965.5,10988.0,0.0
2019-09-09 14:00:00,10988.2,11008.7999,10980.7,10993.7,0.0
2019-09-09 15:00:00,10995.0,11007.2999,10993.7999,11003.0,0.0
2019-09-11 09:00:00,11022.6,11044.3999,11011.6,11023.0,0.0
2019-09-11 10:00:00,11023.0,11048.1,11018.0,11040.6,0.0
2019-09-11 11:00:00,11040.8999,11054.7999,11031.7,11047.6,0.0
2019-09-11 12:00:00,11047.5,11051.0,11020.3999,11031.7999,0.0
2019-09-11 13:00:00,11031.7,11042.8999,11021.2999,11039.0,0.0
2019-09-11 14:00:00,11039.2999,11052.3999,11027.8999,11031.3999,0.0
2019-09-11 15:00:00,11031.8999,11051.2,11016.7999,11019.3999,0.0
2019-09-12 09:00:00,11058.2,11081.7,11052.2,11078.3999,0.0
2019-09-12 10:00:00,11078.2,11079.7999,11047.7999,11060.7999,0.0
2019-09-12 11:00:00,11061.0,11062.2999,11015.7999,11043.5,0.0
2019-09-12 12:00:00,11043.5,11057.7,11034.2,11053.7999,0.0
2019-09-12 13:00:00,11053.7999,11057.2,11003.7,11018.6,0.0
2019-09-12 14:00:00,11018.1,11026.7,10986.1,11002.0,0.0
2019-09-12 15:00:00,11001.3999,11011.7,10964.8999,10980.7,0.0
2019-09-13 09:00:00,10988.2999,11023.7999,10961.8999,10980.1,0.0
2019-09-13 10:00:00,10979.2999,10990.3999,10945.7,10981.6,0.0
2019-09-13 11:00:00,10981.0,10992.3999,10960.5,10987.2,0.0
2019-09-13 12:00:00,10986.7999,10995.6,10958.6,10976.2999,0.0
2019-09-13 13:00:00,10976.2,11014.7,10970.8999,11008.1,0.0
2019-09-13 14:00:00,11008.3999,11051.3999,11000.5,11049.2999,0.0
2019-09-13 15:00:00,11051.1,11084.3999,11049.2999,11080.8999,0.0
2019-09-16 09:00:00,10995.6,11026.0,10988.7999,11015.5,0.0
2019-09-16 10:00:00,11015.3999,11034.2,11003.1,11029.7999,0.0
2019-09-16 11:00:00,11031.0,11052.7,11018.7,11022.2,0.0
2019-09-16 12:00:00,11022.2999,11029.6,10972.7,10981.8999,0.0
2019-09-16 13:00:00,10981.7999,11009.7,10968.2,11008.6,0.0
2019-09-16 14:00:00,11009.1,11016.2,10977.1,10991.2999,0.0
2019-09-16 15:00:00,10991.1,11012.0,10991.1,10994.1,0.0
2019-09-17 09:00:00,11000.3999,11001.2,10950.3999,10950.7999,0.0
2019-09-17 10:00:00,10950.7999,10963.7999,10915.1,10922.0,0.0
2019-09-17 11:00:00,10921.5,10936.6,10911.2,10915.2,0.0
2019-09-17 12:00:00,10915.3999,10921.2,10900.7,10913.1,0.0
2019-09-17 13:00:00,10912.7,10912.8999,10840.1,10849.0,0.0
2019-09-17 14:00:00,10848.7999,10859.7999,10804.1,10831.6,0.0
2019-09-17 15:00:00,10831.2,10835.7999,10796.5,10827.2,0.0
2019-09-18 09:00:00,10874.8999,10885.1,10826.7999,10828.5,0.0
2019-09-18 10:00:00,10828.2,10849.0,10804.7999,10822.2999,0.0
2019-09-18 11:00:00,10822.0,10845.3999,10810.6,10836.8999,0.0
2019-09-18 12:00:00,10836.7999,10863.8999,10820.7,10860.1,0.0
2019-09-18 13:00:00,10860.7999,10875.1,10824.8999,10842.2,0.0
2019-09-18 14:00:00,10842.5,10870.7999,10836.8999,10851.8999,0.0
2019-09-18 15:00:00,10852.7,10866.7999,10823.5,10847.5,0.0
2019-09-19 09:00:00,10844.7999,10845.2,10761.2999,10767.6,0.0
2019-09-19 10:00:00,10767.2999,10778.2999,10732.7,10744.1,0.0
2019-09-19 11:00:00,10744.1,10763.8999,10736.0,10756.8999,0.0
2019-09-19 12:00:00,10757.0,10763.5,10710.7999,10724.2999,0.0
2019-09-19 13:00:00,10724.7999,10728.8999,10688.3999,10689.7,0.0
2019-09-19 14:00:00,10689.7,10716.6,10670.2,10690.6,0.0
2019-09-19 15:00:00,10690.5,10713.3999,10690.1,10698.1,0.0
2019-09-20 09:00:00,10748.6,10748.7999,10691.0,10709.1,0.0
2019-09-20 10:00:00,10709.1,10970.7,10691.3999,10904.2,0.0
2019-09-20 11:00:00,10903.2999,11256.1,10901.5,11223.2,0.0
2019-09-20 12:00:00,11223.1,11272.7999,11189.5,11238.0,0.0
2019-09-20 13:00:00,11238.5,11316.6,11226.8999,11305.5,0.0
2019-09-20 14:00:00,11305.8999,11381.8999,11237.8999,11274.3999,0.0
2019-09-20 15:00:00,11275.1,11291.7999,11259.2999,11276.7999,0.0
2019-09-23 09:00:00,11542.1,11666.2999,11471.2999,11504.7,0.0
2019-09-23 10:00:00,11504.2999,11586.3999,11490.2999,11584.8999,0.0
2019-09-23 11:00:00,11583.8999,11650.0,11561.7999,11645.1,0.0
2019-09-23 12:00:00,11645.0,11694.7999,11632.0,11645.6,0.0
2019-09-23 13:00:00,11644.3999,11670.8999,11588.7999,11619.5,0.0
2019-09-23 14:00:00,11619.8999,11630.7999,11572.3999,11612.1,0.0
2019-09-23 15:00:00,11611.7,11627.2999,11566.8999,11598.0,0.0
2019-09-24 09:00:00,11599.8999,11655.0,11561.5,11600.7,0.0
2019-09-24 10:00:00,11600.8999,11636.2999,11559.2999,11579.6,0.0
2019-09-24 11:00:00,11579.6,11590.3999,11539.2,11567.0,0.0
2019-09-24 12:00:00,11567.5,11605.5,11557.7999,11564.2,0.0
2019-09-24 13:00:00,11564.2,11597.8999,11539.3999,11564.7999,0.0
2019-09-24 14:00:00,11564.3999,11636.3999,11553.2,11596.7,0.0
2019-09-24 15:00:00,11595.7,11613.8999,11571.8999,11587.7,0.0
2019-09-25 09:00:00,11567.3999,11568.0,11490.2999,11519.1,0.0
2019-09-25 10:00:00,11519.2999,11519.3999,11463.0,11487.0,0.0
2019-09-25 11:00:00,11487.0,11490.7999,11463.6,11486.2999,0.0
2019-09-25 12:00:00,11486.2,11513.0,11469.3999,11494.5,0.0
2019-09-25 13:00:00,11494.6,11497.6,11429.8999,11440.7999,0.0
2019-09-25 14:00:00,11440.0,11456.1,11416.0,11426.5,0.0
2019-09-25 15:00:00,11426.8999,11461.5,11425.8999,11433.0,0.0
2019-09-26 09:00:00,11474.1,11570.8999,11466.2999,11550.1,0.0
2019-09-26 10:00:00,11550.7999,11610.7999,11544.6,11567.6,0.0
2019-09-26 11:00:00,11568.0,11589.0,11557.2999,11564.5,0.0
2019-09-26 12:00:00,11565.0,11566.1,11490.6,11535.2,0.0
2019-09-26 13:00:00,11535.0,11557.7,11514.2999,11557.1,0.0
2019-09-26 14:00:00,11556.8999,11591.1,11532.7999,11556.7,0.0
2019-09-26 15:00:00,11557.1,11586.2999,11549.1,11580.2,0.0
2019-09-27 09:00:00,11555.1,11593.6,11516.7999,11557.5,0.0
2019-09-27 10:00:00,11557.5,11558.0,11519.1,11525.0,0.0
2019-09-27 11:00:00,11524.7999,11548.0,11505.7999,11542.5,0.0
2019-09-27 12:00:00,11542.2999,11549.0,11523.7999,11541.2999,0.0
2019-09-27 13:00:00,11541.5,11575.2,11536.6,11569.3999,0.0
2019-09-27 14:00:00,11568.8999,11569.5,11499.7,11517.2999,0.0
2019-09-27 15:00:00,11516.3999,11525.8999,11505.5,11512.3999,0.0
2019-09-30 09:00:00,11491.7,11504.6,11417.2,11438.5,0.0
2019-09-30 10:00:00,11438.7,11438.7,11410.2,11419.2,0.0
2019-09-30 11:00:00,11418.8999,11452.1,11411.3999,11430.8999,0.0
2019-09-30 12:00:00,11431.5,11432.7999,11390.7,11414.5,0.0
2019-09-30 13:00:00,11414.0,11444.7999,11411.5,11430.7999,0.0
2019-09-30 14:00:00,11430.7,11508.2,11418.1,11458.7999,0.0
2019-09-30 15:00:00,11458.8999,11485.2,11458.2999,11477.6,0.0
2019-10-01 09:00:00,11520.0,11554.2,11469.2999,11469.7,0.0
2019-10-01 10:00:00,11470.1,11525.0,11406.5,11511.8999,0.0
2019-10-01 11:00:00,11512.0,11535.8999,11493.3999,11500.7999,0.0
2019-10-01 12:00:00,11500.8999,11501.2999,11453.5,11471.5,0.0
2019-10-01 13:00:00,11471.3999,11486.8999,11335.1,11339.2,0.0
2019-10-01 14:00:00,11339.2999,11370.6,11247.7999,11367.0,0.0
2019-10-01 15:00:00,11367.3999,11387.6,11321.2,11367.1,0.0
2019-10-03 09:00:00,11320.6,11353.3999,11257.2999,11330.3999,0.0
2019-10-03 10:00:00,11330.2,11337.0,11286.8999,11311.3999,0.0
2019-10-03 11:00:00,11311.7,11347.1,11300.2,11338.3999,0.0
2019-10-03 12:00:00,11338.3999,11370.2999,11319.0,11321.7,0.0
2019-10-03 13:00:00,11321.8999,11331.7999,11270.3999,11322.7,0.0
2019-10-03 14:00:00,11321.7999,11323.3999,11285.8999,11294.2999,0.0
2019-10-03 15:00:00,11294.8999,11323.2999,11291.1,11312.2,0.0
2019-10-04 09:00:00,11389.7999,11400.2999,11345.7,11361.8999,0.0
2019-10-04 10:00:00,11362.5,11375.3999,11345.7999,11364.5,0.0
2019-10-04 11:00:00,11364.5,11375.5,11283.3999,11310.0,0.0
2019-10-04 12:00:00,11307.8999,11329.8999,11231.7,11241.0,0.0
2019-10-04 13:00:00,11241.0,11277.5,11182.7,11214.8999,0.0
2019-10-04 14:00:00,11215.2,11242.2999,11191.1,11203.7999,0.0
2019-10-04 15:00:00,11203.1,11216.6,11158.2999,11160.2999,0.0
2019-10-07 09:00:00,11196.2,11215.5,11117.7999,11188.2999,0.0
2019-10-07 10:00:00,11186.1,11233.7999,11165.6,11166.7999,0.0
2019-10-07 11:00:00,11166.8999,11208.5,11161.3999,11207.7,0.0
2019-10-07 12:00:00,11207.7999,11225.2,11198.2999,11207.2,0.0
2019-10-07 13:00:00,11207.0,11216.6,11179.6,11191.7999,0.0
2019-10-07 14:00:00,11194.2999,11206.2999,11144.2,11153.5,0.0
2019-10-07 15:00:00,11152.7999,11154.2,11112.6,11118.7,0.0
2019-10-09 09:00:00,11149.2,11159.1,11110.3999,11119.6,0.0
2019-10-09 10:00:00,11119.0,11142.1,11090.1,11127.7999,0.0
2019-10-09 11:00:00,11127.3999,11196.3999,11121.3999,11195.1,0.0
2019-10-09 12:00:00,11194.3999,11239.1,11193.7,11233.7,0.0
2019-10-09 13:00:00,11233.8999,11258.8999,11217.3999,11251.5,0.0
2019-10-09 14:00:00,11251.3999,11317.7999,11235.2,11311.5,0.0
2019-10-09 15:00:00,11310.2999,11321.6,11304.2,11319.1,0.0
2019-10-10 09:00:00,11288.3999,11293.2999,11253.3999,11264.1,0.0
2019-10-10 10:00:00,11263.2999,11292.7999,11256.2999,11277.3999,0.0
2019-10-10 11:00:00,11277.3999,11285.2,11224.2999,11242.7999,0.0
2019-10-10 12:00:00,11242.3999,11266.7999,11225.1,11240.7999,0.0
2019-10-10 13:00:00,11240.7,11249.8999,11208.5,11240.7999,0.0
2019-10-10 14:00:00,11240.2999,11253.7999,11213.3999,11216.7999,0.0
2019-10-10 15:00:00,11216.5,11248.7,11215.1,11238.8999,0.0
2019-10-11 09:00:00,11261.2999,11362.8999,11256.7,11339.6,0.0
2019-10-11 10:00:00,11340.1,11352.3999,11189.3999,11238.6,0.0
2019-10-11 11:00:00,11239.0,11278.0,11227.8999,11241.2,0.0
2019-10-11 12:00:00,11241.2999,11271.3999,11237.2,11265.2999,0.0
2019-10-11 13:00:00,11265.2999,11292.6,11251.0,11288.3999,0.0
2019-10-11 14:00:00,11291.6,11342.6,11265.2,11281.5,0.0
2019-10-11 15:00:00,11284.6,11318.2999,11282.7999,11302.0,0.0
2019-10-14 09:00:00,11342.2,11355.0,11290.0,11340.5,0.0
2019-10-14 10:00:00,11340.1,11379.7,11325.7,11365.8999,0.0
2019-10-14 11:00:00,11366.1,11382.5,11354.0,11358.8999,0.0
2019-10-14 12:00:00,11359.2,11377.6,11356.3999,11367.1,0.0
2019-10-14 13:00:00,11367.7,11404.7999,11346.3999,11402.3999,0.0
2019-10-14 14:00:00,11402.2999,11420.3999,11345.1,11361.6,0.0
2019-10-14 15:00:00,11361.1,11372.2999,11312.3999,11330.2999,0.0
2019-10-15 09:00:00,11365.0,11384.3999,11342.1,11383.3999,0.0
2019-10-15 10:00:00,11383.7999,11399.7999,11376.6,11397.1,0.0
2019-10-15 11:00:00,11397.2,11419.2999,11393.2999,11413.0,0.0
2019-10-15 12:00:00,11413.3999,11429.2,11386.7999,11409.6,0.0
2019-10-15 13:00:00,11409.7,11439.6,11393.2999,11426.7999,0.0
2019-10-15 14:00:00,11426.7,11462.2999,11421.8999,11436.8999,0.0
2019-10-15 15:00:00,11438.1,11438.1,11420.7,11429.0,0.0
2019-10-16 09:00:00,11467.0,11481.0,11439.6,11450.2999,0.0
2019-10-16 10:00:00,11450.2999,11466.2999,11423.6,11459.2,0.0
2019-10-16 11:00:00,11460.0,11463.2999,11444.2999,11458.3999,0.0
2019-10-16 12:00:00,11458.5,11467.2,11427.3999,11437.3999,0.0
2019-10-16 13:00:00,11437.6,11446.0,11411.1,11426.8999,0.0
2019-10-16 14:00:00,11427.0,11452.6,11417.7,11436.8999,0.0
2019-10-16 15:00:00,11437.0,11475.8999,11436.3999,11471.1,0.0
2019-10-17 09:00:00,11469.1,11480.7999,11439.6,11464.8999,0.0
2019-10-17 10:00:00,11464.7999,11482.6,11461.2,11465.2999,0.0
2019-10-17 11:00:00,11465.2999,11476.2999,11446.8999,11472.2,0.0
2019-10-17 12:00:00,11472.1,11506.3999,11464.7,11503.6,0.0
2019-10-17 13:00:00,11503.5,11553.7,11501.7,11548.3999,0.0
2019-10-17 14:00:00,11548.2,11570.5,11540.0,11566.0,0.0
2019-10-17 15:00:00,11565.8999,11599.1,11563.7,11582.2999,0.0
2019-10-18 09:00:00,11583.1,11632.7,11553.1,11631.8999,0.0
2019-10-18 10:00:00,11631.8999,11645.8999,11605.3999,11633.6,0.0
2019-10-18 11:00:00,11633.7,11644.7,11621.7,11638.0,0.0
2019-10-18 12:00:00,11638.1,11656.6,11629.2999,11648.6,0.0
2019-10-18 13:00:00,11649.1,11673.3999,11636.0,11667.0,0.0
2019-10-18 14:00:00,11667.3999,11684.7,11636.5,11646.1,0.0
2019-10-18 15:00:00,11646.1,11668.7,11646.0,11661.3999,0.0
2019-10-22 09:00:00,11659.1,11714.2999,11639.0,11656.6,0.0
2019-10-22 10:00:00,11656.7999,11662.5,11631.5,11642.2,0.0
2019-10-22 11:00:00,11641.5,11665.0,11635.7999,11660.2,0.0
2019-10-22 12:00:00,11660.5,11695.5,11651.3999,11668.2999,0.0
2019-10-22 13:00:00,11668.2999,11670.6,11592.2999,11622.5,0.0
2019-10-22 14:00:00,11623.6,11631.6,11573.6,11606.2,0.0
2019-10-22 15:00:00,11606.5,11611.2,11576.8999,11588.2,0.0
2019-10-23 09:00:00,11601.8999,11606.7999,11554.2999,11576.3999,0.0
2019-10-23 10:00:00,11576.3999,11638.7999,11575.0,11631.7,0.0
2019-10-23 11:00:00,11631.6,11651.6,11626.8999,11632.7999,0.0
2019-10-23 12:00:00,11632.2999,11646.5,11610.0,11615.7,0.0
2019-10-23 13:00:00,11615.5,11649.0,11611.8999,11632.0,0.0
2019-10-23 14:00:00,11632.0,11638.5,11562.1,11590.1,0.0
2019-10-23 15:00:00,11589.8999,11614.5,11587.2,11613.8999,0.0
2019-10-24 09:00:00,11667.7,11679.6,11609.2,11618.0,0.0
2019-10-24 10:00:00,11617.7,11628.0,11570.2999,11584.2999,0.0
2019-10-24 11:00:00,11583.7,11595.8999,11564.6,11588.5,0.0
2019-10-24 12:00:00,11587.7999,11621.7,11584.7,11611.2999,0.0
2019-10-24 13:00:00,11611.7,11615.7999,11534.6,11560.7999,0.0
2019-10-24 14:00:00,11561.3999,11608.5,11537.1,11587.6,0.0
2019-10-24 15:00:00,11588.7,11600.2,11571.3999,11583.7999,0.0
2019-10-25 09:00:00,11653.5,11653.8999,11568.2,11592.7999,0.0
2019-10-25 10:00:00,11593.7,11594.0,11559.1,11587.3999,0.0
2019-10-25 11:00:00,11587.3999,11593.2999,11568.1,11571.7999,0.0
2019-10-25 12:00:00,11571.5,11577.6,11507.2999,11513.3999,0.0
2019-10-25 13:00:00,11513.3999,11542.1,11490.7,11534.2999,0.0
2019-10-25 14:00:00,11534.0,11620.0,11516.8999,11604.0,0.0
2019-10-25 15:00:00,11604.5,11615.8999,11572.6,11575.0,0.0
2019-10-29 09:00:00,11641.8999,11680.5,11627.2999,11676.1,0.0
2019-10-29 10:00:00,11677.5,11737.0,11675.5,11735.5,0.0
2019-10-29 11:00:00,11735.5,11766.3999,11727.5,11750.3999,0.0
2019-10-29 12:00:00,11749.6,11778.7999,11744.3999,11777.5,0.0
2019-10-29 13:00:00,11777.7,11803.7999,11771.5,11800.5,0.0
2019-10-29 14:00:00,11800.3999,11809.3999,11782.3999,11790.2999,0.0
2019-10-29 15:00:00,11789.8999,11796.5,11776.7,11791.6,0.0
2019-10-30 09:00:00,11897.7999,11898.2999,11784.3999,11828.0,0.0
2019-10-30 10:00:00,11828.0,11853.1,11818.1,11837.0,0.0
2019-10-30 11:00:00,11836.0,11851.7999,11819.7,11847.1,0.0
2019-10-30 12:00:00,11847.7,11863.5,11837.2,11855.8999,0.0
2019-10-30 13:00:00,11856.0,11879.7,11845.0,11845.2999,0.0
2019-10-30 14:00:00,11846.0,11862.8999,11818.5,11843.0,0.0
2019-10-30 15:00:00,11843.1,11855.2999,11833.5,11849.0,0.0
2019-10-31 09:00:00,11892.2,11914.8999,11883.0,11902.8999,0.0
2019-10-31 10:00:00,11902.8999,11923.8999,11895.3999,11922.1,0.0
2019-10-31 11:00:00,11922.6,11927.7999,11906.2999,11910.2999,0.0
2019-10-31 12:00:00,11909.8999,11924.7999,11889.6,11916.7999,0.0
2019-10-31 13:00:00,11916.8999,11933.3999,11900.5,11930.5,0.0
2019-10-31 14:00:00,11930.8999,11945.0,11876.1,11878.2999,0.0
2019-10-31 15:00:00,11878.7,11899.1,11855.0,11881.5,0.0
2019-11-01 09:00:00,11886.6,11918.2999,11868.8999,11901.0,0.0
2019-11-01 10:00:00,11900.3999,11901.2,11843.2999,11871.7999,0.0
2019-11-01 11:00:00,11872.2999,11886.2999,11865.7999,11870.2,0.0
2019-11-01 12:00:00,11870.1,11900.7,11861.5,11874.6,0.0
2019-11-01 13:00:00,11874.0,11884.1,11857.1,11877.1,0.0
2019-11-01 14:00:00,11877.3999,11912.1,11869.2,11897.0,0.0
2019-11-01 15:00:00,11897.2,11903.0,11882.6,11899.3999,0.0
2019-11-04 09:00:00,11929.5,11974.7,11927.6,11944.6,0.0
2019-11-04 10:00:00,11944.7999,11962.6,11940.2999,11953.7,0.0
2019-11-04 11:00:00,11952.8999,11989.1,11915.2,11926.3999,0.0
2019-11-04 12:00:00,11926.8999,11927.1,11905.8999,11921.3999,0.0
2019-11-04 13:00:00,11921.0,11934.6,11905.2999,11927.0,0.0
2019-11-04 14:00:00,11928.2,11957.2999,11923.5,11952.7,0.0
2019-11-04 15:00:00,11953.0,11956.1,11932.2999,11945.7,0.0
2019-11-05 09:00:00,11974.1,11978.8999,11917.8999,11938.8999,0.0
2019-11-05 10:00:00,11939.2999,11954.3999,11930.2999,11936.5,0.0
2019-11-05 11:00:00,11936.8999,11945.5,11906.8999,11908.1,0.0
2019-11-05 12:00:00,11908.1,11912.3999,11878.7,11889.2,0.0
2019-11-05 13:00:00,11889.2999,11901.6,11861.8999,11898.3999,0.0
2019-11-05 14:00:00,11898.7,11923.8999,11888.2,11901.2,0.0
2019-11-05 15:00:00,11900.7,11925.8999,11900.2999,11917.7,0.0
2019-11-06 09:00:00,11914.0,11914.8999,11857.8999,11872.1,0.0
2019-11-06 10:00:00,11872.2999,11874.7,11850.2,11863.7,0.0
2019-11-06 11:00:00,11863.6,11950.1,11863.0,11934.2,0.0
2019-11-06 12:00:00,11933.6,11974.5,11933.3999,11960.2999,0.0
2019-11-06 13:00:00,11960.2999,11989.8999,11955.6,11982.7999,0.0
2019-11-06 14:00:00,11982.6,12002.8999,11981.2,11989.3999,0.0
2019-11-06 15:00:00,11987.8999,11990.1,11956.2,11960.7,0.0
2019-11-07 09:00:00,12022.3999,12022.5,11983.7,11990.6,0.0
2019-11-07 10:00:00,11990.3999,12001.5,11960.7,11987.3999,0.0
2019-11-07 11:00:00,11987.3999,11990.2999,11966.1,11978.0,0.0
2019-11-07 12:00:00,11977.8999,12008.2,11946.7999,12003.2,0.0
2019-11-07 13:00:00,12004.5,12008.0,11984.1,11999.0,0.0
2019-11-07 14:00:00,12000.2,12015.0,11983.2999,12001.0,0.0
2019-11-07 15:00:00,12001.1,12019.8999,12000.0,12015.7999,0.0
2019-11-08 09:00:00,11987.3999,11992.1,11966.5,11985.5,0.0
2019-11-08 10:00:00,11985.6,11996.5,11948.5,11961.0,0.0
2019-11-08 11:00:00,11960.7999,11970.3999,11955.2,11961.1,0.0
2019-11-08 12:00:00,11960.8999,12012.2,11959.6,12000.7999,0.0
2019-11-08 13:00:00,12001.2,12034.1,11958.7,11983.2999,0.0
2019-11-08 14:00:00,11983.5,11989.7999,11928.2999,11931.0,0.0
2019-11-08 15:00:00,11931.3999,11939.5,11888.7,11905.3999,0.0
2019-11-11 09:00:00,11884.0,11920.2,11864.5,11906.3999,0.0
2019-11-11 10:00:00,11906.5,11911.7999,11879.1,11890.3999,0.0
2019-11-11 11:00:00,11889.7999,11900.0,11859.7999,11864.5,0.0
2019-11-11 12:00:00,11864.5,11886.5,11853.8999,11881.0,0.0
2019-11-11 13:00:00,11881.2,11897.3999,11861.1,11882.3999,0.0
2019-11-11 14:00:00,11882.2,11897.6,11869.1,11888.2999,0.0
2019-11-11 15:00:00,11886.3999,11932.6,11883.3999,11913.1,0.0
2019-11-13 09:00:00,11908.7,11946.7999,11895.3999,11927.1,0.0
2019-11-13 10:00:00,11927.2999,11934.7999,11897.7,11900.5,0.0
2019-11-13 11:00:00,11900.7999,11922.3999,11897.8999,11901.8999,0.0
2019-11-13 12:00:00,11902.1,11915.6,11890.3999,11900.6,0.0
2019-11-13 13:00:00,11900.2,11907.0,11876.6,11887.0,0.0
2019-11-13 14:00:00,11887.0,11899.8999,11823.2,11827.7999,0.0
2019-11-13 15:00:00,11828.8999,11855.7,11828.2999,11835.1,0.0
2019-11-14 09:00:00,11864.0,11864.5,11802.6,11811.7,0.0
2019-11-14 10:00:00,11811.1,11861.7999,11809.2,11855.6,0.0
2019-11-14 11:00:00,11855.7999,11895.6,11849.2,11850.7999,0.0
2019-11-14 12:00:00,11850.7,11851.0,11810.7,11830.2999,0.0
2019-11-14 13:00:00,11830.2999,11852.6,11822.3999,11845.2,0.0
2019-11-14 14:00:00,11845.2999,11879.0,11831.1,11875.3999,0.0
2019-11-14 15:00:00,11875.7,11884.1,11861.5,11868.1,0.0
2019-11-15 09:00:00,11904.7,11943.2999,11899.1,11924.7999,0.0
2019-11-15 10:00:00,11924.7999,11973.6,11911.8999,11929.8999,0.0
2019-11-15 11:00:00,11929.0,11937.7999,11911.7999,11933.0,0.0
2019-11-15 12:00:00,11933.1,11939.2999,11921.7,11922.8999,0.0
2019-11-15 13:00:00,11923.2999,11964.5,11919.0,11944.7,0.0
2019-11-15 14:00:00,11944.6,11960.7,11934.5,11942.3999,0.0
2019-11-15 15:00:00,11943.6,11944.2,11879.2,11893.7999,0.0
2019-11-18 09:00:00,11916.1,11946.2,11889.3999,11890.7,0.0
2019-11-18 10:00:00,11889.5,11908.2,11884.1,11896.6,0.0
2019-11-18 11:00:00,11896.3999,11906.0,11869.7999,11873.2,0.0
2019-11-18 12:00:00,11873.2999,11903.2999,11867.6,11888.7,0.0
2019-11-18 13:00:00,11888.2999,11894.6,11875.2,11882.0,0.0
2019-11-18 14:00:00,11881.7,11904.8999,11877.8999,11883.2999,0.0
2019-11-18 15:00:00,11883.3999,11896.1,11876.6,11893.8999,0.0
2019-11-19 09:00:00,11922.7,11925.7,11881.7,11887.7,0.0
2019-11-19 10:00:00,11887.3999,11928.5,11886.5,11913.2999,0.0
2019-11-19 11:00:00,11913.5,11935.8999,11909.0,11931.8999,0.0
2019-11-19 12:00:00,11932.2999,11945.1,11916.7,11919.2999,0.0
2019-11-19 13:00:00,11919.5,11936.8999,11916.2999,11930.5,0.0
2019-11-19 14:00:00,11930.7999,11935.6,11899.7999,11908.0,0.0
2019-11-19 15:00:00,11908.2999,11958.7999,11907.8999,11957.3999,0.0
2019-11-20 09:00:00,12006.0,12006.6,11966.0,11999.1,0.0
2019-11-20 10:00:00,12000.0,12038.5,11998.7999,12027.2,0.0
2019-11-20 11:00:00,12027.6,12031.1,12013.2999,12021.0,0.0
2019-11-20 12:00:00,12020.8999,12031.7,12019.6,12024.0,0.0
2019-11-20 13:00:00,12023.7,12038.6,11987.6,12003.6,0.0
2019-11-20 14:00:00,12003.8999,12010.1,11978.8999,11995.8999,0.0
2019-11-20 15:00:00,11995.7999,12011.3999,11986.6,11992.0,0.0
2019-11-21 09:00:00,12030.2,12030.2,11978.2,11993.2999,0.0
2019-11-21 10:00:00,11993.8999,11996.2999,11965.0,11972.3999,0.0
2019-11-21 11:00:00,11972.7999,11992.3999,11968.5,11987.6,0.0
2019-11-21 12:00:00,11987.3999,12006.7999,11984.7999,12000.5,0.0
2019-11-21 13:00:00,12000.3999,12009.7,11985.1,11994.2,0.0
2019-11-21 14:00:00,11994.0,12007.1,11969.5,11971.5,0.0
2019-11-21 15:00:00,11971.5,11981.2,11956.7999,11964.3999,0.0
2019-11-22 09:00:00,11971.2999,11973.0,11931.2999,11941.2,0.0
2019-11-22 10:00:00,11941.7999,11949.3999,11916.2999,11942.2,0.0
2019-11-22 11:00:00,11942.1,11944.5,11884.3999,11903.3999,0.0
2019-11-22 12:00:00,11903.1,11909.0,11892.7,11900.6,0.0
2019-11-22 13:00:00,11900.5,11915.1,11883.5,11904.2999,0.0
2019-11-22 14:00:00,11903.3999,11921.7,11891.0,11902.7,0.0
2019-11-22 15:00:00,11902.6,11924.7999,11899.7,11916.7999,0.0
2019-11-25 09:00:00,11921.2999,11987.2,11919.7,11983.3999,0.0
2019-11-25 10:00:00,11984.5,12001.7,11967.3999,11994.2999,0.0
2019-11-25 11:00:00,11994.1,12020.0,11990.2,12011.0,0.0
2019-11-25 12:00:00,12011.1,12033.2,12007.0,12022.7,0.0
2019-11-25 13:00:00,12023.6,12064.2,12021.7999,12051.8999,0.0
2019-11-25 14:00:00,12052.7999,12067.0,12041.2999,12052.8999,0.0
2019-11-25 15:00:00,12052.8999,12084.5,12052.6,12078.7999,0.0
2019-11-26 09:00:00,12109.7999,12132.3999,12099.7999,12115.7999,0.0
2019-11-26 10:00:00,12115.7,12123.7999,12062.8999,12079.2,0.0
2019-11-26 11:00:00,12079.1,12084.8999,12068.1,12071.5,0.0
2019-11-26 12:00:00,12071.7,12107.1,12070.7,12095.5,0.0
2019-11-26 13:00:00,12096.7,12103.1,12066.2999,12082.8999,0.0
2019-11-26 14:00:00,12083.0,12084.6,12006.2999,12066.3999,0.0
2019-11-26 15:00:00,12065.3999,12066.8999,12025.2,12048.1,0.0
2019-11-27 09:00:00,12068.6,12108.5,12065.0,12087.0,0.0
2019-11-27 10:00:00,12086.5,12106.2999,12077.2,12080.1,0.0
2019-11-27 11:00:00,12080.3999,12085.5,12070.3999,12072.7999,0.0
2019-11-27 12:00:00,12073.0,12082.6,12055.1,12071.6,0.0
2019-11-27 13:00:00,12071.7999,12081.7999,12064.2,12066.3999,0.0
2019-11-27 14:00:00,12066.3999,12089.1,12065.0,12086.1,0.0
2019-11-27 15:00:00,12086.7999,12114.8999,12085.7999,12112.1,0.0
2019-11-28 09:00:00,12133.3999,12138.2999,12099.8999,12118.0,0.0
2019-11-28 10:00:00,12118.2999,12129.5,12113.2,12114.7999,0.0
2019-11-28 11:00:00,12114.7999,12135.6,12108.3999,12131.7,0.0
2019-11-28 12:00:00,12131.7,12144.3999,12121.8999,12126.5,0.0
2019-11-28 13:00:00,12126.2999,12139.7999,12104.6,12108.5,0.0
2019-11-28 14:00:00,12108.7,12130.7999,12105.3999,12123.2999,0.0
2019-11-28 15:00:00,12124.1,12158.7999,12123.5,12153.6,0.0
2019-11-29 09:00:00,12146.2999,12147.3999,12092.1,12092.1,0.0
2019-11-29 10:00:00,12091.5,12097.8999,12070.7999,12074.1,0.0
2019-11-29 11:00:00,12074.3999,12074.7,12029.2,12030.0,0.0
2019-11-29 12:00:00,12030.2,12067.5,12017.3999,12051.2999,0.0
2019-11-29 13:00:00,12051.3999,12055.7,12028.8999,12035.1,0.0
2019-11-29 14:00:00,12035.7999,12062.2999,12017.8999,12045.6,0.0
2019-11-29 15:00:00,12045.2999,12076.7,12044.8999,12047.5,0.0
2019-12-02 09:00:00,12138.7,12138.7,12063.7,12086.7,0.0
2019-12-02 10:00:00,12087.0,12091.0,12031.3999,12053.5,0.0
2019-12-02 11:00:00,12053.7,12076.7,12035.6,12053.3999,0.0
2019-12-02 12:00:00,12053.2,12062.7999,12025.3999,12032.1,0.0
2019-12-02 13:00:00,12031.2999,12058.5,12025.0,12047.6,0.0
2019-12-02 14:00:00,12048.5,12063.2,12023.7,12032.7999,0.0
2019-12-02 15:00:00,12033.1,12058.7999,12032.6,12049.5,0.0
2019-12-03 09:00:00,12066.8999,12068.6,12008.3999,12014.2999,0.0
2019-12-03 10:00:00,12013.8999,12027.0,11996.1,12001.0,0.0
2019-12-03 11:00:00,12001.1,12013.7999,11969.2999,11982.6,0.0
2019-12-03 12:00:00,11982.7,11987.5,11963.7999,11966.5,0.0
2019-12-03 13:00:00,11966.7,11990.8999,11960.0,11974.8999,0.0
2019-12-03 14:00:00,11976.1,12004.1,11956.3999,11983.2,0.0
2019-12-03 15:00:00,11983.5,12004.0,11983.2,11999.7,0.0
2019-12-04 09:00:00,11976.8999,12014.2,11951.5,12009.2999,0.0
2019-12-04 10:00:00,12010.0,12026.3999,11998.7,12013.3999,0.0
2019-12-04 11:00:00,12013.2,12013.8999,11978.7,11984.7999,0.0
2019-12-04 12:00:00,11984.8999,11991.7999,11951.6,11951.7999,0.0
2019-12-04 13:00:00,11951.8999,11974.5,11935.2999,11970.0,0.0
2019-12-04 14:00:00,11970.2,12023.7,11952.3999,12020.2999,0.0
2019-12-04 15:00:00,12020.3999,12054.7,12020.0,12037.2999,0.0
2019-12-05 09:00:00,12074.1,12079.5,12045.1,12061.5,0.0
2019-12-05 10:00:00,12061.5,12081.2,12055.7999,12074.5,0.0
2019-12-05 11:00:00,12075.3999,12078.7999,12001.8999,12036.2,0.0
2019-12-05 12:00:00,12037.2,12055.7999,12007.6,12041.7,0.0
2019-12-05 13:00:00,12042.0,12075.8999,12036.0,12066.2,0.0
2019-12-05 14:00:00,12065.5,12066.2,11998.7,12013.0,0.0
2019-12-05 15:00:00,12013.2,12042.2,12001.8999,12007.2,0.0
2019-12-06 09:00:00,12057.7,12057.7,12027.6,12049.8999,0.0
2019-12-06 10:00:00,12049.2,12050.2,12007.2,12009.5,0.0
2019-12-06 11:00:00,12010.0,12013.7,11958.2,11977.5,0.0
2019-12-06 12:00:00,11977.6,11991.7999,11966.3999,11971.7,0.0
2019-12-06 13:00:00,11971.2999,11979.6,11920.0,11924.5,0.0
2019-12-06 14:00:00,11925.5,11934.2999,11888.7999,11921.7,0.0
2019-12-06 15:00:00,11921.2,11938.7,11908.7999,11914.3999,0.0
2019-12-09 09:00:00,11938.6,11941.2,11888.0,11918.1,0.0
2019-12-09 10:00:00,11918.6,11942.8999,11903.7999,11942.2999,0.0
2019-12-09 11:00:00,11942.6,11967.5,11938.7999,11952.2999,0.0
2019-12-09 12:00:00,11952.1,11975.7999,11944.2,11974.2,0.0
2019-12-09 13:00:00,11973.7,11981.8999,11939.3999,11948.5,0.0
2019-12-09 14:00:00,11948.2999,11956.8999,11920.8999,11943.2,0.0
2019-12-09 15:00:00,11943.0,11945.7999,11932.8999,11937.3999,0.0
2019-12-10 09:00:00,11952.7,11954.3999,11910.7,11933.8999,0.0
2019-12-10 10:00:00,11934.0,11940.2,11904.6,11910.0,0.0
2019-12-10 11:00:00,11909.7,11914.2999,11890.7,11899.1,0.0
2019-12-10 12:00:00,11898.8999,11901.7999,11876.1,11886.7999,0.0
2019-12-10 13:00:00,11886.6,11907.7999,11876.2,11881.7999,0.0
2019-12-10 14:00:00,11881.0,11882.5,11844.7,11853.0,0.0
2019-12-10 15:00:00,11853.5,11864.2999,11846.7999,11860.8999,0.0
2019-12-11 09:00:00,11866.1,11905.6,11864.6,11892.6,0.0
2019-12-11 10:00:00,11892.2999,11907.2999,11880.3999,11880.3999,0.0
2019-12-11 11:00:00,11880.5,11886.7999,11854.1,11859.8999,0.0
2019-12-11 12:00:00,11859.8999,11873.0,11850.1,11854.7999,0.0
2019-12-11 13:00:00,11855.5,11885.2,11853.2,11879.6,0.0
2019-12-11 14:00:00,11879.2,11881.0,11832.2,11864.7,0.0
2019-12-11 15:00:00,11864.6,11923.2,11864.1,11913.2999,0.0
2019-12-12 09:00:00,11944.3999,11977.2999,11934.0,11963.3999,0.0
2019-12-12 10:00:00,11963.7,11964.7999,11944.5,11957.6,0.0
2019-12-12 11:00:00,11957.6,11961.2,11938.6,11956.0,0.0
2019-12-12 12:00:00,11956.1,11961.2999,11942.3999,11951.7,0.0
2019-12-12 13:00:00,11951.6,11971.3999,11949.8999,11964.2,0.0
2019-12-12 14:00:00,11965.0,12005.3999,11962.1,11999.0,0.0
2019-12-12 15:00:00,11999.6,12002.3999,11959.7,11970.7999,0.0
2019-12-13 09:00:00,12026.5,12049.3999,12023.6,12037.5,0.0
2019-12-13 10:00:00,12037.2999,12066.6,12034.5,12060.2999,0.0
2019-12-13 11:00:00,12060.6,12061.8999,12035.7,12050.7,0.0
2019-12-13 12:00:00,12051.1,12069.5,12050.8999,12065.8999,0.0
2019-12-13 13:00:00,12066.0,12084.0,12064.7,12075.5,0.0
2019-12-13 14:00:00,12076.6,12090.6,12067.2,12089.2,0.0
2019-12-13 15:00:00,12089.2,12098.7999,12074.0,12090.5,0.0
2019-12-16 09:00:00,12131.6,12134.6,12075.8999,12092.7,0.0
2019-12-16 10:00:00,12092.5,12101.3999,12073.6,12074.7,0.0
2019-12-16 11:00:00,12074.7999,12088.7999,12069.6,12082.2,0.0
2019-12-16 12:00:00,12082.2,12084.1,12061.7999,12079.8999,0.0
2019-12-16 13:00:00,12079.7,12101.6,12073.1,12095.1,0.0
2019-12-16 14:00:00,12095.5,12100.1,12074.3999,12078.0,0.0
2019-12-16 15:00:00,12076.8999,12078.1,12046.2999,12060.8999,0.0
2019-12-17 09:00:00,12079.8999,12127.5,12070.2999,12123.1,0.0
2019-12-17 10:00:00,12123.2,12142.1,12118.6,12137.7,0.0
2019-12-17 11:00:00,12137.6,12144.6,12124.2,12138.2,0.0
2019-12-17 12:00:00,12138.0,12154.8999,12132.1,12154.2999,0.0
2019-12-17 13:00:00,12154.5,12157.3999,12140.2999,12143.7,0.0
2019-12-17 14:00:00,12143.7999,12151.0,12133.0,12149.2,0.0
2019-12-17 15:00:00,12149.8999,12182.7,12148.8999,12173.1,0.0
2019-12-18 09:00:00,12197.3999,12201.2999,12167.8999,12186.7,0.0
2019-12-18 10:00:00,12187.1,12188.3999,12163.3999,12180.2,0.0
2019-12-18 11:00:00,12180.0,12191.3999,12173.2,12190.1,0.0
2019-12-18 12:00:00,12189.2,12218.5,12186.0,12211.6,0.0
2019-12-18 13:00:00,12211.7,12221.1,12189.2999,12200.5,0.0
2019-12-18 14:00:00,12200.7,12219.1,12191.3999,12214.7999,0.0
2019-12-18 15:00:00,12214.7999,12237.7,12204.6,12227.1,0.0
2019-12-19 09:00:00,12223.6,12225.2999,12191.1,12199.6,0.0
2019-12-19 10:00:00,12199.8999,12214.8999,12192.6,12212.7999,0.0
2019-12-19 11:00:00,12212.6,12249.5,12212.2,12242.1,0.0
2019-12-19 12:00:00,12241.8999,12261.2,12233.8999,12238.7,0.0
2019-12-19 13:00:00,12239.2999,12252.0,12225.7,12244.6,0.0
2019-12-19 14:00:00,12244.6,12258.6,12237.1,12246.0,0.0
2019-12-19 15:00:00,12245.8999,12268.2999,12242.6,12260.7,0.0
2019-12-20 09:00:00,12269.7,12293.7999,12252.7,12280.7,0.0
2019-12-20 10:00:00,12280.2999,12289.5,12253.2999,12283.1,0.0
2019-12-20 11:00:00,12283.0,12291.2,12273.6,12273.8999,0.0
2019-12-20 12:00:00,12273.2,12289.2,12271.2999,12278.8999,0.0
2019-12-20 13:00:00,12279.2,12280.7,12257.6,12264.6,0.0
2019-12-20 14:00:00,12262.7,12284.6,12257.7999,12275.2,0.0
2019-12-20 15:00:00,12275.0,12286.7999,12261.6,12267.2,0.0
2019-12-23 09:00:00,12232.7999,12284.0,12229.2999,12272.7,0.0
2019-12-23 10:00:00,12273.3999,12287.1,12258.7,12262.5,0.0
2019-12-23 11:00:00,12262.0,12278.2,12260.7999,12269.8999,0.0
2019-12-23 12:00:00,12269.7,12277.3999,12261.6,12264.3999,0.0
2019-12-23 13:00:00,12265.0,12265.0,12234.1,12241.6,0.0
2019-12-23 14:00:00,12242.2,12252.3999,12213.2,12225.2,0.0
2019-12-23 15:00:00,12225.2,12273.5,12224.7999,12266.0,0.0
2019-12-24 09:00:00,12270.8999,12283.7,12250.2,12263.1,0.0
2019-12-24 10:00:00,12263.1,12269.2,12244.0,12245.3999,0.0
2019-12-24 11:00:00,12244.5,12260.2,12244.3999,12250.8999,0.0
2019-12-24 12:00:00,12251.1,12253.8999,12234.2999,12251.2,0.0
2019-12-24 13:00:00,12251.2,12252.1,12236.7999,12241.7,0.0
2019-12-24 14:00:00,12239.8999,12257.2999,12221.6,12225.7999,0.0
2019-12-24 15:00:00,12225.0,12239.2,12202.1,12212.0,0.0
2019-12-26 09:00:00,12212.0,12221.5,12198.2,12209.7,0.0
2019-12-26 10:00:00,12209.6,12216.2,12192.6,12196.1,0.0
2019-12-26 11:00:00,12196.0,12199.0,12182.6,12186.5,0.0
2019-12-26 12:00:00,12186.2,12197.1,12181.8999,12187.0,0.0
2019-12-26 13:00:00,12186.7999,12188.6,12166.1,12170.0,0.0
2019-12-26 14:00:00,12170.2999,12180.3999,12146.0,12149.6,0.0
2019-12-26 15:00:00,12149.8999,12151.2999,12118.7999,12129.0,0.0
2019-12-27 09:00:00,12172.6,12192.5,12157.7999,12190.8999,0.0
2019-12-27 10:00:00,12189.6,12212.5,12172.5,12203.6,0.0
2019-12-27 11:00:00,12203.8999,12216.0,12196.6,12199.8999,0.0
2019-12-27 12:00:00,12199.8999,12219.7999,12199.7,12212.7,0.0
2019-12-27 13:00:00,12212.6,12231.7,12210.1,12219.7999,0.0
2019-12-27 14:00:00,12219.7999,12224.0,12199.2,12206.2999,0.0
2019-12-27 15:00:00,12206.8999,12258.3999,12206.3999,12250.3999,0.0
2019-12-30 09:00:00,12274.5,12286.3999,12261.5,12265.2999,0.0
2019-12-30 10:00:00,12265.2999,12279.3999,12256.1,12271.3999,0.0
2019-12-30 11:00:00,12271.1,12271.5,12224.3999,12241.2999,0.0
2019-12-30 12:00:00,12241.0,12241.2,12213.7999,12216.5,0.0
2019-12-30 13:00:00,12216.0,12239.5,12214.5,12232.0,0.0
2019-12-30 14:00:00,12232.2,12250.5,12224.7999,12244.8999,0.0
2019-12-30 15:00:00,12245.1,12262.7999,12244.5,12258.6,0.0
2019-12-31 09:00:00,12253.8999,12254.0,12205.5,12217.3999,0.0
2019-12-31 10:00:00,12217.2,12222.7999,12202.6,12203.1,0.0
2019-12-31 11:00:00,12203.2999,12239.8999,12195.0,12232.2999,0.0
2019-12-31 12:00:00,12232.3999,12234.8999,12211.7999,12216.7,0.0
2019-12-31 13:00:00,12216.8999,12236.2999,12215.8999,12228.1,0.0
2019-12-31 14:00:00,12228.8999,12232.2999,12188.3999,12193.7999,0.0
2019-12-31 15:00:00,12194.3999,12195.2,12151.7999,12177.1,0.0
2020-01-01 09:00:00,12204.8999,12222.2,12191.3999,12200.6,0.0
2020-01-01 10:00:00,12200.7999,12201.2,12169.7999,12177.6,0.0
2020-01-01 11:00:00,12177.3999,12187.5,12172.0,12176.2999,0.0
2020-01-01 12:00:00,12175.8999,12193.6,12165.2999,12182.7999,0.0
2020-01-01 13:00:00,12182.7999,12198.0,12171.7,12190.5,0.0
2020-01-01 14:00:00,12190.2,12191.5,12169.3999,12170.2,0.0
2020-01-01 15:00:00,12170.2999,12192.6,12169.8999,12187.3999,0.0
2020-01-02 09:00:00,12196.1,12230.8999,12195.2,12211.7,0.0
2020-01-02 10:00:00,12211.7999,12236.2999,12211.2999,12229.5,0.0
2020-01-02 11:00:00,12229.3999,12251.5,12226.7999,12248.8999,0.0
2020-01-02 12:00:00,12248.8999,12270.2999,12246.6,12251.7,0.0
2020-01-02 13:00:00,12251.3999,12267.3999,12251.2999,12265.7,0.0
2020-01-02 14:00:00,12265.8999,12275.2,12259.8999,12271.6,0.0
2020-01-02 15:00:00,12271.6,12289.8999,12271.2,12283.2,0.0
2020-01-03 09:00:00,12262.6,12263.5,12228.0,12241.2999,0.0
2020-01-03 10:00:00,12241.2999,12265.6,12235.7,12242.3999,0.0
2020-01-03 11:00:00,12242.5,12249.2,12222.2999,12224.3999,0.0
2020-01-03 12:00:00,12225.0,12233.6,12213.7999,12226.5,0.0
2020-01-03 13:00:00,12226.2,12240.1,12219.3999,12225.6,0.0
2020-01-03 14:00:00,12225.6,12226.3999,12191.2999,12197.1,0.0
2020-01-03 15:00:00,12196.5,12234.2999,12196.2,12223.2,0.0
2020-01-06 09:00:00,12172.3999,12179.1,12062.7999,12095.5,0.0
2020-01-06 10:00:00,12096.2999,12098.5,12073.2999,12078.8999,0.0
2020-01-06 11:00:00,12079.0,12079.2999,12026.6,12034.6,0.0
2020-01-06 12:00:00,12033.5,12038.0,12007.8999,12012.0,0.0
2020-01-06 13:00:00,12012.2,12028.2999,12006.7999,12010.8999,0.0
2020-01-06 14:00:00,12011.0,12013.6,11974.2,11995.7999,0.0
2020-01-06 15:00:00,11995.2999,12003.2,11983.8999,11989.6,0.0
2020-01-07 09:00:00,12082.2,12152.1,12073.0,12132.3999,0.0
2020-01-07 10:00:00,12132.3999,12132.8999,12089.6,12093.1,0.0
2020-01-07 11:00:00,12092.7999,12095.3999,12053.2999,12067.0,0.0
2020-01-07 12:00:00,12068.2,12087.8999,12064.2,12068.5,0.0
2020-01-07 13:00:00,12068.6,12068.6,12005.2999,12031.6,0.0
2020-01-07 14:00:00,12031.7999,12059.2999,12022.7999,12034.5,0.0
2020-01-07 15:00:00,12035.8999,12066.2,12030.0,12059.7999,0.0
2020-01-08 09:00:00,11936.7999,12044.8999,11928.0,11992.0,0.0
2020-01-08 10:00:00,11992.2999,12021.3999,11972.8999,11974.3999,0.0
2020-01-08 11:00:00,11974.0,11983.2999,11951.0,11968.3999,0.0
2020-01-08 12:00:00,11968.2999,12007.5,11954.2,11997.7,0.0
2020-01-08 13:00:00,11997.6,12011.6,11980.7999,11996.1,0.0
2020-01-08 14:00:00,11996.1,12036.7,11989.8999,12026.7,0.0
2020-01-08 15:00:00,12027.1,12033.8999,12013.7999,12021.0,0.0
2020-01-09 09:00:00,12157.2999,12177.0,12132.5,12143.1,0.0
2020-01-09 10:00:00,12142.8999,12187.2,12141.2999,12181.6,0.0
2020-01-09 11:00:00,12181.5,12188.5,12170.7,12187.0,0.0
2020-01-09 12:00:00,12187.2,12196.2999,12180.8999,12193.7,0.0
2020-01-09 13:00:00,12194.8999,12217.8999,12185.6,12187.6,0.0
2020-01-09 14:00:00,12188.1,12210.2999,12186.2,12205.7,0.0
2020-01-09 15:00:00,12207.2999,12224.0,12205.6,12215.6,0.0
2020-01-10 09:00:00,12270.7,12272.5,12230.7999,12262.0,0.0
2020-01-10 10:00:00,12261.6,12285.1,12255.2999,12277.6,0.0
2020-01-10 11:00:00,12277.8999,12311.2,12275.2,12295.7,0.0
2020-01-10 12:00:00,12295.7999,12309.6,12290.1,12290.6,0.0
2020-01-10 13:00:00,12290.6,12292.7999,12250.1,12260.1,0.0
2020-01-10 14:00:00,12259.8999,12261.7,12213.2,12234.3999,0.0
2020-01-10 15:00:00,12234.5,12265.1,12234.2,12256.5,0.0
2020-01-13 09:00:00,12297.2999,12337.7,12285.7999,12318.1,0.0
2020-01-13 10:00:00,12318.2,12335.1,12307.7999,12320.6,0.0
2020-01-13 11:00:00,12320.3999,12335.7,12318.8999,12328.6,0.0
2020-01-13 12:00:00,12328.7,12335.0,12317.6,12334.3999,0.0
2020-01-13 13:00:00,12334.2999,12335.8999,12305.5,12315.1,0.0
2020-01-13 14:00:00,12316.8999,12325.1,12295.8999,12317.1,0.0
2020-01-13 15:00:00,12317.7,12336.8999,12317.5,12329.7999,0.0
2020-01-14 09:00:00,12334.2999,12349.7,12308.7,12328.2999,0.0
2020-01-14 10:00:00,12328.2,12346.3999,12319.2999,12333.7,0.0
2020-01-14 11:00:00,12333.7,12340.6,12325.8999,12337.8999,0.0
2020-01-14 12:00:00,12337.7999,12348.8999,12332.2999,12333.0,0.0
2020-01-14 13:00:00,12332.8999,12342.5,12322.6,12324.3999,0.0
2020-01-14 14:00:00,12324.3999,12367.7999,12322.1,12366.1,0.0
2020-01-14 15:00:00,12365.8999,12374.2,12355.2,12360.2,0.0
2020-01-15 09:00:00,12354.2999,12354.3999,12292.6,12301.2,0.0
2020-01-15 10:00:00,12301.1,12310.6,12290.0,12295.5,0.0
2020-01-15 11:00:00,12295.2999,12311.7999,12294.7,12305.1,0.0
2020-01-15 12:00:00,12305.2,12306.2,12284.3999,12291.2,0.0
2020-01-15 13:00:00,12291.0,12303.1,12278.7,12286.7,0.0
2020-01-15 14:00:00,12286.0,12320.6,12285.5,12314.2999,0.0
2020-01-15 15:00:00,12313.0,12355.1,12312.6,12340.1,0.0
2020-01-16 09:00:00,12348.6,12389.0,12345.1,12378.2,0.0
2020-01-16 10:00:00,12377.8999,12381.2,12336.7,12338.1,0.0
2020-01-16 11:00:00,12338.1,12339.5,12315.7999,12332.8999,0.0
2020-01-16 12:00:00,12333.1,12343.5,12321.6,12337.0,0.0
2020-01-16 13:00:00,12337.2,12361.2,12337.0,12360.0,0.0
2020-01-16 14:00:00,12359.8999,12368.2999,12349.0,12351.6,0.0
2020-01-16 15:00:00,12352.1,12362.0,12344.2,12353.6,0.0
2020-01-17 09:00:00,12327.8999,12366.7999,12321.3999,12366.0,0.0
2020-01-17 10:00:00,12365.8999,12385.3999,12362.2,12375.7,0.0
2020-01-17 11:00:00,12375.6,12380.5,12342.7,12352.0,0.0
2020-01-17 12:00:00,12351.8999,12362.5,12336.3999,12350.3999,0.0
2020-01-17 13:00:00,12350.8999,12367.2999,12350.2,12362.2,0.0
2020-01-17 14:00:00,12362.1,12366.1,12345.1,12358.3999,0.0
2020-01-17 15:00:00,12357.7999,12370.3999,12343.8999,12347.7999,0.0
2020-01-20 09:00:00,12432.2999,12432.7999,12319.1,12327.0,0.0
2020-01-20 10:00:00,12327.5,12327.7,12277.2,12307.6,0.0
2020-01-20 11:00:00,12307.7999,12311.6,12285.0,12297.3999,0.0
2020-01-20 12:00:00,12297.7,12301.3999,12261.0,12265.1,0.0
2020-01-20 13:00:00,12265.0,12269.2,12245.8999,12257.2,0.0
2020-01-20 14:00:00,12257.0,12280.7999,12229.3999,12234.3999,0.0
2020-01-20 15:00:00,12234.2999,12246.2999,12216.8999,12230.7999,0.0
2020-01-21 09:00:00,12199.7,12230.0,12162.3999,12221.2,0.0
2020-01-21 10:00:00,12221.0,12223.2,12167.7999,12179.7999,0.0
2020-01-21 11:00:00,12178.8999,12200.8999,12171.5,12197.5,0.0
2020-01-21 12:00:00,12197.3999,12210.3999,12180.2,12189.5,0.0
2020-01-21 13:00:00,12190.0,12202.5,12176.2999,12190.5,0.0
2020-01-21 14:00:00,12189.7,12200.7999,12162.2999,12190.3999,0.0
2020-01-21 15:00:00,12191.1,12192.0,12162.5,12170.8999,0.0
2020-01-22 09:00:00,12218.2,12225.0,12179.8999,12187.2,0.0
2020-01-22 10:00:00,12187.1,12188.8999,12125.5,12144.6,0.0
2020-01-22 11:00:00,12144.5,12148.6,12121.2,12131.5,0.0
2020-01-22 12:00:00,12131.3999,12141.7999,12119.1,12137.6,0.0
2020-01-22 13:00:00,12138.1,12143.5,12119.3999,12128.2999,0.0
2020-01-22 14:00:00,12127.8999,12129.5,12087.8999,12111.6,0.0
2020-01-22 15:00:00,12113.0,12120.3999,12097.2999,12110.2999,0.0
2020-01-23 09:00:00,12119.3999,12179.0,12094.1,12165.6,0.0
2020-01-23 10:00:00,12165.7,12167.2999,12131.7,12134.7999,0.0
2020-01-23 11:00:00,12135.0,12140.5,12109.2999,12132.5,0.0
2020-01-23 12:00:00,12132.5,12169.7,12126.1,12163.8999,0.0
2020-01-23 13:00:00,12164.7,12187.1,12161.6,12162.6,0.0
2020-01-23 14:00:00,12163.2,12176.2999,12160.2,12167.0,0.0
2020-01-23 15:00:00,12167.2,12189.0,12166.8999,12179.6,0.0
2020-01-24 09:00:00,12171.1,12220.7999,12149.6,12215.8999,0.0
2020-01-24 10:00:00,12215.8999,12246.2999,12209.0,12227.7999,0.0
2020-01-24 11:00:00,12227.5,12238.5,12215.7,12222.1,0.0
2020-01-24 12:00:00,12222.1,12235.6,12216.6,12229.1,0.0
2020-01-24 13:00:00,12229.5,12256.2999,12227.1,12254.3999,0.0
2020-01-24 14:00:00,12255.0,12272.1,12250.1,12260.6,0.0
2020-01-24 15:00:00,12260.0,12262.1,12243.0,12252.8999,0.0
2020-01-27 09:00:00,12202.7999,12206.0,12154.5,12187.7,0.0
2020-01-27 10:00:00,12188.0,12216.5,12182.7,12197.2,0.0
2020-01-27 11:00:00,12197.0,12204.1,12183.8999,12196.8999,0.0
2020-01-27 12:00:00,12196.7,12207.5,12189.2,12191.2999,0.0
2020-01-27 13:00:00,12191.5,12193.1,12161.7999,12177.0,0.0
2020-01-27 14:00:00,12177.7,12178.2999,12125.8999,12134.7999,0.0
2020-01-27 15:00:00,12133.0,12138.2,12107.0,12110.1,0.0
2020-01-28 09:00:00,12156.5,12163.5,12095.2999,12141.8999,0.0
2020-01-28 10:00:00,12140.7999,12142.0,12098.2,12126.3999,0.0
2020-01-28 11:00:00,12126.1,12129.3999,12107.1,12117.3999,0.0
2020-01-28 12:00:00,12116.6,12138.2999,12110.7,12124.1,0.0
2020-01-28 13:00:00,12123.7999,12142.5,12094.8999,12099.8999,0.0
2020-01-28 14:00:00,12100.2,12100.2999,12024.5,12039.8999,0.0
2020-01-28 15:00:00,12040.1,12069.7999,12030.7,12061.1,0.0
2020-01-29 09:00:00,12113.7999,12155.7,12110.1,12146.6,0.0
2020-01-29 10:00:00,12146.5,12161.2,12119.2999,12156.2999,0.0
2020-01-29 11:00:00,12156.3999,12161.6,12138.2999,12155.8999,0.0
2020-01-29 12:00:00,12155.5,12158.5,12133.1,12145.2,0.0
2020-01-29 13:00:00,12145.2,12169.6,12103.7,12152.8999,0.0
2020-01-29 14:00:00,12153.5,12165.5,12117.3999,12127.5,0.0
2020-01-29 15:00:00,12127.6,12139.5,12111.1,12133.0,0.0
2020-01-30 09:00:00,12150.2999,12150.6,12067.0,12078.2,0.0
2020-01-30 10:00:00,12078.3999,12080.0,12050.2,12058.7999,0.0
2020-01-30 11:00:00,12058.7999,12069.2,12038.8999,12057.6,0.0
2020-01-30 12:00:00,12056.6,12059.0,12032.5,12036.2999,0.0
2020-01-30 13:00:00,12036.2,12047.0,12019.3999,12027.1,0.0
2020-01-30 14:00:00,12027.3999,12044.1,12010.6,12029.0,0.0
2020-01-30 15:00:00,12029.2,12062.7999,12016.8999,12024.8999,0.0
2020-01-31 09:00:00,12105.1,12105.1,12027.7,12042.6,0.0
2020-01-31 10:00:00,12043.0,12057.1,12014.1,12023.2999,0.0
2020-01-31 11:00:00,12023.6,12025.2999,11961.7,11974.3999,0.0
2020-01-31 12:00:00,11974.8999,12014.0,11961.5,11994.3999,0.0
2020-01-31 13:00:00,11994.1,12032.8999,11989.2,12016.0,0.0
2020-01-31 14:00:00,12016.0,12052.7,11998.3999,12017.2999,0.0
2020-01-31 15:00:00,12017.8999,12018.2,11945.7999,11967.7999,0.0
2020-02-01 09:00:00,11945.6,11970.3999,11880.6,11961.6,0.0
2020-02-01 10:00:00,11961.7,12008.5,11960.1,11995.7999,0.0
2020-02-01 11:00:00,11995.2,12017.2999,11940.3999,11976.2,0.0
2020-02-01 12:00:00,11976.6,11978.2999,11883.1,11895.5,0.0
2020-02-01 13:00:00,11895.1,11972.2,11717.3999,11816.2,0.0
2020-02-01 14:00:00,11816.0,11844.8999,11703.7,11705.0,0.0
2020-02-01 15:00:00,11704.2,11717.8999,11633.2999,11643.2999,0.0
2020-02-03 09:00:00,11628.6,11713.7999,11614.5,11677.8999,0.0
2020-02-03 10:00:00,11679.0,11749.7999,11678.2,11742.2999,0.0
2020-02-03 11:00:00,11742.2999,11745.5,11647.6,11678.7,0.0
2020-02-03 12:00:00,11679.7,11717.5,11666.2999,11712.7999,0.0
2020-02-03 13:00:00,11712.7,11729.2999,11664.5,11682.6,0.0
2020-02-03 14:00:00,11682.6,11743.6,11669.8999,11743.2999,0.0
2020-02-03 15:00:00,11742.0,11744.8999,11687.7,11723.7,0.0
2020-02-04 09:00:00,11783.3999,11849.1,11783.2,11845.6,0.0
2020-02-04 10:00:00,11845.8999,11926.2999,11840.2999,11914.8999,0.0
2020-02-04 11:00:00,11914.5,11952.8999,11907.0,11930.6,0.0
2020-02-04 12:00:00,11930.8999,11954.0,11916.5,11931.7,0.0
2020-02-04 13:00:00,11932.0,11976.7999,11929.8999,11969.2,0.0
2020-02-04 14:00:00,11969.3999,11986.0,11949.2,11979.1,0.0
2020-02-04 15:00:00,11980.1,11986.1,11973.2999,11981.6,0.0
2020-02-05 09:00:00,12003.3999,12037.2,11953.2999,12021.8999,0.0
2020-02-05 10:00:00,12021.3999,12049.6,12019.1,12036.1,0.0
2020-02-05 11:00:00,12036.3999,12039.2999,11994.7,11996.2,0.0
2020-02-05 12:00:00,11996.5,12027.3999,11979.5,12009.5,0.0
2020-02-05 13:00:00,12009.7,12044.8999,12004.0,12041.8999,0.0
2020-02-05 14:00:00,12042.8999,12092.1,12036.0,12087.0,0.0
2020-02-05 15:00:00,12086.3999,12098.1,12081.8999,12092.8999,0.0
2020-02-06 09:00:00,12121.5,12151.2,12111.5,12133.7999,0.0
2020-02-06 10:00:00,12134.1,12134.6,12096.1,12097.7999,0.0
2020-02-06 11:00:00,12097.1,12156.0,12084.6,12150.2,0.0
2020-02-06 12:00:00,12149.2999,12159.0,12126.2999,12158.1,0.0
2020-02-06 13:00:00,12158.1,12160.6,12110.7,12115.7,0.0
2020-02-06 14:00:00,12115.7,12141.8999,12102.5,12127.7,0.0
2020-02-06 15:00:00,12127.7999,12148.2,12127.2,12133.0,0.0
2020-02-07 09:00:00,12153.2,12154.8999,12102.7,12124.2,0.0
2020-02-07 10:00:00,12125.1,12129.3999,12095.8999,12112.2,0.0
2020-02-07 11:00:00,12112.2,12112.3999,12083.2,12092.7999,0.0
2020-02-07 12:00:00,12093.2,12118.0,12074.5,12098.0,0.0
2020-02-07 13:00:00,12098.0,12109.8999,12075.6,12076.1,0.0
2020-02-07 14:00:00,12075.7,12112.1,12073.8999,12099.2,0.0
2020-02-07 15:00:00,12100.1,12113.5,12084.3999,12085.3999,0.0
2020-02-10 09:00:00,12102.1,12103.5,12023.3999,12030.6,0.0
2020-02-10 10:00:00,12029.0,12030.2,11990.7,12005.2,0.0
2020-02-10 11:00:00,12005.5,12028.7999,11999.0,12026.3999,0.0
2020-02-10 12:00:00,12026.6,12041.2999,12013.7,12024.7999,0.0
2020-02-10 13:00:00,12024.6,12027.3999,12000.0,12009.7999,0.0
2020-02-10 14:00:00,12011.2,12026.2999,12000.2999,12008.5,0.0
2020-02-10 15:00:00,12008.6,12043.8999,12006.2,12036.6,0.0
2020-02-11 09:00:00,12110.0,12167.1,12103.1,12164.1,0.0
2020-02-11 10:00:00,12163.8999,12172.2999,12141.1,12145.3999,0.0
2020-02-11 11:00:00,12145.6,12150.2999,12130.2,12131.3999,0.0
2020-02-11 12:00:00,12131.6,12139.1,12114.3999,12136.8999,0.0
2020-02-11 13:00:00,12136.6,12151.0,12130.6,12147.3999,0.0
2020-02-11 14:00:00,12147.2999,12148.2999,12109.2999,12109.6,0.0
2020-02-11 15:00:00,12109.3999,12117.2999,12099.0,12110.7,0.0
2020-02-12 09:00:00,12150.6,12211.7999,12144.2999,12206.3999,0.0
2020-02-12 10:00:00,12206.5,12231.7,12200.7,12200.7999,0.0
2020-02-12 11:00:00,12201.1,12217.7,12188.7999,12196.2,0.0
2020-02-12 12:00:00,12195.3999,12206.8999,12186.7,12200.2,0.0
2020-02-12 13:00:00,12200.2,12203.6,12187.0,12200.7,0.0
2020-02-12 14:00:00,12200.5,12220.2,12199.8999,12206.7999,0.0
2020-02-12 15:00:00,12206.6,12219.0,12192.7999,12203.7999,0.0
2020-02-13 09:00:00,12223.0,12225.6,12158.0,12159.6,0.0
2020-02-13 10:00:00,12159.7999,12169.3999,12151.8999,12158.1,0.0
2020-02-13 11:00:00,12158.2999,12170.6,12144.3999,12145.7999,0.0
2020-02-13 12:00:00,12145.2999,12158.6,12139.7999,12152.3999,0.0
2020-02-13 13:00:00,12152.5,12161.8999,12140.2,12146.2,0.0
2020-02-13 14:00:00,12146.2,12168.1,12145.2999,12153.2,0.0
2020-02-13 15:00:00,12154.2,12181.2999,12152.8999,12167.8999,0.0
2020-02-14 09:00:00,12180.8999,12246.7,12179.7,12211.0,0.0
2020-02-14 10:00:00,12211.2,12211.7,12097.7999,12126.3999,0.0
2020-02-14 11:00:00,12126.2,12183.7,12101.6,12149.2,0.0
2020-02-14 12:00:00,12149.1,12173.0,12143.5,12149.6,0.0
2020-02-14 13:00:00,12149.0,12158.3999,12122.7999,12141.3999,0.0
2020-02-14 14:00:00,12141.2,12152.3999,12091.2,12117.1,0.0
2020-02-14 15:00:00,12116.7999,12125.7,12104.3999,12112.8999,0.0
2020-02-17 09:00:00,12131.1,12159.6,12073.6,12115.0,0.0
2020-02-17 10:00:00,12115.2,12123.1,12085.7999,12102.1,0.0
2020-02-17 11:00:00,12101.8999,12111.0,12091.1,12099.3999,0.0
2020-02-17 12:00:00,12099.2,12099.6,12060.8999,12065.1,0.0
2020-02-17 13:00:00,12065.0,12073.2999,12043.2,12062.5,0.0
2020-02-17 14:00:00,12062.7999,12068.1,12037.3999,12064.7,0.0
2020-02-17 15:00:00,12064.8999,12069.0,12037.0,12050.1,0.0
2020-02-18 09:00:00,12034.3999,12034.7,11954.2999,11966.2,0.0
2020-02-18 10:00:00,11966.0,11972.0,11936.8999,11947.7999,0.0
2020-02-18 11:00:00,11948.0,11949.0,11923.2999,11930.7,0.0
2020-02-18 12:00:00,11930.5,11942.0,11909.2,11939.3999,0.0
2020-02-18 13:00:00,11939.2999,11940.8999,11908.0,11927.1,0.0
2020-02-18 14:00:00,11926.5,11962.3999,11925.8999,11960.6,0.0
2020-02-18 15:00:00,11960.6,12013.6,11959.5,12010.3999,0.0
2020-02-19 09:00:00,12082.8999,12118.8999,12058.6,12074.6,0.0
2020-02-19 10:00:00,12074.5,12075.8999,12042.0,12072.6,0.0
2020-02-19 11:00:00,12072.7999,12088.0,12066.5,12079.8999,0.0
2020-02-19 12:00:00,12079.7999,12126.0,12075.2,12120.2999,0.0
2020-02-19 13:00:00,12120.3999,12123.3999,12086.0,12094.6,0.0
2020-02-19 14:00:00,12094.0,12128.6,12089.2999,12117.1,0.0
2020-02-19 15:00:00,12117.7999,12134.7,12114.1,12130.7999,0.0
2020-02-20 09:00:00,12116.0,12131.8999,12092.7999,12115.6,0.0
2020-02-20 10:00:00,12115.7,12135.0,12101.7999,12129.1,0.0
2020-02-20 11:00:00,12129.0,12152.0,12121.1,12150.1,0.0
2020-02-20 12:00:00,12149.7999,12151.3999,12131.7,12138.5,0.0
2020-02-20 13:00:00,12138.6,12140.7999,12110.5,12123.0,0.0
2020-02-20 14:00:00,12123.1,12127.7999,12085.7999,12086.5,0.0
2020-02-20 15:00:00,12087.1,12091.3999,12071.3999,12083.2,0.0
2020-02-24 09:00:00,12019.2,12019.5,11923.7999,11955.0,0.0
2020-02-24 10:00:00,11954.8999,11962.7999,11938.1,11955.7999,0.0
2020-02-24 11:00:00,11956.1,11980.8999,11947.1,11969.2,0.0
2020-02-24 12:00:00,11968.8999,11977.2999,11951.5,11952.7999,0.0
2020-02-24 13:00:00,11953.8999,11960.2,11911.6,11917.8999,0.0
2020-02-24 14:00:00,11919.3999,11929.2,11856.1,11868.1,0.0
2020-02-24 15:00:00,11867.8999,11868.7,11813.2999,11839.2,0.0
2020-02-25 09:00:00,11878.2,11883.0,11810.1,11837.7,0.0
2020-02-25 10:00:00,11837.7999,11868.7999,11822.1,11836.2999,0.0
2020-02-25 11:00:00,11836.3999,11858.0,11827.1,11841.8999,0.0
2020-02-25 12:00:00,11842.6,11872.8999,11827.6,11834.8999,0.0
2020-02-25 13:00:00,11835.7999,11844.8999,11816.5,11817.2999,0.0
2020-02-25 14:00:00,11817.5,11835.2,11782.2999,11810.8999,0.0
2020-02-25 15:00:00,11811.2999,11816.8999,11779.8999,11814.3999,0.0
2020-02-26 09:00:00,11745.7999,11745.8999,11679.5,11711.8999,0.0
2020-02-26 10:00:00,11711.8999,11726.5,11692.5,11698.7999,0.0
2020-02-26 11:00:00,11698.7,11719.1,11686.7999,11708.7,0.0
2020-02-26 12:00:00,11709.2,11740.5,11708.2,11734.1,0.0
2020-02-26 13:00:00,11736.7999,11783.2,11725.2999,11754.2,0.0
2020-02-26 14:00:00,11754.3999,11759.6,11639.6,11688.8999,0.0
2020-02-26 15:00:00,11688.5,11697.2999,11654.7999,11675.6,0.0
2020-02-27 09:00:00,11662.8999,11663.7999,11581.0,11584.3999,0.0
2020-02-27 10:00:00,11583.7999,11584.3999,11536.7,11566.2,0.0
2020-02-27 11:00:00,11566.6,11582.8999,11552.2999,11560.2999,0.0
2020-02-27 12:00:00,11560.2,11602.2,11552.6,11590.0,0.0
2020-02-27 13:00:00,11590.2,11626.7999,11574.6,11594.8999,0.0
2020-02-27 14:00:00,11596.2,11637.2999,11569.2,11636.3999,0.0
2020-02-27 15:00:00,11635.7,11642.8999,11613.6,11618.2,0.0
2020-02-28 09:00:00,11388.8999,11390.5,11269.7999,11288.2999,0.0
2020-02-28 10:00:00,11288.1,11322.6,11275.6,11293.0,0.0
2020-02-28 11:00:00,11293.5,11312.3999,11268.7999,11279.7999,0.0
2020-02-28 12:00:00,11279.7999,11311.7999,11233.8999,11305.0,0.0
2020-02-28 13:00:00,11304.8999,11318.3999,11278.2999,11301.1,0.0
2020-02-28 14:00:00,11300.8999,11301.8999,11201.3999,11202.2999,0.0
2020-02-28 15:00:00,11200.3999,11226.3999,11175.0,11218.2999,0.0
2020-03-02 09:00:00,11385.8999,11433.0,11308.2999,11366.6,0.0
2020-03-02 10:00:00,11367.1,11375.5,11325.2,11365.8999,0.0
2020-03-02 11:00:00,11365.7,11394.5,11351.8999,11393.0,0.0
2020-03-02 12:00:00,11392.2999,11408.0,11353.7,11372.0,0.0
2020-03-02 13:00:00,11373.3999,11415.2999,11361.0,11392.8999,0.0
2020-03-02 14:00:00,11393.1,11419.6,11260.2,11273.5,0.0
2020-03-02 15:00:00,11271.7999,11272.5,11036.2,11150.6,0.0
2020-03-03 09:00:00,11214.2999,11317.1,11213.2,11274.3999,0.0
2020-03-03 10:00:00,11274.3999,11296.8999,11163.3999,11221.1,0.0
2020-03-03 11:00:00,11221.0,11244.7,11152.5,11177.7,0.0
2020-03-03 12:00:00,11178.2,11259.1,11176.6,11251.3999,0.0
2020-03-03 13:00:00,11251.3999,11287.2,11178.6,11264.3999,0.0
2020-03-03 14:00:00,11264.7,11342.2,11242.5,11326.0,0.0
2020-03-03 15:00:00,11326.3999,11331.0,11270.7,11329.8999,0.0
2020-03-04 09:00:00,11356.0,11356.6,11263.5,11313.7,0.0
2020-03-04 10:00:00,11314.2999,11329.7,11232.8999,11234.1,0.0
2020-03-04 11:00:00,11233.1,11268.2999,11229.0,11242.1,0.0
2020-03-04 12:00:00,11242.2,11277.1,11188.6,11212.7999,0.0
2020-03-04 13:00:00,11212.7,11220.7,11082.1,11128.5,0.0
2020-03-04 14:00:00,11130.8999,11204.3999,11100.3999,11203.2999,0.0
2020-03-04 15:00:00,11203.2999,11278.7999,11202.2,11257.6,0.0
2020-03-05 09:00:00,11306.7,11339.8999,11249.3999,11267.8999,0.0
2020-03-05 10:00:00,11267.8999,11359.5,11254.7,11343.1,0.0
2020-03-05 11:00:00,11342.1,11382.2,11333.6,11360.7999,0.0
2020-03-05 12:00:00,11360.6,11389.5,11336.2,11356.2,0.0
2020-03-05 13:00:00,11355.7999,11380.2,11289.6,11314.1,0.0
2020-03-05 14:00:00,11313.5,11328.2999,11264.1,11302.7999,0.0
2020-03-05 15:00:00,11303.3999,11307.0,11244.6,11257.7999,0.0
2020-03-06 09:00:00,10926.2999,10981.8999,10827.2999,10942.0,0.0
2020-03-06 10:00:00,10941.2999,10981.3999,10889.7999,10898.6,0.0
2020-03-06 11:00:00,10898.8999,10927.0,10879.2,10918.7999,0.0
2020-03-06 12:00:00,10918.3999,10959.0,10897.7,10948.2,0.0
2020-03-06 13:00:00,10948.5,11035.1,10942.2999,11024.5,0.0
2020-03-06 14:00:00,11025.7,11031.1,10958.2999,11027.2,0.0
2020-03-06 15:00:00,11027.0,11027.8999,10969.0,10978.7,0.0
2020-03-09 09:00:00,10744.2,10751.5,10561.2,10573.2999,0.0
2020-03-09 10:00:00,10574.2,10595.3999,10511.0,10533.2,0.0
2020-03-09 11:00:00,10533.1,10557.6,10523.7,10550.1,0.0
2020-03-09 12:00:00,10550.1,10566.7999,10363.5,10444.1,0.0
2020-03-09 13:00:00,10440.8999,10463.2999,10294.3999,10382.6,0.0
2020-03-09 14:00:00,10383.2999,10498.1,10362.0,10487.1,0.0
2020-03-09 15:00:00,10487.5,10513.7,10407.8999,10454.7999,0.0
2020-03-11 09:00:00,10321.8999,10529.5,10320.7,10432.1,0.0
2020-03-11 10:00:00,10433.6,10463.7,10367.2999,10424.2999,0.0
2020-03-11 11:00:00,10424.0,10492.8999,10397.7999,10491.1,0.0
2020-03-11 12:00:00,10492.7,10515.3999,10456.1,10479.1,0.0
2020-03-11 13:00:00,10480.0,10545.1,10457.3999,10472.6,0.0
2020-03-11 14:00:00,10472.5,10534.2,10443.5,10511.6,0.0
2020-03-11 15:00:00,10511.6,10511.7999,10442.3999,10451.2,0.0
2020-03-12 09:00:00,10045.0,10045.0,9916.05,9919.1,0.0
2020-03-12 10:00:00,9920.6,9924.85,9723.65,9743.45,0.0
2020-03-12 11:00:00,9743.85,9783.75,9648.65,9703.35,0.0
2020-03-12 12:00:00,9705.1,9839.4,9699.35,9768.1,0.0
2020-03-12 13:00:00,9769.1,9828.8,9743.0,9763.95,0.0
2020-03-12 14:00:00,9764.95,9780.85,9508.0,9538.7,0.0
2020-03-12 15:00:00,9540.8,9656.4,9522.25,9630.85,0.0
2020-03-13 09:00:00,9071.65,9133.2,8624.05,8630.75,0.0
2020-03-13 10:00:00,8630.75,9749.95,8476.06,9466.1,0.0
2020-03-13 11:00:00,9466.95,9660.5,9384.1,9591.3,0.0
2020-03-13 12:00:00,9591.85,9911.0,9568.7,9910.25,0.0
2020-03-13 13:00:00,9910.95,10159.3999,9908.0,9998.95,0.0
2020-03-13 14:00:00,9998.5,10014.7,9733.0,9947.5,0.0
2020-03-13 15:00:00,9948.55,10027.7999,9881.0,10025.5,0.0
2020-03-16 09:00:00,9598.12,9598.37,9339.2,9522.2,0.0
2020-03-16 10:00:00,9527.45,9602.2,9450.4,9568.65,0.0
2020-03-16 11:00:00,9570.15,9572.35,9434.4,9455.35,0.0
2020-03-16 12:00:00,9455.8,9480.7,9372.55,9442.45,0.0
2020-03-16 13:00:00,9442.55,9473.4,9358.55,9361.3,0.0
2020-03-16 14:00:00,9362.35,9380.1,9194.1,9194.4,0.0
2020-03-16 15:00:00,9194.7,9233.65,9165.05,9199.55,0.0
2020-03-17 09:00:00,9269.63,9363.95,9016.85,9340.3,0.0
2020-03-17 10:00:00,9343.15,9403.8,9276.85,9333.1,0.0
2020-03-17 11:00:00,9333.15,9334.75,9184.4,9298.45,0.0
2020-03-17 12:00:00,9299.9,9315.35,9252.95,9271.4,0.0
2020-03-17 13:00:00,9270.95,9346.75,9223.95,9247.4,0.0
2020-03-17 14:00:00,9247.5,9252.35,9076.25,9077.5,0.0
2020-03-17 15:00:00,9077.95,9080.9,8915.6,8964.95,0.0
2020-03-18 09:00:00,9077.57,9127.55,8839.15,8839.5,0.0
2020-03-18 10:00:00,8840.0,8943.3,8806.75,8839.95,0.0
2020-03-18 11:00:00,8841.1,8849.25,8698.35,8729.2,0.0
2020-03-18 12:00:00,8729.5,8749.05,8570.9,8574.45,0.0
2020-03-18 13:00:00,8578.05,8675.05,8545.55,8572.4,0.0
2020-03-18 14:00:00,8572.35,8633.2,8517.7,8518.15,0.0
2020-03-18 15:00:00,8515.5,8550.5,8407.0,8538.2,0.0
2020-03-19 09:00:00,8066.38,8099.4,7832.55,7941.25,0.0
2020-03-19 10:00:00,7938.95,8075.05,7937.5,8040.05,0.0
2020-03-19 11:00:00,8041.05,8390.5,8040.55,8196.35,0.0
2020-03-19 12:00:00,8195.9,8289.35,8117.05,8271.15,0.0
2020-03-19 13:00:00,8272.05,8504.35,8226.3,8478.05,0.0
2020-03-19 14:00:00,8476.8,8575.4,8310.95,8311.65,0.0
2020-03-19 15:00:00,8310.7,8341.85,8210.4,8269.75,0.0
2020-03-20 09:00:00,8295.77,8441.25,8178.2,8328.7,0.0
2020-03-20 10:00:00,8328.55,8401.5,8282.25,8339.7,0.0
2020-03-20 11:00:00,8340.3,8501.8,8332.05,8485.5,0.0
2020-03-20 12:00:00,8485.55,8740.2,8485.25,8722.35,0.0
2020-03-20 13:00:00,8723.3,8883.0,8633.5,8656.85,0.0
2020-03-20 14:00:00,8657.75,8768.5,8502.0,8696.8,0.0
2020-03-20 15:00:00,8697.0,8797.3,8696.6,8747.6,0.0
2020-03-23 09:00:00,7946.78,8159.25,7892.25,7903.6,0.0
2020-03-23 10:00:00,7903.6,8367.45,7813.95,7838.15,0.0
2020-03-23 11:00:00,7833.95,7916.4,7710.45,7762.95,0.0
2020-03-23 12:00:00,7762.75,7864.3,7690.1,7816.2,0.0
2020-03-23 13:00:00,7816.2,7836.75,7712.95,7728.15,0.0
2020-03-23 14:00:00,7728.35,7801.3,7654.85,7682.7,0.0
2020-03-23 15:00:00,7678.1,7681.05,7583.6,7633.5,0.0
2020-03-24 09:00:00,7848.32,8036.95,7586.45,7672.25,0.0
2020-03-24 10:00:00,7671.85,7751.15,7511.1,7683.2,0.0
2020-03-24 11:00:00,7684.8,7838.45,7657.55,7753.05,0.0
2020-03-24 12:00:00,7753.0,7889.1,7716.9,7868.3,0.0
2020-03-24 13:00:00,7868.65,7976.6,7837.85,7907.55,0.0
2020-03-24 14:00:00,7907.4,7995.6,7797.85,7837.35,0.0
2020-03-24 15:00:00,7835.25,7857.9,7739.45,7852.9,0.0
2020-03-25 09:00:00,7729.03,7980.35,7714.75,7752.35,0.0
2020-03-25 10:00:00,7751.65,7866.25,7749.2,7815.65,0.0
2020-03-25 11:00:00,7815.55,7929.9,7793.05,7927.25,0.0
2020-03-25 12:00:00,7927.3,8145.4,7895.6,8107.8,0.0
2020-03-25 13:00:00,8107.0,8296.25,8106.5,8296.0,0.0
2020-03-25 14:00:00,8295.45,8376.7,8251.1,8351.5,0.0
2020-03-25 15:00:00,8351.8,8358.95,8278.7,8295.8,0.0
2020-03-26 09:00:00,8449.02,8607.25,8304.9,8605.8,0.0
2020-03-26 10:00:00,8605.85,8749.05,8581.95,8625.35,0.0
2020-03-26 11:00:00,8625.55,8659.9,8508.45,8658.25,0.0
2020-03-26 12:00:00,8659.15,8736.1,8657.45,8714.2,0.0
2020-03-26 13:00:00,8714.55,8727.45,8508.85,8535.25,0.0
2020-03-26 14:00:00,8537.1,8732.15,8453.55,8728.45,0.0
2020-03-26 15:00:00,8729.0,8730.25,8606.75,8653.35,0.0
2020-03-27 09:00:00,8942.02,9038.85,8909.5,8947.75,0.0
2020-03-27 10:00:00,8947.3,9025.45,8625.15,8626.05,0.0
2020-03-27 11:00:00,8625.85,8732.95,8537.9,8714.0,0.0
2020-03-27 12:00:00,8715.4,8752.45,8612.3,8624.45,0.0
2020-03-27 13:00:00,8625.15,8716.5,8522.9,8708.85,0.0
2020-03-27 14:00:00,8710.1,8840.9,8642.55,8668.05,0.0
2020-03-27 15:00:00,8667.95,8697.6,8610.9,8674.85,0.0
2020-03-30 09:00:00,8383.47,8544.05,8333.6,8521.4,0.0
2020-03-30 10:00:00,8521.2,8575.95,8448.1,8554.3,0.0
2020-03-30 11:00:00,8554.0,8560.55,8447.15,8461.95,0.0
2020-03-30 12:00:00,8462.7,8468.45,8398.3,8424.15,0.0
2020-03-30 13:00:00,8423.75,8425.3,8355.6,8364.3,0.0
2020-03-30 14:00:00,8364.3,8406.75,8249.25,8280.3,0.0
2020-03-30 15:00:00,8279.6,8310.7,8244.0,8291.8,0.0
2020-03-31 09:00:00,8530.63,8532.21,8358.0,8444.3,0.0
2020-03-31 10:00:00,8445.05,8512.7,8405.05,8482.1,0.0
2020-03-31 11:00:00,8483.45,8550.95,8432.3,8547.55,0.0
2020-03-31 12:00:00,8547.55,8604.0,8536.65,8582.1,0.0
2020-03-31 13:00:00,8582.65,8622.5,8537.85,8610.6,0.0
2020-03-31 14:00:00,8610.9,8678.3,8586.85,8635.05,0.0
2020-03-31 15:00:00,8637.5,8646.65,8551.0,8556.15,0.0
2020-04-01 09:00:00,8581.62,8588.1,8357.6,8401.2,0.0
2020-04-01 10:00:00,8401.95,8420.75,8295.8,8297.75,0.0
2020-04-01 11:00:00,8296.5,8318.2,8269.15,8295.9,0.0
2020-04-01 12:00:00,8295.3,8329.95,8272.5,8279.7,0.0
2020-04-01 13:00:00,8278.65,8280.0,8216.75,8220.15,0.0
2020-04-01 14:00:00,8219.9,8257.85,8198.35,8252.05,0.0
2020-04-01 15:00:00,8251.9,8276.3,8238.9,8262.7,0.0
2020-04-03 09:00:00,8376.22,8376.22,8118.4,8159.2,0.0
2020-04-03 10:00:00,8155.0,8193.55,8096.95,8098.25,0.0
2020-04-03 11:00:00,8099.45,8163.65,8096.9,8124.15,0.0
2020-04-03 12:00:00,8124.4,8162.15,8101.9,8123.85,0.0
2020-04-03 13:00:00,8124.25,8223.05,8121.15,8142.55,0.0
2020-04-03 14:00:00,8142.25,8149.55,8055.8,8102.65,0.0
2020-04-03 15:00:00,8104.35,8108.1,8060.8,8107.4,0.0
2020-04-07 09:00:00,8450.49,8468.2,8360.95,8446.15,0.0
2020-04-07 10:00:00,8445.2,8460.2,8379.1,8433.65,0.0
2020-04-07 11:00:00,8433.05,8545.1,8430.25,8520.5,0.0
2020-04-07 12:00:00,8521.15,8616.15,8518.35,8591.25,0.0
2020-04-07 13:00:00,8590.35,8706.7,8572.55,8701.3,0.0
2020-04-07 14:00:00,8700.9,8779.95,8661.2,8766.95,0.0
2020-04-07 15:00:00,8767.35,8819.4,8762.1,8782.35,0.0
2020-04-08 09:00:00,8699.7,8980.55,8653.85,8933.25,0.0
2020-04-08 10:00:00,8935.35,9131.65,8899.65,9017.7,0.0
2020-04-08 11:00:00,9018.0,9041.3,8786.4,8862.65,0.0
2020-04-08 12:00:00,8862.5,8926.1,8758.4,8805.65,0.0
2020-04-08 13:00:00,8803.8,8861.2,8724.35,8741.4,0.0
2020-04-08 14:00:00,8740.2,8811.0,8699.75,8776.75,0.0
2020-04-08 15:00:00,8777.25,8792.45,8730.95,8755.5,0.0
2020-04-09 09:00:00,8976.97,9032.5,8917.45,8971.0,0.0
2020-04-09 10:00:00,8972.7,9025.2,8909.3,8933.7,0.0
2020-04-09 11:00:00,8934.05,9058.2,8904.55,9047.05,0.0
2020-04-09 12:00:00,9046.6,9085.75,8998.45,9063.1,0.0
2020-04-09 13:00:00,9062.9,9111.75,9020.8,9026.15,0.0
2020-04-09 14:00:00,9027.2,9091.1,8999.4,9087.0,0.0
2020-04-09 15:00:00,9087.5,9128.35,9085.55,9100.15,0.0
2020-04-13 09:00:00,9107.98,9112.0,8912.4,8935.15,0.0
2020-04-13 10:00:00,8936.55,9028.3,8921.6,8978.05,0.0
2020-04-13 11:00:00,8978.1,9101.6,8962.2,9045.7,0.0
2020-04-13 12:00:00,9044.95,9068.5,9013.85,9031.95,0.0
2020-04-13 13:00:00,9032.05,9047.75,8951.95,8981.0,0.0
2020-04-13 14:00:00,8980.9,9031.65,8940.45,9008.15,0.0
2020-04-13 15:00:00,9003.85,9008.85,8984.55,9006.3,0.0
2020-04-15 09:00:00,9189.73,9218.75,9114.35,9217.6,0.0
2020-04-15 10:00:00,9218.4,9261.15,9206.6,9227.55,0.0
2020-04-15 11:00:00,9227.65,9246.85,9185.15,9204.0,0.0
2020-04-15 12:00:00,9204.8,9236.6,9157.5,9176.1,0.0
2020-04-15 13:00:00,9177.1,9179.4,9048.75,9050.5,0.0
2020-04-15 14:00:00,9050.45,9055.25,8874.1,8942.7,0.0
2020-04-15 15:00:00,8942.4,8944.65,8907.0,8941.9,0.0
2020-04-16 09:00:00,8840.88,8963.7,8821.9,8889.4,0.0
2020-04-16 10:00:00,8889.6,8958.2,8862.0,8932.4,0.0
2020-04-16 11:00:00,8931.8,9008.3,8912.5,8973.65,0.0
2020-04-16 12:00:00,8974.15,9027.6,8959.3,9010.15,0.0
2020-04-16 13:00:00,9009.85,9043.2,8998.9,9010.45,0.0
2020-04-16 14:00:00,9010.25,9053.75,8994.1,9001.2,0.0
2020-04-16 15:00:00,9001.45,9019.6,8961.65,9016.0,0.0
2020-04-17 09:00:00,9324.83,9324.97,9237.05,9259.2,0.0
2020-04-17 10:00:00,9258.45,9279.65,9128.8,9173.65,0.0
2020-04-17 11:00:00,9174.9,9216.3,9105.45,9105.9,0.0
2020-04-17 12:00:00,9106.8,9178.8,9091.35,9166.0,0.0
2020-04-17 13:00:00,9165.15,9166.95,9108.25,9153.05,0.0
2020-04-17 14:00:00,9152.9,9237.2,9134.5,9235.95,0.0
2020-04-17 15:00:00,9236.05,9298.45,9222.6,9290.1,0.0
2020-04-20 09:00:00,9399.31,9404.35,9242.75,9263.7,0.0
2020-04-20 10:00:00,9264.15,9330.5,9261.45,9322.0,0.0
2020-04-20 11:00:00,9322.05,9336.6,9230.8,9266.2,0.0
2020-04-20 12:00:00,9266.05,9292.9,9236.9,9249.6,0.0
2020-04-20 13:00:00,9249.55,9301.45,9248.15,9269.5,0.0
2020-04-20 14:00:00,9270.0,9342.45,9242.7,9263.0,0.0
2020-04-20 15:00:00,9263.8,9274.65,9241.4,9264.3,0.0
2020-04-21 09:00:00,9026.6,9044.4,8969.7,9026.35,0.0
2020-04-21 10:00:00,9026.8,9044.35,8999.95,9027.5,0.0
2020-04-21 11:00:00,9026.95,9035.15,8982.5,9012.25,0.0
2020-04-21 12:00:00,9012.4,9021.85,8916.5,8921.55,0.0
2020-04-21 13:00:00,8920.75,8957.7,8909.4,8951.7,0.0
2020-04-21 14:00:00,8951.5,9008.95,8932.45,8968.35,0.0
2020-04-21 15:00:00,8969.1,8997.2,8965.9,8980.85,0.0
2020-04-22 09:00:00,9027.11,9030.8,8946.25,8978.75,0.0
2020-04-22 10:00:00,8977.7,9087.15,8961.3,9079.1,0.0
2020-04-22 11:00:00,9079.35,9127.15,9056.35,9093.95,0.0
2020-04-22 12:00:00,9093.45,9142.8,9085.0,9137.05,0.0
2020-04-22 13:00:00,9137.45,9166.3,9088.95,9118.0,0.0
2020-04-22 14:00:00,9118.0,9209.75,9117.05,9199.05,0.0
2020-04-22 15:00:00,9198.35,9199.7,9167.55,9195.9,0.0
2020-04-23 09:00:00,9230.99,9277.6,9170.1,9272.1,0.0
2020-04-23 10:00:00,9273.35,9297.85,9253.1,9270.7,0.0
2020-04-23 11:00:00,9271.8,9316.5,9248.45,9315.1,0.0
2020-04-23 12:00:00,9315.5,9326.2,9292.85,9319.2,0.0
2020-04-23 13:00:00,9319.35,9322.35,9236.5,9305.05,0.0
2020-04-23 14:00:00,9304.9,9343.55,9287.95,9339.65,0.0
2020-04-23 15:00:00,9340.65,9343.5,9295.55,9303.8,0.0
2020-04-24 09:00:00,9175.45,9219.25,9145.0,9213.3,0.0
2020-04-24 10:00:00,9213.05,9227.75,9163.75,9179.0,0.0
2020-04-24 11:00:00,9178.3,9210.55,9163.55,9203.1,0.0
2020-04-24 12:00:00,9203.65,9296.9,9197.95,9257.15,0.0
2020-04-24 13:00:00,9257.5,9281.8,9207.2,9221.6,0.0
2020-04-24 14:00:00,9221.0,9230.55,9155.9,9180.25,0.0
2020-04-24 15:00:00,9179.5,9180.0,9141.3,9174.05,0.0
2020-04-27 09:00:00,9261.16,9345.6,9250.35,9319.75,0.0
2020-04-27 10:00:00,9320.3,9377.1,9311.0,9348.7,0.0
2020-04-27 11:00:00,9348.35,9360.0,9325.75,9330.2,0.0
2020-04-27 12:00:00,9331.2,9368.55,9325.45,9346.9,0.0
2020-04-27 13:00:00,9347.05,9368.45,9301.35,9319.45,0.0
2020-04-27 14:00:00,9319.5,9339.2,9284.7,9303.45,0.0
2020-04-27 15:00:00,9303.3,9304.35,9269.3,9289.65,0.0
2020-04-28 09:00:00,9392.03,9402.55,9271.05,9284.0,0.0
2020-04-28 10:00:00,9282.85,9316.35,9260.0,9314.55,0.0
2020-04-28 11:00:00,9314.25,9329.5,9294.15,9325.65,0.0
2020-04-28 12:00:00,9325.9,9337.25,9276.15,9329.45,0.0
2020-04-28 13:00:00,9330.2,9366.65,9315.2,9344.1,0.0
2020-04-28 14:00:00,9344.15,9381.95,9342.7,9377.25,0.0
2020-04-28 15:00:00,9377.4,9404.35,9362.7,9403.15,0.0
2020-04-29 09:00:00,9410.08,9471.45,9392.35,9455.75,0.0
2020-04-29 10:00:00,9454.5,9481.3,9446.0,9472.4,0.0
2020-04-29 11:00:00,9472.45,9490.4,9461.5,9480.55,0.0
2020-04-29 12:00:00,9480.6,9511.9,9475.2,9507.4,0.0
2020-04-29 13:00:00,9507.0,9519.5,9486.65,9499.95,0.0
2020-04-29 14:00:00,9500.4,9599.8,9494.85,9585.8,0.0
2020-04-29 15:00:00,9587.3,9590.85,9524.35,9535.4,0.0
2020-04-30 09:00:00,9754.4,9815.6,9731.45,9813.15,0.0
2020-04-30 10:00:00,9812.5,9860.4,9810.85,9827.65,0.0
2020-04-30 11:00:00,9828.25,9856.05,9825.55,9852.85,0.0
2020-04-30 12:00:00,9852.3,9889.05,9802.9,9811.9,0.0
2020-04-30 13:00:00,9811.5,9827.1,9775.85,9799.55,0.0
2020-04-30 14:00:00,9801.2,9836.2,9765.5,9772.1,0.0
2020-04-30 15:00:00,9772.35,9885.4,9770.85,9852.65,0.0
2020-05-04 09:00:00,9533.84,9540.94,9380.65,9380.85,0.0
2020-05-04 10:00:00,9380.45,9408.35,9353.35,9378.8,0.0
2020-05-04 11:00:00,9378.2,9394.35,9345.15,9370.3,0.0
2020-05-04 12:00:00,9370.0,9391.75,9342.45,9353.7,0.0
2020-05-04 13:00:00,9352.75,9381.0,9326.0,9343.7,0.0
2020-05-04 14:00:00,9345.0,9346.1,9266.9,9303.95,0.0
2020-05-04 15:00:00,9303.85,9314.75,9275.2,9304.75,0.0
2020-05-05 09:00:00,9434.92,9450.9,9366.45,9381.7,0.0
2020-05-05 10:00:00,9381.25,9410.0,9334.0,9386.75,0.0
2020-05-05 11:00:00,9386.65,9406.95,9330.5,9338.5,0.0
2020-05-05 12:00:00,9338.15,9359.2,9302.9,9342.15,0.0
2020-05-05 13:00:00,9344.05,9392.25,9342.4,9358.9,0.0
2020-05-05 14:00:00,9359.15,9359.75,9213.15,9231.75,0.0
2020-05-05 15:00:00,9231.7,9232.0,9190.75,9221.35,0.0
2020-05-06 09:00:00,9225.41,9250.8,9116.45,9230.7,0.0
2020-05-06 10:00:00,9227.05,9333.95,9206.25,9328.65,0.0
2020-05-06 11:00:00,9328.5,9346.85,9268.5,9307.15,0.0
2020-05-06 12:00:00,9307.8,9343.4,9286.2,9301.15,0.0
2020-05-06 13:00:00,9301.1,9331.75,9258.5,9289.4,0.0
2020-05-06 14:00:00,9289.55,9308.6,9188.5,9263.65,0.0
2020-05-06 15:00:00,9263.45,9290.9,9251.75,9287.6,0.0
2020-05-07 09:00:00,9247.85,9268.0,9175.9,9263.15,0.0
2020-05-07 10:00:00,9263.3,9277.8,9188.85,9212.65,0.0
2020-05-07 11:00:00,9212.45,9240.4,9196.7,9221.35,0.0
2020-05-07 12:00:00,9221.9,9230.95,9186.1,9209.7,0.0
2020-05-07 13:00:00,9210.8,9252.7,9178.35,9206.05,0.0
2020-05-07 14:00:00,9206.35,9223.35,9185.0,9218.15,0.0
2020-05-07 15:00:00,9218.1,9219.25,9184.2,9215.25,0.0
2020-05-08 09:00:00,9379.62,9382.6,9303.4,9306.5,0.0
2020-05-08 10:00:00,9306.35,9348.75,9298.0,9333.75,0.0
2020-05-08 11:00:00,9333.65,9346.4,9324.7,9340.4,0.0
2020-05-08 12:00:00,9340.05,9342.45,9298.7,9329.05,0.0
2020-05-08 13:00:00,9328.4,9343.1,9286.85,9297.8,0.0
2020-05-08 14:00:00,9297.6,9310.05,9243.85,9262.3,0.0
2020-05-08 15:00:00,9262.8,9277.2,9238.2,9251.1,0.0
2020-05-11 09:00:00,9351.08,9439.85,9341.5,9409.25,0.0
2020-05-11 10:00:00,9409.3,9409.85,9342.65,9358.0,0.0
2020-05-11 11:00:00,9357.8,9372.5,9303.7,9319.9,0.0
2020-05-11 12:00:00,9319.6,9351.6,9311.85,9347.8,0.0
2020-05-11 13:00:00,9348.2,9355.4,9315.55,9325.3,0.0
2020-05-11 14:00:00,9325.0,9338.65,9244.05,9246.65,0.0
2020-05-11 15:00:00,9247.0,9258.45,9219.95,9246.05,0.0
2020-05-12 09:00:00,9177.03,9177.06,9059.7,9076.7,0.0
2020-05-12 10:00:00,9075.9,9116.8,9043.9,9104.15,0.0
2020-05-12 11:00:00,9104.55,9109.3,9043.95,9056.4,0.0
2020-05-12 12:00:00,9056.5,9102.0,9053.55,9101.35,0.0
2020-05-12 13:00:00,9101.2,9131.9,9073.0,9099.75,0.0
2020-05-12 14:00:00,9099.7,9240.85,9099.55,9237.6,0.0
2020-05-12 15:00:00,9237.15,9238.0,9167.75,9209.35,0.0
2020-05-13 09:00:00,9602.99,9603.88,9351.1,9374.05,0.0
2020-05-13 10:00:00,9374.0,9428.35,9371.35,9402.25,0.0
2020-05-13 11:00:00,9402.5,9430.65,9395.8,9416.7,0.0
2020-05-13 12:00:00,9417.5,9430.7,9364.45,9385.45,0.0
2020-05-13 13:00:00,9386.1,9422.9,9353.2,9410.25,0.0
2020-05-13 14:00:00,9410.8,9423.55,9356.3,9360.15,0.0
2020-05-13 15:00:00,9360.4,9398.6,9351.05,9383.4,0.0
2020-05-14 09:00:00,9219.03,9281.1,9196.95,9247.6,0.0
2020-05-14 10:00:00,9247.1,9254.3,9200.65,9224.15,0.0
2020-05-14 11:00:00,9224.15,9227.5,9188.25,9207.5,0.0
2020-05-14 12:00:00,9207.5,9226.45,9195.7,9212.55,0.0
2020-05-14 13:00:00,9212.2,9235.35,9177.55,9188.65,0.0
2020-05-14 14:00:00,9188.15,9189.2,9119.75,9156.3,0.0
2020-05-14 15:00:00,9156.55,9162.45,9128.9,9150.7,0.0
2020-05-15 09:00:00,9179.81,9182.39,9073.6,9078.15,0.0
2020-05-15 10:00:00,9077.9,9095.05,9053.85,9057.5,0.0
2020-05-15 11:00:00,9058.15,9082.3,9049.95,9074.75,0.0
2020-05-15 12:00:00,9074.75,9116.2,9062.65,9099.2,0.0
2020-05-15 13:00:00,9098.7,9127.15,9074.15,9109.25,0.0
2020-05-15 14:00:00,9108.95,9165.75,9103.45,9135.35,0.0
2020-05-15 15:00:00,9134.95,9156.0,9125.0,9128.75,0.0
2020-05-18 09:00:00,9159.33,9159.4,8894.7,8926.9,0.0
2020-05-18 10:00:00,8926.75,8957.1,8848.95,8864.55,0.0
2020-05-18 11:00:00,8864.45,8885.95,8825.05,8873.7,0.0
2020-05-18 12:00:00,8873.15,8913.45,8862.95,8892.65,0.0
2020-05-18 13:00:00,8893.35,8922.9,8838.85,8909.95,0.0
2020-05-18 14:00:00,8910.45,8919.05,8857.15,8866.0,0.0
2020-05-18 15:00:00,8865.65,8866.1,8806.75,8832.8,0.0
2020-05-19 09:00:00,8951.09,8979.35,8866.75,8956.0,0.0
2020-05-19 10:00:00,8954.75,9029.95,8949.7,9027.7,0.0
2020-05-19 11:00:00,9027.35,9030.3,8948.35,8999.8,0.0
2020-05-19 12:00:00,9000.6,9005.15,8957.0,8960.45,0.0
2020-05-19 13:00:00,8960.1,8963.0,8870.65,8891.35,0.0
2020-05-19 14:00:00,8892.2,8922.8,8860.65,8869.95,0.0
2020-05-19 15:00:00,8871.6,8901.9,8855.3,8889.9,0.0
2020-05-20 09:00:00,8888.53,8990.35,8875.35,8984.25,0.0
2020-05-20 10:00:00,8985.3,9000.05,8922.45,8939.2,0.0
2020-05-20 11:00:00,8939.35,8974.75,8929.25,8938.0,0.0
2020-05-20 12:00:00,8937.85,8973.4,8937.65,8967.25,0.0
2020-05-20 13:00:00,8968.15,8970.8,8926.95,8958.25,0.0
2020-05-20 14:00:00,8958.1,9084.3,8957.5,9052.9,0.0
2020-05-20 15:00:00,9053.25,9093.75,9032.25,9085.5,0.0
2020-05-21 09:00:00,9082.91,9130.0,9056.1,9104.95,0.0
2020-05-21 10:00:00,9105.25,9149.75,9103.05,9133.0,0.0
2020-05-21 11:00:00,9132.9,9151.55,9118.3,9123.6,0.0
2020-05-21 12:00:00,9123.75,9144.1,9112.0,9137.05,0.0
2020-05-21 13:00:00,9137.4,9178.55,9135.25,9156.35,0.0
2020-05-21 14:00:00,9156.2,9160.5,9078.35,9094.2,0.0
2020-05-21 15:00:00,9094.6,9116.6,9094.3,9102.85,0.0
2020-05-22 09:00:00,9071.66,9121.4,9018.65,9106.6,0.0
2020-05-22 10:00:00,9105.85,9149.6,8968.55,8982.4,0.0
2020-05-22 11:00:00,8982.65,9046.4,8972.15,9013.35,0.0
2020-05-22 12:00:00,9011.2,9026.2,8983.1,9001.1,0.0
2020-05-22 13:00:00,9000.8,9033.75,8979.15,9009.95,0.0
2020-05-22 14:00:00,9009.95,9055.55,9007.9,9036.85,0.0
2020-05-22 15:00:00,9037.7,9069.5,9018.45,9051.1,0.0
2020-05-26 09:00:00,9104.74,9161.65,9089.45,9140.5,0.0
2020-05-26 10:00:00,9140.5,9146.2,9098.6,9112.35,0.0
2020-05-26 11:00:00,9111.65,9118.65,9070.15,9085.0,0.0
2020-05-26 12:00:00,9085.7,9114.7,9081.45,9102.95,0.0
2020-05-26 13:00:00,9103.2,9103.55,9031.0,9047.95,0.0
2020-05-26 14:00:00,9049.2,9056.35,8996.65,9040.25,0.0
2020-05-26 15:00:00,9041.45,9048.9,9015.7,9045.9,0.0
2020-05-27 09:00:00,9082.17,9085.55,9004.25,9028.3,0.0
2020-05-27 10:00:00,9027.95,9116.5,9023.85,9110.35,0.0
2020-05-27 11:00:00,9109.85,9115.25,9084.35,9101.85,0.0
2020-05-27 12:00:00,9101.45,9158.6,9093.9,9156.0,0.0
2020-05-27 13:00:00,9156.6,9266.05,9151.1,9258.45,0.0
2020-05-27 14:00:00,9259.4,9328.7,9244.5,9282.85,0.0
2020-05-27 15:00:00,9283.3,9334.0,9282.2,9317.1,0.0
2020-05-28 09:00:00,9374.05,9426.7,9336.45,9402.05,0.0
2020-05-28 10:00:00,9402.4,9439.55,9401.45,9438.8,0.0
2020-05-28 11:00:00,9439.0,9485.55,9438.75,9443.7,0.0
2020-05-28 12:00:00,9444.05,9477.35,9432.1,9449.95,0.0
2020-05-28 13:00:00,9449.65,9490.55,9433.6,9461.6,0.0
2020-05-28 14:00:00,9461.7,9471.85,9437.5,9469.95,0.0
2020-05-28 15:00:00,9470.25,9511.25,9468.05,9486.45,0.0
2020-05-29 09:00:00,9425.41,9464.15,9376.85,9439.25,0.0
2020-05-29 10:00:00,9438.4,9520.45,9433.8,9477.65,0.0
2020-05-29 11:00:00,9478.6,9523.25,9469.85,9477.5,0.0
2020-05-29 12:00:00,9476.6,9488.15,9452.05,9486.4,0.0
2020-05-29 13:00:00,9486.7,9517.15,9468.35,9504.65,0.0
2020-05-29 14:00:00,9504.7,9558.15,9503.7,9547.1,0.0
2020-05-29 15:00:00,9546.75,9598.85,9545.9,9564.5,0.0
2020-06-01 09:00:00,9735.28,9845.85,9706.95,9840.35,0.0
2020-06-01 10:00:00,9841.05,9865.85,9815.65,9861.15,0.0
2020-06-01 11:00:00,9861.2,9882.55,9847.65,9875.8,0.0
2020-06-01 12:00:00,9875.7,9931.6,9875.3,9913.3,0.0
2020-06-01 13:00:00,9913.9,9921.35,9807.45,9836.8,0.0
2020-06-01 14:00:00,9836.2,9879.45,9813.7,9838.75,0.0
2020-06-01 15:00:00,9838.2,9845.9,9801.65,9811.45,0.0
2020-06-02 09:00:00,9882.3,9935.55,9824.05,9919.8,0.0
2020-06-02 10:00:00,9919.7,9922.75,9843.1,9883.8,0.0
2020-06-02 11:00:00,9884.15,9908.45,9874.45,9903.7,0.0
2020-06-02 12:00:00,9904.15,9966.45,9897.15,9960.9,0.0
2020-06-02 13:00:00,9960.75,9978.9,9929.6,9971.8,0.0
2020-06-02 14:00:00,9971.95,9985.05,9952.25,9975.35,0.0
2020-06-02 15:00:00,9974.4,9995.6,9963.75,9993.2,0.0
2020-06-03 09:00:00,10107.2999,10159.2999,10067.3999,10095.6,0.0
2020-06-03 10:00:00,10095.0,10121.2999,10072.6,10101.7,0.0
2020-06-03 11:00:00,10101.5,10141.3999,10086.0,10136.5,0.0
2020-06-03 12:00:00,10136.8999,10145.2,10106.8999,10113.3999,0.0
2020-06-03 13:00:00,10114.2999,10144.0,10098.2,10133.2999,0.0
2020-06-03 14:00:00,10134.2999,10176.2,10081.0,10081.5,0.0
2020-06-03 15:00:00,10082.0,10083.2999,10035.5,10068.7999,0.0
2020-06-04 09:00:00,10050.2999,10123.7999,10022.2999,10062.2999,0.0
2020-06-04 10:00:00,10063.0,10089.7999,10049.8999,10068.6,0.0
2020-06-04 11:00:00,10068.5,10069.1,9983.95,10006.8999,0.0
2020-06-04 12:00:00,10007.2999,10016.0,9944.2,9968.45,0.0
2020-06-04 13:00:00,9969.4,10034.6,9945.05,10021.5,0.0
2020-06-04 14:00:00,10022.2,10035.3999,9981.65,9989.9,0.0
2020-06-04 15:00:00,9990.5,10042.3999,9989.45,10032.5,0.0
2020-06-05 09:00:00,10092.7,10147.3999,10085.5,10124.5,0.0
2020-06-05 10:00:00,10124.6,10132.0,10040.7,10074.8999,0.0
2020-06-05 11:00:00,10075.8999,10105.2,10056.6,10090.7,0.0
2020-06-05 12:00:00,10090.5,10121.6,10085.3999,10114.6,0.0
2020-06-05 13:00:00,10115.1,10159.7999,10102.6,10149.7999,0.0
2020-06-05 14:00:00,10149.6,10177.7999,10124.1,10136.1,0.0
2020-06-05 15:00:00,10135.7,10171.0,10113.1,10167.2999,0.0
2020-06-08 09:00:00,10329.2999,10330.2,10269.0,10285.5,0.0
2020-06-08 10:00:00,10284.8999,10309.2999,10263.8999,10282.0,0.0
2020-06-08 11:00:00,10282.6,10309.7,10276.2999,10297.7,0.0
2020-06-08 12:00:00,10297.6,10298.8999,10183.1,10189.6,0.0
2020-06-08 13:00:00,10190.2,10225.8999,10149.1,10200.2999,0.0
2020-06-08 14:00:00,10200.5,10209.2,10120.2,10152.7,0.0
2020-06-08 15:00:00,10152.6,10185.8999,10151.8999,10174.7999,0.0
2020-06-09 09:00:00,10181.8999,10214.7999,10135.0,10192.2999,0.0
2020-06-09 10:00:00,10193.1,10271.7999,10192.2,10252.8999,0.0
2020-06-09 11:00:00,10252.2,10291.1,10228.0,10284.0,0.0
2020-06-09 12:00:00,10284.2999,10287.7,10189.0,10191.7999,0.0
2020-06-09 13:00:00,10189.0,10214.5,10140.5,10143.8999,0.0
2020-06-09 14:00:00,10144.5,10154.1,10021.3999,10051.6,0.0
2020-06-09 15:00:00,10051.7,10080.2,10024.8999,10027.2,0.0
2020-06-10 09:00:00,10073.6,10119.7999,10040.2,10057.0,0.0
2020-06-10 10:00:00,10057.5,10137.8999,10036.7999,10110.5,0.0
2020-06-10 11:00:00,10110.7,10132.6,10070.7,10071.2999,0.0
2020-06-10 12:00:00,10071.3999,10130.3999,10062.0,10128.3999,0.0
2020-06-10 13:00:00,10129.7,10140.3999,10085.7,10092.5,0.0
2020-06-10 14:00:00,10092.7,10115.1,10053.1,10060.8999,0.0
2020-06-10 15:00:00,10060.7999,10148.7,10059.2999,10139.8999,0.0
2020-06-11 09:00:00,10098.0,10112.0,10047.1,10085.2999,0.0
2020-06-11 10:00:00,10085.2999,10102.8999,10041.2999,10055.6,0.0
2020-06-11 11:00:00,10055.3999,10056.0,10005.7999,10026.2999,0.0
2020-06-11 12:00:00,10025.7999,10034.7999,9977.7,9992.55,0.0
2020-06-11 13:00:00,9992.65,10039.0,9965.25,9966.95,0.0
2020-06-11 14:00:00,9966.85,9982.95,9899.85,9923.9,0.0
2020-06-11 15:00:00,9921.65,9923.7,9885.0,9909.85,0.0
2020-06-12 09:00:00,9536.34,9715.4,9535.49,9678.2,0.0
2020-06-12 10:00:00,9676.75,9745.75,9664.7,9724.75,0.0
2020-06-12 11:00:00,9725.7,9818.45,9699.05,9757.55,0.0
2020-06-12 12:00:00,9757.7,9783.95,9718.35,9761.6,0.0
2020-06-12 13:00:00,9761.2,9872.05,9747.25,9843.6,0.0
2020-06-12 14:00:00,9842.15,9973.45,9836.05,9952.55,0.0
2020-06-12 15:00:00,9952.45,9996.0,9945.9,9959.1,0.0
2020-06-15 09:00:00,9927.18,9943.35,9862.5,9869.95,0.0
2020-06-15 10:00:00,9869.5,9890.05,9789.1,9799.7,0.0
2020-06-15 11:00:00,9799.6,9809.15,9747.05,9757.4,0.0
2020-06-15 12:00:00,9756.4,9781.6,9726.35,9764.75,0.0
2020-06-15 13:00:00,9764.7,9815.5,9744.25,9810.15,0.0
2020-06-15 14:00:00,9810.55,9874.1,9788.25,9869.5,0.0
2020-06-15 15:00:00,9869.55,9870.4,9788.5,9818.1,0.0
2020-06-16 09:00:00,10010.1,10046.1,9981.05,9982.25,0.0
2020-06-16 10:00:00,9982.0,10018.8999,9966.3,10013.2999,0.0
2020-06-16 11:00:00,10012.8999,10016.1,9943.15,9967.35,0.0
2020-06-16 12:00:00,9967.4,9975.2,9897.65,9943.4,0.0
2020-06-16 13:00:00,9943.05,9943.25,9728.5,9849.35,0.0
2020-06-16 14:00:00,9851.0,9942.15,9835.55,9915.75,0.0
2020-06-16 15:00:00,9915.8,9936.7,9897.9,9900.15,0.0
2020-06-17 09:00:00,9874.73,9944.85,9833.8,9923.3,0.0
2020-06-17 10:00:00,9924.85,9956.35,9862.3,9872.2,0.0
2020-06-17 11:00:00,9871.85,9945.55,9862.65,9922.45,0.0
2020-06-17 12:00:00,9923.2,9970.45,9913.15,9963.1,0.0
2020-06-17 13:00:00,9963.1,10003.6,9929.1,9958.25,0.0
2020-06-17 14:00:00,9958.35,9978.35,9873.6,9893.7,0.0
2020-06-17 15:00:00,9891.9,9910.5,9863.35,9876.8,0.0
2020-06-18 09:00:00,9861.67,9906.4,9845.05,9903.4,0.0
2020-06-18 10:00:00,9902.75,9927.7,9886.5,9891.3,0.0
2020-06-18 11:00:00,9891.75,9944.7,9888.25,9942.65,0.0
2020-06-18 12:00:00,9944.5,9989.15,9942.25,9988.9,0.0
2020-06-18 13:00:00,9988.95,10028.7,9963.9,10011.3999,0.0
2020-06-18 14:00:00,10011.0,10107.6,9999.55,10094.0,0.0
2020-06-18 15:00:00,10095.1,10111.2,10075.7,10092.7999,0.0
2020-06-19 09:00:00,10119.5,10162.2,10072.6,10104.8999,0.0
2020-06-19 10:00:00,10104.7999,10140.1,10089.3999,10122.5,0.0
2020-06-19 11:00:00,10122.6,10198.2999,10111.5,10197.7,0.0
2020-06-19 12:00:00,10197.2,10212.7,10175.8999,10197.7999,0.0
2020-06-19 13:00:00,10197.5,10225.5,10135.5,10202.8999,0.0
2020-06-19 14:00:00,10203.3999,10272.3999,10154.2999,10248.2999,0.0
2020-06-19 15:00:00,10246.5,10264.3999,10229.0,10256.3999,0.0
2020-06-22 09:00:00,10323.7999,10386.3999,10285.6,10342.8999,0.0
2020-06-22 10:00:00,10341.8999,10364.5,10283.0,10300.7999,0.0
2020-06-22 11:00:00,10300.0,10329.1,10277.6,10302.0,0.0
2020-06-22 12:00:00,10302.1,10361.1,10288.2,10351.8999,0.0
2020-06-22 13:00:00,10352.0,10367.7,10332.6,10350.0,0.0
2020-06-22 14:00:00,10349.2999,10393.6,10320.5,10322.8999,0.0
2020-06-22 15:00:00,10321.3999,10332.0,10278.1,10325.7999,0.0
2020-06-23 09:00:00,10348.2,10378.1,10301.7,10325.7999,0.0
2020-06-23 10:00:00,10326.2,10388.2,10325.7,10362.8999,0.0
2020-06-23 11:00:00,10364.0,10400.2999,10351.8999,10390.2999,0.0
2020-06-23 12:00:00,10389.6,10419.2,10372.0,10417.3999,0.0
2020-06-23 13:00:00,10417.1,10432.2,10389.7999,10414.2999,0.0
2020-06-23 14:00:00,10414.0,10466.1,10400.6,10461.8999,0.0
2020-06-23 15:00:00,10461.2,10484.7,10450.0,10482.0,0.0
2020-06-24 09:00:00,10531.1,10542.7,10497.8999,10526.1,0.0
2020-06-24 10:00:00,10526.0,10553.1,10455.0,10457.1,0.0
2020-06-24 11:00:00,10456.5,10497.7999,10440.1,10456.2,0.0
2020-06-24 12:00:00,10455.7999,10538.3999,10455.1,10514.2,0.0
2020-06-24 13:00:00,10514.2999,10518.6,10371.7,10399.1,0.0
2020-06-24 14:00:00,10398.5,10440.6,10310.3999,10330.8999,0.0
2020-06-24 15:00:00,10331.5,10341.5,10281.8999,10319.2999,0.0
2020-06-25 09:00:00,10236.6,10297.7999,10194.5,10275.2,0.0
2020-06-25 10:00:00,10274.7999,10348.2999,10254.8999,10331.6,0.0
2020-06-25 11:00:00,10331.6,10356.0,10274.3999,10276.8999,0.0
2020-06-25 12:00:00,10275.5,10290.7,10204.5,10228.2,0.0
2020-06-25 13:00:00,10227.1,10357.0,10216.3999,10314.2,0.0
2020-06-25 14:00:00,10313.7999,10361.7999,10291.0,10315.1,0.0
2020-06-25 15:00:00,10315.6,10321.7999,10268.5,10284.3999,0.0
2020-06-26 09:00:00,10381.7999,10403.7,10352.8999,10380.2999,0.0
2020-06-26 10:00:00,10380.2999,10407.7,10318.0,10347.2,0.0
2020-06-26 11:00:00,10347.2999,10379.0,10340.1,10357.8999,0.0
2020-06-26 12:00:00,10358.2,10388.1,10323.6,10347.1,0.0
2020-06-26 13:00:00,10347.2999,10369.6,10311.2,10330.1,0.0
2020-06-26 14:00:00,10330.2,10390.6,10326.1,10353.5,0.0
2020-06-26 15:00:00,10352.8999,10409.7999,10352.2,10399.7999,0.0
2020-06-29 09:00:00,10308.7999,10325.7999,10249.2999,10254.2,0.0
2020-06-29 10:00:00,10253.5,10277.6,10230.7999,10267.8999,0.0
2020-06-29 11:00:00,10267.8999,10277.7,10223.6,10250.7,0.0
2020-06-29 12:00:00,10250.2999,10313.2,10237.3999,10304.0,0.0
2020-06-29 13:00:00,10303.5,10314.2,10248.1,10271.8999,0.0
2020-06-29 14:00:00,10272.1,10311.7,10264.2999,10273.3999,0.0
2020-06-29 15:00:00,10273.2,10337.8999,10268.0,10315.2,0.0
2020-06-30 09:00:00,10377.3999,10401.0,10365.2999,10370.6,0.0
2020-06-30 10:00:00,10371.2,10389.8999,10347.1,10374.2999,0.0
2020-06-30 11:00:00,10374.7,10381.6,10333.7999,10345.0,0.0
2020-06-30 12:00:00,10344.6,10373.6,10339.1,10361.7,0.0
2020-06-30 13:00:00,10362.1,10385.2,10349.7999,10367.3999,0.0
2020-06-30 14:00:00,10367.7,10374.1,10267.2999,10301.0,0.0
2020-06-30 15:00:00,10300.3999,10315.1,10290.6,10307.5,0.0
2020-07-01 09:00:00,10324.0,10359.2999,10299.5,10359.2,0.0
2020-07-01 10:00:00,10358.6,10363.3999,10318.2,10335.3999,0.0
2020-07-01 11:00:00,10335.7,10372.5,10329.7,10369.7999,0.0
2020-07-01 12:00:00,10368.7999,10431.1,10357.7999,10429.7999,0.0
2020-07-01 13:00:00,10430.2999,10446.8999,10398.8999,10420.8999,0.0
2020-07-01 14:00:00,10421.2,10442.7,10397.0,10429.5,0.0
2020-07-01 15:00:00,10429.6,10447.0,10412.6,10418.2999,0.0
2020-07-02 09:00:00,10494.7,10545.2999,10485.5,10523.6,0.0
2020-07-02 10:00:00,10523.8999,10540.2999,10502.7,10520.8999,0.0
2020-07-02 11:00:00,10520.3999,10539.5,10491.1,10537.2999,0.0
2020-07-02 12:00:00,10537.8999,10574.1,10531.1,10567.8999,0.0
2020-07-02 13:00:00,10568.1,10593.8999,10541.7,10590.0,0.0
2020-07-02 14:00:00,10590.7,10598.2,10552.0,10556.3999,0.0
2020-07-02 15:00:00,10556.6,10565.7,10538.3999,10561.0,0.0
2020-07-03 09:00:00,10614.5,10628.5,10564.7999,10597.2999,0.0
2020-07-03 10:00:00,10597.3999,10611.1,10585.2,10606.7,0.0
2020-07-03 11:00:00,10606.7999,10629.0,10578.1,10622.6,0.0
2020-07-03 12:00:00,10623.6,10631.2999,10592.6,10602.1,0.0
2020-07-03 13:00:00,10601.8999,10604.6,10562.6,10592.8999,0.0
2020-07-03 14:00:00,10592.7999,10612.7999,10578.7,10590.5,0.0
2020-07-03 15:00:00,10589.8999,10621.1,10589.2999,10602.8999,0.0
2020-07-06 09:00:00,10724.8999,10737.6,10695.1,10735.5,0.0
2020-07-06 10:00:00,10734.1,10753.7999,10727.8999,10742.1,0.0
2020-07-06 11:00:00,10742.2999,10768.7,10734.8999,10762.6,0.0
2020-07-06 12:00:00,10762.6,10796.7999,10752.8999,10795.2,0.0
2020-07-06 13:00:00,10795.2999,10811.3999,10767.8999,10778.0,0.0
2020-07-06 14:00:00,10780.0,10787.3999,10748.3999,10767.6,0.0
2020-07-06 15:00:00,10767.6,10781.2,10756.5,10772.1,0.0
2020-07-07 09:00:00,10804.2999,10805.0,10752.7,10769.3999,0.0
2020-07-07 10:00:00,10769.3999,10794.0,10744.7,10758.3999,0.0
2020-07-07 11:00:00,10758.7,10760.0,10689.6,10707.5,0.0
2020-07-07 12:00:00,10707.5,10775.8999,10701.0,10759.0,0.0
2020-07-07 13:00:00,10758.6,10795.6,10741.2,10742.5,0.0
2020-07-07 14:00:00,10742.7999,10794.3999,10741.8999,10789.7999,0.0
2020-07-07 15:00:00,10789.2999,10813.7999,10779.2999,10787.2999,0.0
2020-07-08 09:00:00,10820.0,10847.7999,10796.7,10814.7999,0.0
2020-07-08 10:00:00,10814.2,10818.0,10784.6,10798.7,0.0
2020-07-08 11:00:00,10798.6,10814.7999,10766.5,10782.6,0.0
2020-07-08 12:00:00,10782.2,10819.2999,10768.6,10806.8999,0.0
2020-07-08 13:00:00,10807.5,10829.1,10788.6,10819.2999,0.0
2020-07-08 14:00:00,10819.1,10833.8999,10715.5,10724.7,0.0
2020-07-08 15:00:00,10723.3999,10735.3999,10676.5,10695.0,0.0
2020-07-09 09:00:00,10757.0,10769.3999,10732.8999,10766.2999,0.0
2020-07-09 10:00:00,10765.5,10792.1,10752.5,10763.2,0.0
2020-07-09 11:00:00,10762.6,10783.1,10761.6,10773.2,0.0
2020-07-09 12:00:00,10772.6,10802.0,10762.2,10799.6,0.0
2020-07-09 13:00:00,10799.7999,10811.5,10754.6,10798.2999,0.0
2020-07-09 14:00:00,10798.1,10825.7999,10785.7,10805.7,0.0
2020-07-09 15:00:00,10805.2999,10836.7999,10789.7999,10832.3999,0.0
2020-07-10 09:00:00,10759.7999,10808.2,10757.7999,10806.6,0.0
2020-07-10 10:00:00,10807.2,10819.3999,10754.6,10776.0,0.0
2020-07-10 11:00:00,10775.3999,10776.2,10744.5,10747.5,0.0
2020-07-10 12:00:00,10748.1,10765.6,10713.0,10762.2999,0.0
2020-07-10 13:00:00,10762.1,10796.3999,10749.6,10764.8999,0.0
2020-07-10 14:00:00,10765.1,10771.2,10736.1,10769.5,0.0
2020-07-10 15:00:00,10769.2999,10786.2,10752.8999,10770.8999,0.0
2020-07-13 09:00:00,10850.7999,10894.0,10843.5,10859.8999,0.0
2020-07-13 10:00:00,10859.3999,10882.8999,10851.7,10877.2,0.0
2020-07-13 11:00:00,10877.5,10883.2999,10814.8999,10825.8999,0.0
2020-07-13 12:00:00,10825.7,10838.3999,10785.0,10785.7,0.0
2020-07-13 13:00:00,10785.8999,10814.8999,10756.0,10766.2,0.0
2020-07-13 14:00:00,10766.6,10815.7,10761.8999,10814.8999,0.0
2020-07-13 15:00:00,10813.2,10818.5,10781.2,10815.7999,0.0
2020-07-14 09:00:00,10762.2,10763.3999,10697.7999,10711.0,0.0
2020-07-14 10:00:00,10711.1,10728.8999,10639.2999,10645.2999,0.0
2020-07-14 11:00:00,10644.2999,10666.7999,10616.6,10648.3999,0.0
2020-07-14 12:00:00,10648.1,10652.8999,10595.7,10606.5,0.0
2020-07-14 13:00:00,10606.1,10638.1,10562.8999,10622.7,0.0
2020-07-14 14:00:00,10622.7,10644.5,10599.6,10624.0,0.0
2020-07-14 15:00:00,10623.7999,10629.2999,10593.1,10610.1,0.0
2020-07-15 09:00:00,10696.6,10750.2,10683.3999,10744.6,0.0
2020-07-15 10:00:00,10744.2,10805.2,10740.1,10798.3999,0.0
2020-07-15 11:00:00,10799.1,10827.3999,10788.7,10803.5,0.0
2020-07-15 12:00:00,10803.7999,10803.7999,10760.7,10783.5,0.0
2020-07-15 13:00:00,10783.2999,10811.8999,10776.0,10810.7999,0.0
2020-07-15 14:00:00,10811.3999,10814.2,10647.2,10696.7,0.0
2020-07-15 15:00:00,10695.7,10696.7,10577.7,10637.2999,0.0
2020-07-16 09:00:00,10708.2999,10709.0,10595.2,10668.7999,0.0
2020-07-16 10:00:00,10669.0,10702.2,10642.2,10656.5,0.0
2020-07-16 11:00:00,10656.5,10687.2999,10627.8999,10670.2999,0.0
2020-07-16 12:00:00,10671.5,10681.7999,10631.3999,10653.7999,0.0
2020-07-16 13:00:00,10653.3999,10687.3999,10633.3999,10666.3999,0.0
2020-07-16 14:00:00,10665.7999,10719.7,10645.1,10719.1,0.0
2020-07-16 15:00:00,10718.7,10755.2999,10718.3999,10729.5,0.0
2020-07-17 09:00:00,10755.7,10817.8999,10749.6,10798.7,0.0
2020-07-17 10:00:00,10798.8999,10821.5,10780.7999,10806.1,0.0
2020-07-17 11:00:00,10806.2999,10835.1,10797.7999,10809.8999,0.0
2020-07-17 12:00:00,10810.0,10834.7,10801.3999,10802.2,0.0
2020-07-17 13:00:00,10802.6,10823.2,10781.3999,10806.2,0.0
2020-07-17 14:00:00,10806.1,10880.3999,10795.6,10864.3999,0.0
2020-07-17 15:00:00,10864.2,10933.3999,10863.5,10932.0,0.0
2020-07-20 09:00:00,11013.7999,11017.2999,10956.8999,11000.2,0.0
2020-07-20 10:00:00,10999.5,11017.6,10965.2,10970.7999,0.0
2020-07-20 11:00:00,10970.2999,10997.8999,10963.3999,10986.0,0.0
2020-07-20 12:00:00,10985.8999,10994.0,10967.2999,10984.2,0.0
2020-07-20 13:00:00,10984.2999,11011.7999,10953.0,10975.7999,0.0
2020-07-20 14:00:00,10975.5,11030.6,10971.3999,11009.7,0.0
2020-07-20 15:00:00,11010.0,11037.8999,11007.7999,11027.7,0.0
2020-07-21 09:00:00,11126.2,11164.3999,11121.7,11134.7,0.0
2020-07-21 10:00:00,11134.7,11150.0,11113.2,11141.7,0.0
2020-07-21 11:00:00,11142.0,11149.2999,11126.7,11139.5,0.0
2020-07-21 12:00:00,11139.6,11166.2,11134.7999,11165.1,0.0
2020-07-21 13:00:00,11165.0,11179.5,11135.0,11145.1,0.0
2020-07-21 14:00:00,11145.1,11179.2999,11136.1,11164.1,0.0
2020-07-21 15:00:00,11164.2,11173.2999,11153.2,11171.2999,0.0
2020-07-22 09:00:00,11232.1,11238.1,11102.2999,11135.6,0.0
2020-07-22 10:00:00,11136.0,11171.7999,11122.7999,11166.6,0.0
2020-07-22 11:00:00,11167.2999,11185.7,11150.2999,11169.2,0.0
2020-07-22 12:00:00,11169.7,11187.0,11160.8999,11181.0,0.0
2020-07-22 13:00:00,11180.8999,11192.1,11087.0,11125.7999,0.0
2020-07-22 14:00:00,11125.3999,11126.6,11056.5,11091.2999,0.0
2020-07-22 15:00:00,11090.5,11155.3999,11090.2999,11143.8999,0.0
2020-07-23 09:00:00,11135.7999,11177.1,11103.1,11161.5,0.0
2020-07-23 10:00:00,11161.7999,11178.5,11143.7999,11168.5,0.0
2020-07-23 11:00:00,11168.5,11215.2999,11168.2999,11199.7999,0.0
2020-07-23 12:00:00,11200.1,11226.5,11192.6,11197.6,0.0
2020-07-23 13:00:00,11197.7,11223.1,11188.2,11219.2999,0.0
2020-07-23 14:00:00,11218.8999,11226.2999,11175.0,11200.7,0.0
2020-07-23 15:00:00,11200.6,11239.7999,11196.2999,11235.8999,0.0
2020-07-24 09:00:00,11153.7,11169.3999,11123.6,11165.7,0.0
2020-07-24 10:00:00,11164.2999,11170.0,11096.2,11097.7999,0.0
2020-07-24 11:00:00,11097.3999,11147.7999,11090.2999,11137.6,0.0
2020-07-24 12:00:00,11136.8999,11142.8999,11106.0,11126.1,0.0
2020-07-24 13:00:00,11126.2,11163.8999,11108.7999,11157.1,0.0
2020-07-24 14:00:00,11157.2,11225.3999,11149.7999,11180.8999,0.0
2020-07-24 15:00:00,11180.5,11206.2999,11178.0,11198.2,0.0
2020-07-27 09:00:00,11227.5,11229.5,11087.7999,11124.1,0.0
2020-07-27 10:00:00,11124.7999,11149.7,11099.1,11135.2,0.0
2020-07-27 11:00:00,11134.8999,11155.8999,11114.2999,11147.7,0.0
2020-07-27 12:00:00,11147.7,11175.2,11142.8999,11166.3999,0.0
2020-07-27 13:00:00,11166.2999,11184.7,11123.6,11156.7,0.0
2020-07-27 14:00:00,11156.8999,11181.0,11131.6,11175.7999,0.0
2020-07-27 15:00:00,11175.3999,11177.1,11111.7999,11124.7,0.0
2020-07-28 09:00:00,11159.8999,11223.0,11151.3999,11187.8999,0.0
2020-07-28 10:00:00,11188.3999,11199.6,11156.0,11179.6,0.0
2020-07-28 11:00:00,11179.8999,11213.7999,11178.8999,11204.6,0.0
2020-07-28 12:00:00,11204.1,11265.0,11200.2,11257.7,0.0
2020-07-28 13:00:00,11257.7,11260.1,11224.5,11232.2999,0.0
2020-07-28 14:00:00,11231.2999,11298.1,11226.7999,11297.2999,0.0
2020-07-28 15:00:00,11298.2999,11317.7,11284.7,11292.2999,0.0
2020-07-29 09:00:00,11271.8999,11341.3999,11262.6,11279.6,0.0
2020-07-29 10:00:00,11279.1,11291.5,11244.7999,11270.7,0.0
2020-07-29 11:00:00,11270.7,11309.6,11254.5,11300.1,0.0
2020-07-29 12:00:00,11299.5,11302.2999,11262.7999,11268.2,0.0
2020-07-29 13:00:00,11267.6,11293.5,11244.5,11255.7,0.0
2020-07-29 14:00:00,11255.6,11268.3999,11149.7,11189.2999,0.0
2020-07-29 15:00:00,11189.5,11225.7999,11180.2999,11198.7999,0.0
2020-07-30 09:00:00,11259.8999,11281.3999,11245.3999,11270.6,0.0
2020-07-30 10:00:00,11270.7999,11299.8999,11266.2999,11282.8999,0.0
2020-07-30 11:00:00,11282.7,11296.3999,11260.6,11264.1,0.0
2020-07-30 12:00:00,11264.5,11283.2,11192.2,11193.3999,0.0
2020-07-30 13:00:00,11193.2999,11204.3999,11147.3999,11176.6,0.0
2020-07-30 14:00:00,11176.5,11179.2999,11089.5,11100.5,0.0
2020-07-30 15:00:00,11099.2,11121.3999,11084.8999,11096.7,0.0
2020-07-31 09:00:00,11138.8999,11150.3999,11049.2,11109.7999,0.0
2020-07-31 10:00:00,11110.1,11131.6,11066.7999,11106.8999,0.0
2020-07-31 11:00:00,11107.1,11116.8999,11059.2999,11085.5,0.0
2020-07-31 12:00:00,11085.8999,11112.6,11055.1,11081.1,0.0
2020-07-31 13:00:00,11081.2,11103.2,11026.6,11078.5,0.0
2020-07-31 14:00:00,11077.7,11104.2,11039.7999,11067.5,0.0
2020-07-31 15:00:00,11068.7999,11091.1,11056.6,11089.0,0.0
2020-08-03 09:00:00,11061.0,11064.0,10968.2,10975.2,0.0
2020-08-03 10:00:00,10975.0,10983.1,10948.8999,10976.2,0.0
2020-08-03 11:00:00,10976.2999,10990.6,10955.7999,10976.2,0.0
2020-08-03 12:00:00,10975.7,10977.7,10911.0,10913.2999,0.0
2020-08-03 13:00:00,10913.2,10942.8999,10908.7999,10919.8999,0.0
2020-08-03 14:00:00,10920.2999,10925.1,10882.2,10906.8999,0.0
2020-08-03 15:00:00,10907.0,10911.7999,10883.2,10899.7999,0.0
2020-08-04 09:00:00,10944.6,10982.6,10908.1,10973.7999,0.0
2020-08-04 10:00:00,10973.7,11037.6,10964.8999,11020.3999,0.0
2020-08-04 11:00:00,11020.3999,11051.8999,11004.2,11047.1,0.0
2020-08-04 12:00:00,11047.1,11067.2,11027.2999,11035.1,0.0
2020-08-04 13:00:00,11035.3999,11071.0,11025.7,11051.6,0.0
2020-08-04 14:00:00,11052.0,11104.7999,11041.8999,11099.1,0.0
2020-08-04 15:00:00,11099.6,11112.2,11079.7,11102.6,0.0
2020-08-05 09:00:00,11159.3999,11222.0,11144.5,11207.8999,0.0
2020-08-05 10:00:00,11208.6,11225.6,11174.3999,11179.1,0.0
2020-08-05 11:00:00,11177.2,11197.5,11069.2,11074.0,0.0
2020-08-05 12:00:00,11073.5,11145.7,11064.0,11123.0,0.0
2020-08-05 13:00:00,11122.5,11145.7999,11069.7,11096.2999,0.0
2020-08-05 14:00:00,11095.2,11134.8999,11082.2999,11105.1,0.0
2020-08-05 15:00:00,11105.6,11123.8999,11086.2,11121.1,0.0
2020-08-06 09:00:00,11195.7,11195.7,11127.2999,11167.7,0.0
2020-08-06 10:00:00,11168.2,11191.7,11151.1,11182.0,0.0
2020-08-06 11:00:00,11181.2999,11204.5,11151.5,11181.7999,0.0
2020-08-06 12:00:00,11181.8999,11256.7999,11135.2,11237.7,0.0
2020-08-06 13:00:00,11237.0,11255.2,11202.0,11225.7,0.0
2020-08-06 14:00:00,11225.7,11225.8999,11129.3999,11171.7,0.0
2020-08-06 15:00:00,11172.6,11211.7999,11171.0,11206.1,0.0
2020-08-07 09:00:00,11194.7,11213.7999,11142.0,11198.5,0.0
2020-08-07 10:00:00,11197.7999,11210.2,11167.8999,11171.7999,0.0
2020-08-07 11:00:00,11171.3999,11203.1,11170.5,11199.6,0.0
2020-08-07 12:00:00,11200.5,11212.6,11169.7,11194.8999,0.0
2020-08-07 13:00:00,11194.8999,11208.2,11177.8999,11191.2,0.0
2020-08-07 14:00:00,11190.1,11231.8999,11185.8999,11219.6,0.0
2020-08-07 15:00:00,11219.6,11222.1,11203.5,11216.7,0.0
2020-08-10 09:00:00,11272.5,11326.5,11261.1,11304.2,0.0
2020-08-10 10:00:00,11303.7,11321.5,11290.6,11314.2999,0.0
2020-08-10 11:00:00,11313.7,11337.2999,11307.8999,11331.6,0.0
2020-08-10 12:00:00,11332.2,11332.7999,11291.2999,11317.0,0.0
2020-08-10 13:00:00,11317.2,11320.1,11289.7,11294.0,0.0
2020-08-10 14:00:00,11294.0,11296.7,11238.0,11281.8999,0.0
2020-08-10 15:00:00,11281.7999,11282.7999,11260.3999,11276.1,0.0
2020-08-11 09:00:00,11321.6,11373.5,11320.0,11347.6,0.0
2020-08-11 10:00:00,11346.8999,11366.2,11332.1,11351.5,0.0
2020-08-11 11:00:00,11350.7,11353.0,11310.0,11325.2,0.0
2020-08-11 12:00:00,11325.7,11342.7999,11299.1,11340.3999,0.0
2020-08-11 13:00:00,11340.2,11364.8999,11336.6,11340.2,0.0
2020-08-11 14:00:00,11340.0,11361.2,11337.2,11346.2999,0.0
2020-08-11 15:00:00,11345.2999,11347.2999,11310.8999,11332.7,0.0
2020-08-12 09:00:00,11296.2,11296.2,11242.6,11280.7999,0.0
2020-08-12 10:00:00,11280.7,11285.0,11260.2,11274.3999,0.0
2020-08-12 11:00:00,11273.7999,11307.6,11273.5,11295.3999,0.0
2020-08-12 12:00:00,11295.2999,11319.2999,11286.2999,11315.7999,0.0
2020-08-12 13:00:00,11315.6,11317.3999,11277.2,11294.0,0.0
2020-08-12 14:00:00,11294.1,11322.0,11292.7999,11312.5,0.0
2020-08-12 15:00:00,11312.1,11315.7,11299.1,11309.1,0.0
2020-08-13 09:00:00,11335.3999,11359.2999,11320.8999,11350.3999,0.0
2020-08-13 10:00:00,11350.2999,11354.5,11327.2999,11344.3999,0.0
2020-08-13 11:00:00,11344.3999,11355.6,11295.1,11311.1,0.0
2020-08-13 12:00:00,11310.8999,11315.2,11269.8999,11296.1,0.0
2020-08-13 13:00:00,11295.3999,11324.1,11283.2,11312.2,0.0
2020-08-13 14:00:00,11312.8999,11316.6,11284.3999,11299.5,0.0
2020-08-13 15:00:00,11298.6,11315.0,11283.2999,11311.1,0.0
2020-08-14 09:00:00,11350.7999,11361.3999,11329.0,11347.2,0.0
2020-08-14 10:00:00,11347.3999,11356.7,11311.2,11324.5,0.0
2020-08-14 11:00:00,11324.6,11340.1,11319.8999,11339.2,0.0
2020-08-14 12:00:00,11338.7,11366.2,11329.3999,11341.8999,0.0
2020-08-14 13:00:00,11342.1,11343.5,11195.3999,11213.7999,0.0
2020-08-14 14:00:00,11210.2999,11213.2999,11111.3999,11172.5,0.0
2020-08-14 15:00:00,11172.8999,11198.5,11159.7999,11182.3999,0.0
2020-08-17 09:00:00,11252.3999,11252.5,11144.3999,11194.6,0.0
2020-08-17 10:00:00,11196.1,11231.7,11179.1,11202.7,0.0
2020-08-17 11:00:00,11202.7999,11216.6,11185.3999,11201.7,0.0
2020-08-17 12:00:00,11201.7,11226.5,11191.5,11212.3999,0.0
2020-08-17 13:00:00,11212.2,11240.6,11198.7,11226.2,0.0
2020-08-17 14:00:00,11226.7,11232.7999,11182.7999,11216.8999,0.0
2020-08-17 15:00:00,11215.6,11267.1,11215.2,11259.5,0.0
2020-08-18 09:00:00,11259.7999,11322.5,11253.1,11313.2,0.0
2020-08-18 10:00:00,11313.1,11340.6,11303.5,11325.7,0.0
2020-08-18 11:00:00,11326.1,11333.1,11304.7,11311.6,0.0
2020-08-18 12:00:00,11311.6,11324.3999,11289.7,11317.1,0.0
2020-08-18 13:00:00,11317.1,11344.2,11313.7999,11337.8999,0.0
2020-08-18 14:00:00,11338.0,11401.6,11336.5,11387.2,0.0
2020-08-18 15:00:00,11387.5,11395.3999,11377.6,11388.7999,0.0
2020-08-19 09:00:00,11452.2,11460.2999,11419.7,11424.7,0.0
2020-08-19 10:00:00,11425.0,11444.3999,11422.6,11437.8999,0.0
2020-08-19 11:00:00,11438.1,11440.8999,11404.6,11433.5,0.0
2020-08-19 12:00:00,11433.2,11446.2999,11424.7999,11433.5,0.0
2020-08-19 13:00:00,11433.2,11452.1,11411.3999,11446.3999,0.0
2020-08-19 14:00:00,11446.7,11455.2999,11422.3999,11433.2999,0.0
2020-08-19 15:00:00,11432.1,11433.7,11394.1,11421.3999,0.0
2020-08-20 09:00:00,11320.7,11340.7999,11294.1,11332.3999,0.0
2020-08-20 10:00:00,11332.5,11353.5,11324.2999,11338.3999,0.0
2020-08-20 11:00:00,11338.3999,11345.7,11328.2,11340.6,0.0
2020-08-20 12:00:00,11341.0,11345.0,11292.1,11314.7,0.0
2020-08-20 13:00:00,11314.3999,11361.3999,11300.5,11312.2999,0.0
2020-08-20 14:00:00,11312.1,11334.7,11289.7999,11325.3999,0.0
2020-08-20 15:00:00,11325.7999,11332.7999,11300.6,11308.8999,0.0
2020-08-21 09:00:00,11405.7999,11418.5,11386.2999,11401.8999,0.0
2020-08-21 10:00:00,11402.2,11404.3999,11383.1,11389.0,0.0
2020-08-21 11:00:00,11388.8999,11399.2999,11375.6,11390.6,0.0
2020-08-21 12:00:00,11390.6,11407.8999,11382.8999,11402.0,0.0
2020-08-21 13:00:00,11401.5,11416.6,11390.6,11397.6,0.0
2020-08-21 14:00:00,11397.7,11406.2999,11382.8999,11384.7,0.0
2020-08-21 15:00:00,11384.3999,11387.8999,11362.2,11378.2,0.0
2020-08-24 09:00:00,11412.2,11450.2999,11410.3999,11445.7999,0.0
2020-08-24 10:00:00,11447.2999,11449.7,11430.5,11432.5,0.0
2020-08-24 11:00:00,11432.3999,11448.5,11422.2999,11443.0,0.0
2020-08-24 12:00:00,11442.8999,11485.7,11439.6,11481.2,0.0
2020-08-24 13:00:00,11482.2,11486.7,11464.5,11473.5,0.0
2020-08-24 14:00:00,11473.6,11497.2,11461.7,11466.0,0.0
2020-08-24 15:00:00,11466.1,11478.3999,11451.6,11472.5,0.0
2020-08-25 09:00:00,11513.7999,11525.8999,11480.5,11485.1,0.0
2020-08-25 10:00:00,11484.5,11505.1,11432.7,11454.8999,0.0
2020-08-25 11:00:00,11455.0,11485.1,11454.0,11482.1,0.0
2020-08-25 12:00:00,11483.2999,11487.6,11461.2999,11470.3999,0.0
2020-08-25 13:00:00,11470.5,11496.2999,11456.7,11464.7,0.0
2020-08-25 14:00:00,11464.2999,11469.7999,11423.2999,11461.7999,0.0
2020-08-25 15:00:00,11461.2999,11488.0,11460.2,11479.5,0.0
2020-08-26 09:00:00,11512.7,11517.5,11465.0,11469.5,0.0
2020-08-26 10:00:00,11468.8999,11494.6,11461.7999,11483.5,0.0
2020-08-26 11:00:00,11483.5,11489.5,11463.3999,11478.5,0.0
2020-08-26 12:00:00,11478.2999,11498.6,11466.0,11491.7,0.0
2020-08-26 13:00:00,11492.7999,11504.6,11481.0,11502.5,0.0
2020-08-26 14:00:00,11503.1,11547.2,11502.6,11537.1,0.0
2020-08-26 15:00:00,11536.6,11561.7,11531.7,11552.3999,0.0
2020-08-27 09:00:00,11613.6,11617.2999,11586.3999,11591.8999,0.0
2020-08-27 10:00:00,11592.1,11603.7999,11583.1,11590.7999,0.0
2020-08-27 11:00:00,11590.5,11610.5,11589.2999,11598.7999,0.0
2020-08-27 12:00:00,11598.2,11612.3999,11591.6,11595.1,0.0
2020-08-27 13:00:00,11594.5,11600.1,11558.2999,11572.2,0.0
2020-08-27 14:00:00,11572.1,11587.3999,11559.2999,11573.2999,0.0
2020-08-27 15:00:00,11572.8999,11579.5,11540.6,11573.5,0.0
2020-08-28 09:00:00,11603.7999,11634.5,11589.3999,11608.6,0.0
2020-08-28 10:00:00,11609.0,11634.2,11594.6,11625.8999,0.0
2020-08-28 11:00:00,11625.7999,11686.0,11625.1,11666.7,0.0
2020-08-28 12:00:00,11666.7,11674.0,11633.7,11643.2,0.0
2020-08-28 13:00:00,11643.0,11653.7,11617.8999,11648.0,0.0
2020-08-28 14:00:00,11648.0,11677.7999,11641.3999,11674.7,0.0
2020-08-28 15:00:00,11674.5,11674.7999,11632.2,11655.6,0.0
2020-08-31 09:00:00,11779.7,11794.2,11734.8999,11767.8999,0.0
2020-08-31 10:00:00,11767.1,11768.2,11685.0,11707.0,0.0
2020-08-31 11:00:00,11707.1,11708.1,11528.8999,11557.3999,0.0
2020-08-31 12:00:00,11556.0,11602.6,11540.0,11551.8999,0.0
2020-08-31 13:00:00,11551.8999,11552.2999,11407.7999,11445.6,0.0
2020-08-31 14:00:00,11445.8999,11460.0,11325.7999,11374.6,0.0
2020-08-31 15:00:00,11374.7,11428.2999,11332.3999,11342.6,0.0
2020-09-01 09:00:00,11471.2999,11510.0,11366.8999,11417.7999,0.0
2020-09-01 10:00:00,11415.5,11462.3999,11390.7999,11454.6,0.0
2020-09-01 11:00:00,11454.7999,11497.6,11391.1,11444.6,0.0
2020-09-01 12:00:00,11445.2999,11535.5,11431.6,11518.5,0.0
2020-09-01 13:00:00,11517.8999,11553.5,11452.1,11489.3999,0.0
2020-09-01 14:00:00,11489.7,11501.7999,11399.2999,11455.0,0.0
2020-09-01 15:00:00,11455.3999,11496.2999,11438.3999,11494.2999,0.0
2020-09-02 09:00:00,11479.7,11520.3999,11449.2999,11504.7,0.0
2020-09-02 10:00:00,11505.3999,11514.7,11430.3999,11453.0,0.0
2020-09-02 11:00:00,11452.7999,11496.1,11452.3999,11480.8999,0.0
2020-09-02 12:00:00,11481.7999,11482.6,11441.3999,11453.3999,0.0
2020-09-02 13:00:00,11453.7999,11491.2999,11451.0,11468.7,0.0
2020-09-02 14:00:00,11468.7,11549.2,11466.7999,11542.7,0.0
2020-09-02 15:00:00,11543.7,11554.7,11521.6,11542.7,0.0
2020-09-03 09:00:00,11560.6,11584.8999,11534.8999,11553.5,0.0
2020-09-03 10:00:00,11554.1,11573.2,11547.2999,11563.0,0.0
2020-09-03 11:00:00,11562.7,11570.8999,11514.7999,11533.8999,0.0
2020-09-03 12:00:00,11533.8999,11551.1,11507.6,11542.7,0.0
2020-09-03 13:00:00,11542.7,11572.0,11538.2,11553.5,0.0
2020-09-03 14:00:00,11553.3999,11566.2,11519.3999,11528.7,0.0
2020-09-03 15:00:00,11528.6,11538.2999,11515.6,11535.7999,0.0
2020-09-04 09:00:00,11372.7999,11409.7999,11332.7999,11393.7999,0.0
2020-09-04 10:00:00,11393.8999,11410.1,11375.0,11397.7,0.0
2020-09-04 11:00:00,11398.2999,11416.0,11383.7999,11395.1,0.0
2020-09-04 12:00:00,11394.7999,11434.3999,11384.7999,11424.2,0.0
2020-09-04 13:00:00,11424.0,11452.0,11411.3999,11415.7999,0.0
2020-09-04 14:00:00,11416.2,11418.1,11303.6,11334.2999,0.0
2020-09-04 15:00:00,11334.3999,11359.1,11305.6,11358.1,0.0
2020-09-07 09:00:00,11359.0,11373.2999,11251.7,11294.8999,0.0
2020-09-07 10:00:00,11294.8999,11325.7,11274.6,11302.1,0.0
2020-09-07 11:00:00,11301.7,11353.2999,11297.6,11318.6,0.0
2020-09-07 12:00:00,11319.1,11334.6,11301.7999,11318.7999,0.0
2020-09-07 13:00:00,11318.6,11351.2999,11316.2999,11338.3999,0.0
2020-09-07 14:00:00,11339.2,11366.2,11278.6,11295.0,0.0
2020-09-07 15:00:00,11296.8999,11381.1,11296.1,11376.0,0.0
2020-09-08 09:00:00,11379.1,11379.3999,11328.7,11367.3999,0.0
2020-09-08 10:00:00,11367.0,11432.3999,11358.5,11420.0,0.0
2020-09-08 11:00:00,11420.2999,11428.3999,11393.7999,11422.3999,0.0
2020-09-08 12:00:00,11421.8999,11437.2,11401.2,11423.6,0.0
2020-09-08 13:00:00,11424.2999,11426.0,11378.6,11404.2999,0.0
2020-09-08 14:00:00,11403.7,11419.7,11333.7999,11342.0,0.0
2020-09-08 15:00:00,11342.8999,11348.1,11290.3999,11295.7999,0.0
2020-09-09 09:00:00,11219.7999,11281.7,11207.3999,11225.0,0.0
2020-09-09 10:00:00,11225.1,11259.2999,11220.7,11251.0,0.0
2020-09-09 11:00:00,11251.2,11255.1,11215.2,11217.3999,0.0
2020-09-09 12:00:00,11217.2,11242.0,11185.1,11221.3999,0.0
2020-09-09 13:00:00,11221.8999,11263.7,11206.5,11252.7,0.0
2020-09-09 14:00:00,11252.2999,11278.7999,11218.8999,11264.6,0.0
2020-09-09 15:00:00,11264.3999,11298.1,11245.0,11285.5,0.0
2020-09-10 09:00:00,11359.5,11367.2999,11327.3999,11354.2,0.0
2020-09-10 10:00:00,11353.7,11403.0,11348.7999,11395.6,0.0
2020-09-10 11:00:00,11395.5,11424.0,11386.2,11412.0,0.0
2020-09-10 12:00:00,11411.8999,11446.2,11394.2,11397.3999,0.0
2020-09-10 13:00:00,11397.3999,11408.3999,11362.2,11376.1,0.0
2020-09-10 14:00:00,11376.1,11432.7,11375.6,11425.1,0.0
2020-09-10 15:00:00,11424.8999,11464.0,11424.6,11452.2,0.0
2020-09-11 09:00:00,11455.8999,11493.5,11423.7999,11450.1,0.0
2020-09-11 10:00:00,11450.6,11479.1,11436.1,11477.3999,0.0
2020-09-11 11:00:00,11478.6,11480.6,11432.8999,11443.2999,0.0
2020-09-11 12:00:00,11443.2,11472.6,11433.1,11462.3999,0.0
2020-09-11 13:00:00,11462.2999,11463.0,11419.8999,11436.8999,0.0
2020-09-11 14:00:00,11436.2,11470.6,11435.3999,11458.2999,0.0
2020-09-11 15:00:00,11458.7,11479.3999,11453.0,11454.2999,0.0
2020-09-14 09:00:00,11530.6,11563.2999,11516.8999,11526.1,0.0
2020-09-14 10:00:00,11526.2,11553.8999,11524.6,11541.6,0.0
2020-09-14 11:00:00,11541.6,11568.8999,11532.7999,11561.2999,0.0
2020-09-14 12:00:00,11561.2,11566.2999,11532.7,11547.3999,0.0
2020-09-14 13:00:00,11547.1,11552.1,11493.7999,11508.2999,0.0
2020-09-14 14:00:00,11508.6,11515.6,11383.5,11445.8999,0.0
2020-09-14 15:00:00,11446.0,11479.2,11409.8999,11421.7,0.0
2020-09-15 09:00:00,11488.7999,11510.5,11462.7,11486.1,0.0
2020-09-15 10:00:00,11486.0,11492.2,11442.2,11461.8999,0.0
2020-09-15 11:00:00,11462.1,11504.8999,11457.7999,11483.7999,0.0
2020-09-15 12:00:00,11483.0,11507.2999,11479.7999,11501.3999,0.0
2020-09-15 13:00:00,11501.7,11514.3999,11464.0,11493.1,0.0
2020-09-15 14:00:00,11493.2999,11534.5,11491.7,11525.2999,0.0
2020-09-15 15:00:00,11526.0,11535.8999,11510.2,11531.3999,0.0
2020-09-16 09:00:00,11544.1,11552.3999,11516.7,11551.1,0.0
2020-09-16 10:00:00,11550.8999,11570.2999,11537.6,11556.2,0.0
2020-09-16 11:00:00,11555.7999,11564.6,11523.2999,11537.0,0.0
2020-09-16 12:00:00,11536.8999,11582.7999,11531.3999,11573.1,0.0
2020-09-16 13:00:00,11573.7999,11591.0,11552.3999,11573.7,0.0
2020-09-16 14:00:00,11573.7,11617.5,11571.1,11612.7999,0.0
2020-09-16 15:00:00,11612.8999,11618.1,11593.1,11599.8999,0.0
2020-09-17 09:00:00,11540.6,11579.8999,11520.3999,11567.1,0.0
2020-09-17 10:00:00,11567.1,11587.2,11557.1,11570.8999,0.0
2020-09-17 11:00:00,11570.5,11575.2999,11511.6,11513.2,0.0
2020-09-17 12:00:00,11514.3999,11547.8999,11505.7,11542.8999,0.0
2020-09-17 13:00:00,11543.0,11552.2,11522.7,11536.7999,0.0
2020-09-17 14:00:00,11536.7999,11562.2999,11509.7,11511.7999,0.0
2020-09-17 15:00:00,11511.7999,11527.6,11498.5,11518.3999,0.0
2020-09-18 09:00:00,11584.3999,11585.7999,11550.8999,11567.2,0.0
2020-09-18 10:00:00,11567.0,11581.2999,11537.5,11556.8999,0.0
2020-09-18 11:00:00,11557.6,11571.2999,11540.3999,11562.1,0.0
2020-09-18 12:00:00,11561.7999,11569.7,11545.8999,11554.7,0.0
2020-09-18 13:00:00,11554.8999,11579.1,11539.0,11564.6,0.0
2020-09-18 14:00:00,11564.2999,11575.7999,11446.0,11509.2,0.0
2020-09-18 15:00:00,11509.2999,11520.0,11482.2,11517.0,0.0
2020-09-21 09:00:00,11504.2999,11530.8999,11490.6,11494.2999,0.0
2020-09-21 10:00:00,11493.0,11535.2,11477.1,11501.0,0.0
2020-09-21 11:00:00,11499.5,11513.3999,11482.2,11496.1,0.0
2020-09-21 12:00:00,11496.1,11513.0,11456.3999,11470.2,0.0
2020-09-21 13:00:00,11469.7,11474.7,11386.0,11392.8999,0.0
2020-09-21 14:00:00,11393.5,11395.2,11252.6,11288.6,0.0
2020-09-21 15:00:00,11288.3999,11291.2,11218.5,11222.1,0.0
2020-09-22 09:00:00,11312.0,11312.7999,11084.6,11123.5,0.0
2020-09-22 10:00:00,11124.3999,11206.8999,11120.5,11155.0,0.0
2020-09-22 11:00:00,11154.2,11183.7,11124.6,11181.2,0.0
2020-09-22 12:00:00,11180.5,11218.8999,11145.5,11210.7,0.0
2020-09-22 13:00:00,11210.7999,11251.0,11163.7,11184.7,0.0
2020-09-22 14:00:00,11183.6,11190.0,11117.0,11127.5,0.0
2020-09-22 15:00:00,11127.5,11177.0,11121.6,11174.7,0.0
2020-09-23 09:00:00,11259.1,11264.2999,11193.6,11195.5,0.0
2020-09-23 10:00:00,11195.5,11236.2999,11184.6,11228.5,0.0
2020-09-23 11:00:00,11228.3999,11228.7,11187.0,11190.7,0.0
2020-09-23 12:00:00,11190.6,11190.7999,11079.1,11097.2,0.0
2020-09-23 13:00:00,11097.2999,11138.7,11024.3999,11049.3999,0.0
2020-09-23 14:00:00,11049.7,11135.1,11029.5,11123.8999,0.0
2020-09-23 15:00:00,11124.0,11151.1,11106.6,11134.0,0.0
2020-09-24 09:00:00,11015.7,11017.7999,10951.7999,10983.8999,0.0
2020-09-24 10:00:00,10983.2,10984.7999,10928.3999,10942.6,0.0
2020-09-24 11:00:00,10942.2999,10958.5,10915.6,10920.0,0.0
2020-09-24 12:00:00,10919.3999,10937.3999,10890.2,10925.2999,0.0
2020-09-24 13:00:00,10925.7,10956.8999,10890.3999,10900.7,0.0
2020-09-24 14:00:00,10900.8999,10914.5,10840.0,10850.5,0.0
2020-09-24 15:00:00,10849.3999,10851.0,10790.1,10824.0,0.0
2020-09-25 09:00:00,10915.1,10946.7999,10881.5,10923.2999,0.0
2020-09-25 10:00:00,10923.5,10923.8999,10854.7999,10894.1,0.0
2020-09-25 11:00:00,10894.5,10950.3999,10891.2,10932.7999,0.0
2020-09-25 12:00:00,10933.2,11011.7,10926.7,10997.7999,0.0
2020-09-25 13:00:00,10998.3999,11008.1,10960.1,10981.2,0.0
2020-09-25 14:00:00,10981.6,11072.5,10979.1,11052.2999,0.0
2020-09-25 15:00:00,11051.7,11067.2999,11029.1,11036.2999,0.0
2020-09-28 09:00:00,11143.2999,11177.8999,11099.7999,11157.0,0.0
2020-09-28 10:00:00,11156.8999,11201.1,11146.8999,11186.8999,0.0
2020-09-28 11:00:00,11187.0,11212.6,11177.3999,11196.7999,0.0
2020-09-28 12:00:00,11197.1,11218.2999,11175.3999,11215.2,0.0
2020-09-28 13:00:00,11215.2,11229.7,11197.7999,11225.6,0.0
2020-09-28 14:00:00,11225.2,11234.0,11197.3999,11207.7,0.0
2020-09-28 15:00:00,11208.2999,11239.2999,11202.3999,11238.5,0.0
2020-09-29 09:00:00,11288.7999,11305.2999,11233.8999,11251.5,0.0
2020-09-29 10:00:00,11251.2999,11273.3999,11202.3999,11219.5,0.0
2020-09-29 11:00:00,11219.0,11253.0,11192.7999,11234.7999,0.0
2020-09-29 12:00:00,11234.2999,11246.2,11181.0,11212.1,0.0
2020-09-29 13:00:00,11211.5,11259.0,11196.2,11246.1,0.0
2020-09-29 14:00:00,11246.0,11284.0,11214.2999,11215.5,0.0
2020-09-29 15:00:00,11216.1,11238.6,11203.1,11224.7999,0.0
2020-09-30 09:00:00,11245.0,11249.5,11192.2999,11195.6,0.0
2020-09-30 10:00:00,11195.2999,11280.7,11184.5,11274.0,0.0
2020-09-30 11:00:00,11274.0,11277.3999,11204.7999,11229.5,0.0
2020-09-30 12:00:00,11229.7999,11268.1,11219.2999,11256.8999,0.0
2020-09-30 13:00:00,11256.7,11280.5,11241.3999,11269.5,0.0
2020-09-30 14:00:00,11269.7999,11295.3999,11247.7,11254.1,0.0
2020-09-30 15:00:00,11253.7,11267.6,11220.3999,11226.5,0.0
2020-10-01 09:00:00,11363.7999,11380.8999,11347.0,11370.7,0.0
2020-10-01 10:00:00,11370.2999,11405.6,11369.8999,11400.8999,0.0
2020-10-01 11:00:00,11400.5,11423.5,11393.3999,11413.7,0.0
2020-10-01 12:00:00,11414.1,11424.6,11393.2,11411.1,0.0
2020-10-01 13:00:00,11410.5,11412.0,11387.7999,11407.7,0.0
2020-10-01 14:00:00,11407.6,11426.5,11383.3999,11404.2999,0.0
2020-10-01 15:00:00,11403.2,11428.5,11403.1,11422.7999,0.0
2020-10-05 09:00:00,11487.5,11553.8999,11476.3999,11547.7999,0.0
2020-10-05 10:00:00,11547.8999,11553.8999,11521.3999,11540.0,0.0
2020-10-05 11:00:00,11540.7999,11578.0,11509.1,11528.5,0.0
2020-10-05 12:00:00,11528.2999,11543.5,11490.3999,11494.5,0.0
2020-10-05 13:00:00,11494.7999,11516.3999,11452.2999,11509.6,0.0
2020-10-05 14:00:00,11509.8999,11543.3999,11505.1,11509.2,0.0
2020-10-05 15:00:00,11509.5,11515.0,11493.6,11507.5,0.0
2020-10-06 09:00:00,11603.6,11615.2999,11564.2999,11590.6,0.0
2020-10-06 10:00:00,11590.7999,11614.5,11580.7,11590.0,0.0
2020-10-06 11:00:00,11589.5,11599.3999,11577.5,11593.0,0.0
2020-10-06 12:00:00,11594.2999,11608.7999,11576.7999,11587.7,0.0
2020-10-06 13:00:00,11588.0,11600.7999,11572.2,11590.7999,0.0
2020-10-06 14:00:00,11590.8999,11649.7,11587.2,11644.2,0.0
2020-10-06 15:00:00,11644.2,11680.2999,11644.0,11661.7,0.0
2020-10-07 09:00:00,11680.6,11736.5,11629.2999,11728.8999,0.0
2020-10-07 10:00:00,11729.6,11747.7999,11709.3999,11718.8999,0.0
2020-10-07 11:00:00,11718.3999,11732.2,11689.3999,11722.1,0.0
2020-10-07 12:00:00,11722.5,11749.0,11710.2,11745.2999,0.0
2020-10-07 13:00:00,11745.7999,11751.3999,11719.3999,11730.7999,0.0
2020-10-07 14:00:00,11730.7999,11763.0,11707.2,11721.8999,0.0
2020-10-07 15:00:00,11722.7999,11757.0,11719.3999,11747.7999,0.0
2020-10-08 09:00:00,11842.5,11880.5,11820.1,11873.7,0.0
2020-10-08 10:00:00,11873.5,11881.8999,11856.3999,11875.8999,0.0
2020-10-08 11:00:00,11875.7999,11895.7,11871.2999,11874.6,0.0
2020-10-08 12:00:00,11874.8999,11896.3999,11871.5,11888.1,0.0
2020-10-08 13:00:00,11888.2999,11905.6,11833.7999,11860.2,0.0
2020-10-08 14:00:00,11860.1,11871.0,11791.1,11829.2999,0.0
2020-10-08 15:00:00,11830.8999,11850.2,11822.2,11833.8999,0.0
2020-10-09 09:00:00,11847.7,11880.7999,11805.2,11843.7999,0.0
2020-10-09 10:00:00,11843.7,11898.0,11829.2999,11885.7,0.0
2020-10-09 11:00:00,11885.3999,11935.7,11878.2,11907.1,0.0
2020-10-09 12:00:00,11907.0,11928.2999,11877.7,11903.1,0.0
2020-10-09 13:00:00,11903.1,11908.1,11859.7,11889.2,0.0
2020-10-09 14:00:00,11889.2,11926.8999,11875.8999,11913.1,0.0
2020-10-09 15:00:00,11912.5,11938.6,11897.7,11934.8999,0.0
2020-10-12 09:00:00,11981.0,12022.0,11968.7999,11974.6,0.0
2020-10-12 10:00:00,11975.3999,11986.3999,11952.6,11970.1,0.0
2020-10-12 11:00:00,11970.1,11972.2999,11925.3999,11947.7,0.0
2020-10-12 12:00:00,11947.7,11961.5,11898.6,11934.3999,0.0
2020-10-12 13:00:00,11935.0,11935.8999,11867.2,11913.7,0.0
2020-10-12 14:00:00,11913.7,11946.0,11894.2999,11930.2999,0.0
2020-10-12 15:00:00,11929.7999,11943.3999,11915.6,11936.5,0.0
2020-10-13 09:00:00,11944.1,11975.5,11888.8999,11955.3999,0.0
2020-10-13 10:00:00,11955.2,11988.2,11944.6,11972.7,0.0
2020-10-13 11:00:00,11973.2,11982.2999,11949.5,11958.3999,0.0
2020-10-13 12:00:00,11958.7999,11961.2,11904.2,11920.3999,0.0
2020-10-13 13:00:00,11919.6,11940.3999,11895.7999,11922.3999,0.0
2020-10-13 14:00:00,11921.7,11953.2,11921.3999,11941.6,0.0
2020-10-13 15:00:00,11941.1,11947.7,11921.7,11923.2,0.0
2020-10-14 09:00:00,11918.3999,11919.7,11827.0,11850.2999,0.0
2020-10-14 10:00:00,11850.7,11862.7,11832.6,11861.2,0.0
2020-10-14 11:00:00,11861.2,11862.2,11822.1,11849.2999,0.0
2020-10-14 12:00:00,11848.7999,11884.2999,11846.7,11863.1,0.0
2020-10-14 13:00:00,11863.0,11866.6,11824.5,11861.5,0.0
2020-10-14 14:00:00,11861.3999,11966.2,11849.7,11961.1,0.0
2020-10-14 15:00:00,11960.5,11997.2,11954.2,11966.0,0.0
2020-10-15 09:00:00,12031.7,12031.7,11906.2999,11971.2999,0.0
2020-10-15 10:00:00,11972.2,11980.7999,11914.7,11937.6,0.0
2020-10-15 11:00:00,11937.7,11940.1,11872.7999,11896.1,0.0
2020-10-15 12:00:00,11895.7,11914.2,11886.2999,11897.7999,0.0
2020-10-15 13:00:00,11897.7999,11900.8999,11780.2,11794.5,0.0
2020-10-15 14:00:00,11795.0,11796.7999,11700.8999,11739.0,0.0
2020-10-15 15:00:00,11738.5,11743.6,11661.2999,11670.7,0.0
2020-10-16 09:00:00,11724.7999,11784.1,11675.5,11682.6,0.0
2020-10-16 10:00:00,11683.5,11766.7,11667.7999,11763.2,0.0
2020-10-16 11:00:00,11763.2999,11768.6,11692.0,11719.3999,0.0
2020-10-16 12:00:00,11718.8999,11780.6,11713.2,11760.1,0.0
2020-10-16 13:00:00,11760.2,11789.7,11727.7999,11765.2999,0.0
2020-10-16 14:00:00,11765.3999,11779.8999,11736.1,11762.2,0.0
2020-10-16 15:00:00,11761.6,11771.2999,11750.2999,11767.7,0.0
2020-10-19 09:00:00,11878.2999,11882.2,11820.7999,11877.5,0.0
2020-10-19 10:00:00,11877.3999,11898.2,11858.5,11870.5,0.0
2020-10-19 11:00:00,11870.6,11876.7,11820.2999,11836.1,0.0
2020-10-19 12:00:00,11836.1,11865.2999,11826.0,11853.2999,0.0
2020-10-19 13:00:00,11853.8999,11872.6,11833.7999,11857.6,0.0
2020-10-19 14:00:00,11858.3999,11886.6,11854.7,11863.7999,0.0
2020-10-19 15:00:00,11864.7,11885.2,11863.2999,11878.7,0.0
2020-10-20 09:00:00,11863.2999,11924.2999,11837.2,11888.0,0.0
2020-10-20 10:00:00,11888.3999,11927.2999,11880.2999,11918.7,0.0
2020-10-20 11:00:00,11919.1,11949.2,11910.2999,11945.7,0.0
2020-10-20 12:00:00,11945.7,11947.5,11923.2,11924.7,0.0
2020-10-20 13:00:00,11923.7999,11929.7,11893.1,11900.6,0.0
2020-10-20 14:00:00,11900.5,11913.8999,11884.8999,11897.8999,0.0
2020-10-20 15:00:00,11899.7,11904.3999,11888.0,11899.2,0.0
2020-10-21 09:00:00,11965.3999,12018.6,11951.7,12004.7,0.0
2020-10-21 10:00:00,12004.5,12009.7,11984.2999,11992.7,0.0
2020-10-21 11:00:00,11992.5,12005.7,11979.0,11999.0,0.0
2020-10-21 12:00:00,11998.8999,12017.0,11985.6,11989.3999,0.0
2020-10-21 13:00:00,11989.1,11998.5,11835.6,11864.6,0.0
2020-10-21 14:00:00,11865.1,11910.5,11775.7,11885.5,0.0
2020-10-21 15:00:00,11885.2999,11957.2999,11885.0,11932.6,0.0
2020-10-22 09:00:00,11892.2,11939.5,11853.5,11903.1,0.0
2020-10-22 10:00:00,11902.6,11923.2999,11870.7999,11907.2999,0.0
2020-10-22 11:00:00,11907.8999,11923.3999,11872.7,11895.6,0.0
2020-10-22 12:00:00,11895.6,11908.2999,11845.6,11894.3999,0.0
2020-10-22 13:00:00,11894.0,11904.2,11854.5,11896.8999,0.0
2020-10-22 14:00:00,11895.7,11922.1,11823.3999,11861.5,0.0
2020-10-22 15:00:00,11862.5,11916.0,11860.7,11904.2,0.0
2020-10-23 09:00:00,11958.7999,11974.5,11927.2999,11948.2,0.0
2020-10-23 10:00:00,11949.7,11958.6,11921.7,11929.1,0.0
2020-10-23 11:00:00,11929.0,11946.2999,11908.7,11932.3999,0.0
2020-10-23 12:00:00,11932.7,11961.1,11921.6,11954.7,0.0
2020-10-23 13:00:00,11954.5,11969.1,11934.1,11947.2999,0.0
2020-10-23 14:00:00,11947.8999,11961.1,11926.7,11937.7,0.0
2020-10-23 15:00:00,11937.7,11943.7,11920.0,11929.7999,0.0
2020-10-26 09:00:00,11944.1,11944.1,11877.0,11907.6,0.0
2020-10-26 10:00:00,11907.2999,11913.0,11887.8999,11903.0,0.0
2020-10-26 11:00:00,11902.8999,11906.7999,11831.6,11842.7,0.0
2020-10-26 12:00:00,11842.5,11852.3999,11752.6,11758.3999,0.0
2020-10-26 13:00:00,11757.8999,11798.3999,11734.1,11737.5,0.0
2020-10-26 14:00:00,11736.1,11768.3999,11711.7,11756.3999,0.0
2020-10-26 15:00:00,11755.7999,11785.2999,11754.1,11777.2,0.0
2020-10-27 09:00:00,11802.8999,11818.7999,11723.0,11803.2,0.0
2020-10-27 10:00:00,11803.7999,11826.0,11768.5,11816.3999,0.0
2020-10-27 11:00:00,11816.1,11845.7999,11789.0,11834.0,0.0
2020-10-27 12:00:00,11834.7,11848.2,11816.7,11824.2,0.0
2020-10-27 13:00:00,11824.3999,11861.7,11806.7,11844.2,0.0
2020-10-27 14:00:00,11844.0,11895.2,11840.8999,11891.2,0.0
2020-10-27 15:00:00,11890.7,11899.0,11881.8999,11886.2999,0.0
2020-10-28 09:00:00,11929.5,11933.1,11858.2999,11886.2999,0.0
2020-10-28 10:00:00,11884.7,11903.1,11816.3999,11817.0,0.0
2020-10-28 11:00:00,11817.1,11858.1,11813.7999,11849.1,0.0
2020-10-28 12:00:00,11848.7,11862.0,11732.2,11750.7,0.0
2020-10-28 13:00:00,11750.2999,11776.7999,11703.7999,11709.1,0.0
2020-10-28 14:00:00,11707.2999,11757.2,11684.7999,11732.2999,0.0
2020-10-28 15:00:00,11731.8999,11743.3999,11717.5,11726.5,0.0
2020-10-29 09:00:00,11641.2999,11699.0,11609.2,11696.2,0.0
2020-10-29 10:00:00,11697.2,11709.5,11650.7,11682.6,0.0
2020-10-29 11:00:00,11683.3999,11725.3999,11661.7999,11713.2,0.0
2020-10-29 12:00:00,11712.7999,11744.1,11680.0,11696.2999,0.0
2020-10-29 13:00:00,11694.1,11704.7,11624.6,11650.6,0.0
2020-10-29 14:00:00,11649.5,11663.3999,11606.3999,11641.5,0.0
2020-10-29 15:00:00,11642.5,11682.2999,11642.2999,11670.7999,0.0
2020-10-30 09:00:00,11678.1,11743.8999,11637.2,11728.1,0.0
2020-10-30 10:00:00,11728.8999,11748.8999,11665.8999,11669.7999,0.0
2020-10-30 11:00:00,11669.3999,11670.0,11561.8999,11576.2,0.0
2020-10-30 12:00:00,11576.5,11595.2,11535.3999,11561.7,0.0
2020-10-30 13:00:00,11561.2,11629.2999,11560.7999,11602.8999,0.0
2020-10-30 14:00:00,11602.6,11657.1,11593.3999,11639.7,0.0
2020-10-30 15:00:00,11640.1,11658.7,11623.7999,11646.2999,0.0
2020-11-02 09:00:00,11702.2999,11702.2999,11557.3999,11569.7999,0.0
2020-11-02 10:00:00,11570.2999,11631.8999,11560.1,11615.1,0.0
2020-11-02 11:00:00,11615.5,11649.2,11598.6,11616.7999,0.0
2020-11-02 12:00:00,11617.1,11633.7999,11576.3999,11611.7,0.0
2020-11-02 13:00:00,11612.8999,11642.0,11600.7,11621.7,0.0
2020-11-02 14:00:00,11622.5,11725.6,11618.3999,11708.1,0.0
2020-11-02 15:00:00,11706.7,11715.0,11634.7999,11652.3999,0.0
2020-11-03 09:00:00,11728.5,11797.2999,11723.2,11779.1,0.0
2020-11-03 10:00:00,11779.2,11818.0,11748.2,11812.6,0.0
2020-11-03 11:00:00,11812.2,11826.3999,11773.3999,11801.0,0.0
2020-11-03 12:00:00,11801.2,11835.2,11786.8999,11822.7999,0.0
2020-11-03 13:00:00,11822.8999,11836.2,11794.3999,11811.3999,0.0
2020-11-03 14:00:00,11811.2,11827.1,11778.7999,11815.2999,0.0
2020-11-03 15:00:00,11815.5,11834.0,11799.2999,11810.1,0.0
2020-11-04 09:00:00,11778.6,11920.6,11777.7,11899.6,0.0
2020-11-04 10:00:00,11897.3999,11899.7,11819.3999,11844.6,0.0
2020-11-04 11:00:00,11844.2,11894.2,11834.2999,11890.5,0.0
2020-11-04 12:00:00,11890.8999,11918.3999,11880.3999,11895.3999,0.0
2020-11-04 13:00:00,11895.2,11895.7999,11756.3999,11868.7,0.0
2020-11-04 14:00:00,11867.8999,11924.8999,11844.8999,11924.0,0.0
2020-11-04 15:00:00,11924.2,11929.6,11887.0,11892.3999,0.0
2020-11-05 09:00:00,12070.3999,12077.2999,12027.6,12057.8999,0.0
2020-11-05 10:00:00,12058.1,12100.7999,12054.5,12062.7999,0.0
2020-11-05 11:00:00,12063.7999,12088.2999,12059.5,12064.1,0.0
2020-11-05 12:00:00,12063.6,12105.5,12057.8999,12100.5,0.0
2020-11-05 13:00:00,12101.1,12115.2,12080.2,12085.0,0.0
2020-11-05 14:00:00,12085.8999,12114.0,12071.3999,12102.7999,0.0
2020-11-05 15:00:00,12103.1,12131.1,12102.7999,12127.3999,0.0
2020-11-06 09:00:00,12151.2999,12195.7999,12131.7999,12195.3999,0.0
2020-11-06 10:00:00,12195.3999,12208.8999,12143.3999,12162.5,0.0
2020-11-06 11:00:00,12162.6,12199.8999,12153.8999,12193.2,0.0
2020-11-06 12:00:00,12192.6,12256.8999,12188.7,12248.2,0.0
2020-11-06 13:00:00,12248.8999,12262.6,12228.0,12260.2999,0.0
2020-11-06 14:00:00,12261.2,12264.3999,12196.6,12248.2999,0.0
2020-11-06 15:00:00,12247.7,12280.3999,12247.7,12261.3999,0.0
2020-11-09 09:00:00,12389.0,12451.7999,12383.8999,12425.1,0.0
2020-11-09 10:00:00,12424.2999,12441.2,12395.7999,12406.5,0.0
2020-11-09 11:00:00,12406.6,12410.8999,12367.7,12390.7999,0.0
2020-11-09 12:00:00,12390.5,12405.5,12367.2999,12383.2999,0.0
2020-11-09 13:00:00,12383.2999,12425.2,12378.2999,12416.0,0.0
2020-11-09 14:00:00,12417.7,12458.3999,12415.8999,12438.3999,0.0
2020-11-09 15:00:00,12439.2,12474.0,12438.2999,12468.6,0.0
2020-11-10 09:00:00,12559.5,12560.2999,12475.2,12539.3999,0.0
2020-11-10 10:00:00,12539.0,12588.2,12532.7999,12586.3999,0.0
2020-11-10 11:00:00,12585.7999,12598.2999,12542.5,12561.5,0.0
2020-11-10 12:00:00,12561.2,12611.6,12560.3999,12611.2999,0.0
2020-11-10 13:00:00,12611.7,12627.1,12582.2,12614.1,0.0
2020-11-10 14:00:00,12614.2,12630.7,12519.6,12628.2999,0.0
2020-11-10 15:00:00,12628.5,12643.8999,12614.7,12643.6,0.0
2020-11-11 09:00:00,12680.2999,12769.7,12656.6,12739.2,0.0
2020-11-11 10:00:00,12739.6,12748.2999,12707.2,12710.0,0.0
2020-11-11 11:00:00,12708.3999,12712.8999,12581.0,12596.7999,0.0
2020-11-11 12:00:00,12597.7,12672.8999,12595.0,12628.5,0.0
2020-11-11 13:00:00,12629.0,12696.2999,12571.1,12689.6,0.0
2020-11-11 14:00:00,12689.5,12758.5,12684.1,12754.3999,0.0
2020-11-11 15:00:00,12753.5,12762.7999,12722.2,12757.1,0.0
2020-11-12 09:00:00,12703.1,12741.1,12677.0,12698.2,0.0
2020-11-12 10:00:00,12698.2,12713.6,12659.5,12685.8999,0.0
2020-11-12 11:00:00,12685.3999,12694.1,12666.0,12682.2999,0.0
2020-11-12 12:00:00,12683.5,12718.3999,12653.0,12698.7999,0.0
2020-11-12 13:00:00,12699.3999,12705.7999,12624.7999,12685.6,0.0
2020-11-12 14:00:00,12686.6,12705.2,12639.2,12682.2,0.0
2020-11-12 15:00:00,12682.8999,12706.2,12675.0,12694.2,0.0
2020-11-13 09:00:00,12661.8999,12665.2,12607.7,12641.1,0.0
2020-11-13 10:00:00,12641.5,12735.8999,12631.2999,12698.5,0.0
2020-11-13 11:00:00,12698.6,12709.1,12661.6,12683.8999,0.0
2020-11-13 12:00:00,12685.3999,12701.2,12652.7,12675.2,0.0
2020-11-13 13:00:00,12674.8999,12704.6,12669.2999,12694.7,0.0
2020-11-13 14:00:00,12694.3999,12730.6,12685.5,12722.2,0.0
2020-11-13 15:00:00,12722.1,12732.0,12711.2,12722.7999,0.0
2020-11-17 09:00:00,12934.2999,12934.3999,12838.0,12862.5,0.0
2020-11-17 10:00:00,12862.2,12876.7,12800.2999,12818.2999,0.0
2020-11-17 11:00:00,12818.2,12838.1,12797.1,12824.7,0.0
2020-11-17 12:00:00,12824.6,12855.5,12811.2,12848.7999,0.0
2020-11-17 13:00:00,12849.2,12870.8999,12835.8999,12851.7999,0.0
2020-11-17 14:00:00,12852.6,12882.2,12831.6,12880.2,0.0
2020-11-17 15:00:00,12880.3999,12882.0,12863.6,12878.6,0.0
2020-11-18 09:00:00,12859.5,12901.7,12836.3999,12868.3999,0.0
2020-11-18 10:00:00,12868.7,12887.7,12855.3999,12868.2,0.0
2020-11-18 11:00:00,12867.7,12868.2,12819.2999,12838.5,0.0
2020-11-18 12:00:00,12838.2,12863.1,12824.0,12852.2,0.0
2020-11-18 13:00:00,12852.2,12918.2,12845.8999,12901.6,0.0
2020-11-18 14:00:00,12901.6,12920.5,12892.7,12919.7999,0.0
2020-11-18 15:00:00,12920.2999,12948.7999,12918.7999,12938.6,0.0
2020-11-19 09:00:00,12839.3999,12945.8999,12835.6,12933.3999,0.0
2020-11-19 10:00:00,12933.2,12959.7999,12911.0,12921.2999,0.0
2020-11-19 11:00:00,12921.6,12957.7999,12907.1,12944.3999,0.0
2020-11-19 12:00:00,12943.8999,12963.0,12915.0,12919.7999,0.0
2020-11-19 13:00:00,12919.3999,12931.0,12862.3999,12879.5,0.0
2020-11-19 14:00:00,12879.7,12890.8999,12745.7,12816.6,0.0
2020-11-19 15:00:00,12816.7,12821.8999,12747.8999,12759.7999,0.0
2020-11-20 09:00:00,12811.6,12855.2,12784.3999,12808.7,0.0
2020-11-20 10:00:00,12807.7999,12844.2,12760.7999,12774.6,0.0
2020-11-20 11:00:00,12774.2999,12787.6,12730.2,12784.2999,0.0
2020-11-20 12:00:00,12784.3999,12798.6,12749.8999,12764.0,0.0
2020-11-20 13:00:00,12763.7999,12869.7,12762.1,12861.7,0.0
2020-11-20 14:00:00,12862.7,12892.3999,12840.1,12883.5,0.0
2020-11-20 15:00:00,12884.8999,12885.5,12842.0,12845.7,0.0
2020-11-23 09:00:00,12958.5,12962.1,12870.5,12882.7,0.0
2020-11-23 10:00:00,12883.8999,12897.6,12825.6,12863.0,0.0
2020-11-23 11:00:00,12862.5,12918.5,12854.3999,12895.5,0.0
2020-11-23 12:00:00,12895.7999,12930.2999,12861.5,12911.1,0.0
2020-11-23 13:00:00,12910.7,12961.0,12891.2999,12945.2,0.0
2020-11-23 14:00:00,12945.3999,12968.7999,12925.8999,12944.5,0.0
2020-11-23 15:00:00,12942.1,12946.2,12909.2999,12929.0,0.0
2020-11-24 09:00:00,13003.3999,13033.6,12978.0,13031.6,0.0
2020-11-24 10:00:00,13032.6,13048.7,13018.6,13035.0,0.0
2020-11-24 11:00:00,13033.6,13035.3999,12994.3999,13023.7,0.0
2020-11-24 12:00:00,13024.1,13033.0,13008.5,13030.2,0.0
2020-11-24 13:00:00,13030.8999,13054.7,13017.1,13050.1,0.0
2020-11-24 14:00:00,13050.7,13070.1,13034.2999,13050.3999,0.0
2020-11-24 15:00:00,13050.8999,13079.1,13042.2999,13071.7999,0.0
2020-11-25 09:00:00,13128.8999,13145.7999,13113.1,13118.8999,0.0
2020-11-25 10:00:00,13118.7,13119.7,12982.6,13018.1,0.0
2020-11-25 11:00:00,13017.5,13019.8999,12962.1,12987.7999,0.0
2020-11-25 12:00:00,12987.7999,13032.1,12966.7999,13023.8999,0.0
2020-11-25 13:00:00,13023.8999,13040.7,12927.2999,12928.7,0.0
2020-11-25 14:00:00,12928.7999,12929.6,12866.1,12889.0,0.0
2020-11-25 15:00:00,12888.8999,12889.2999,12833.6,12859.2,0.0
2020-11-26 09:00:00,12906.6,12916.7,12815.7,12832.5,0.0
2020-11-26 10:00:00,12831.8999,12865.0,12805.2,12844.2,0.0
2020-11-26 11:00:00,12844.7999,12861.6,12813.1,12825.6,0.0
2020-11-26 12:00:00,12826.2,12904.0,12790.3999,12901.6,0.0
2020-11-26 13:00:00,12901.0,12925.3999,12868.2999,12885.3999,0.0
2020-11-26 14:00:00,12885.2999,12941.6,12883.2,12912.1,0.0
2020-11-26 15:00:00,12910.7999,13018.0,12910.7,13015.2,0.0
2020-11-27 09:00:00,13013.8999,13035.2,12952.7,12981.8999,0.0
2020-11-27 10:00:00,12979.5,12998.2999,12961.5,12968.2999,0.0
2020-11-27 11:00:00,12968.3999,12990.7,12945.2,12984.2999,0.0
2020-11-27 12:00:00,12985.1,13031.0,12981.5,12993.2,0.0
2020-11-27 13:00:00,12993.5,13007.3999,12953.1,12975.1,0.0
2020-11-27 14:00:00,12973.7999,12991.3999,12914.2999,12985.6,0.0
2020-11-27 15:00:00,12984.7999,12986.7,12925.0,12942.0,0.0
2020-12-01 09:00:00,13067.0,13070.7,12962.7,13025.0,0.0
2020-12-01 10:00:00,13025.2,13081.0,13014.2,13066.2,0.0
2020-12-01 11:00:00,13065.2999,13093.2999,13062.2,13089.8999,0.0
2020-12-01 12:00:00,13090.2,13090.2999,13050.7,13080.2999,0.0
2020-12-01 13:00:00,13080.2999,13103.1,13068.1,13094.3999,0.0
2020-12-01 14:00:00,13094.7,13124.2999,13093.1,13123.0,0.0
2020-12-01 15:00:00,13122.8999,13128.3999,13091.5,13097.6,0.0
2020-12-02 09:00:00,13123.0,13128.5,13081.2999,13081.7,0.0
2020-12-02 10:00:00,13081.1,13098.1,13067.3999,13095.3999,0.0
2020-12-02 11:00:00,13095.7999,13101.2999,13053.2,13071.8999,0.0
2020-12-02 12:00:00,13071.7999,13105.2999,13034.7999,13048.3999,0.0
2020-12-02 13:00:00,13047.3999,13054.7,12989.5,13015.2999,0.0
2020-12-02 14:00:00,13015.2999,13102.7999,12983.5,13098.1,0.0
2020-12-02 15:00:00,13098.7,13124.2999,13097.7999,13104.2,0.0
2020-12-03 09:00:00,13217.7999,13218.8999,13143.8999,13159.7999,0.0
2020-12-03 10:00:00,13159.2999,13184.3999,13143.7,13145.3999,0.0
2020-12-03 11:00:00,13145.1,13165.7999,13139.8999,13149.1,0.0
2020-12-03 12:00:00,13148.7,13158.2999,13114.5,13120.6,0.0
2020-12-03 13:00:00,13120.6,13158.0,13112.2,13141.2999,0.0
2020-12-03 14:00:00,13141.6,13153.6,13107.8999,13141.2,0.0
2020-12-03 15:00:00,13141.0,13151.2999,13126.0,13135.8999,0.0
2020-12-04 09:00:00,13167.8999,13215.2,13164.6,13212.3999,0.0
2020-12-04 10:00:00,13212.2999,13248.7,13199.7999,13238.7999,0.0
2020-12-04 11:00:00,13238.6,13250.2999,13195.3999,13210.7,0.0
2020-12-04 12:00:00,13209.6,13214.8999,13152.7999,13159.2999,0.0
2020-12-04 13:00:00,13158.2,13224.0,13157.7,13206.0,0.0
2020-12-04 14:00:00,13206.2999,13247.6,13195.5,13243.8999,0.0
2020-12-04 15:00:00,13244.2999,13280.0,13240.2999,13271.7,0.0
2020-12-07 09:00:00,13267.4,13322.2,13241.9,13304.7,0.0
2020-12-07 10:00:00,13303.9,13309.3,13278.8,13297.3,0.0
2020-12-07 11:00:00,13297.3,13302.5,13282.1,13293.3,0.0
2020-12-07 12:00:00,13293.8,13342.9,13291.5,13335.6,0.0
2020-12-07 13:00:00,13336.9,13352.6,13306.1,13313.8,0.0
2020-12-07 14:00:00,13314.9,13352.6,13291.3,13345.0,0.0
2020-12-07 15:00:00,13345.3,13366.6,13343.3,13354.9,0.0
2020-12-08 09:00:00,13397.5,13433.6,13363.1,13432.2999,0.0
2020-12-08 10:00:00,13432.6,13435.3999,13395.0,13396.1,0.0
2020-12-08 11:00:00,13396.6,13400.6,13311.0,13351.2,0.0
2020-12-08 12:00:00,13350.8999,13392.7,13327.5,13388.3999,0.0
2020-12-08 13:00:00,13388.7,13412.2,13359.2,13408.7,0.0
2020-12-08 14:00:00,13408.8999,13431.2,13383.1,13397.8999,0.0
2020-12-08 15:00:00,13399.6,13419.7,13375.1,13390.0,0.0
2020-12-09 09:00:00,13457.2999,13483.8999,13449.5,13476.7,0.0
2020-12-09 10:00:00,13477.1,13494.7999,13463.3999,13478.7999,0.0
2020-12-09 11:00:00,13479.0,13501.1,13464.3999,13491.7,0.0
2020-12-09 12:00:00,13491.2999,13494.1,13464.6,13479.6,0.0
2020-12-09 13:00:00,13478.5,13526.0,13478.5,13520.1,0.0
2020-12-09 14:00:00,13520.7999,13548.8999,13511.0,13514.2,0.0
2020-12-09 15:00:00,13513.7999,13541.7,13509.5,13532.5,0.0
2020-12-10 09:00:00,13489.2,13489.3999,13407.8999,13427.8999,0.0
2020-12-10 10:00:00,13427.2999,13447.8999,13399.2,13444.0,0.0
2020-12-10 11:00:00,13444.2,13458.7999,13401.3999,13420.6,0.0
2020-12-10 12:00:00,13419.7,13438.2999,13412.2999,13434.0,0.0
2020-12-10 13:00:00,13434.1,13445.8999,13406.6,13423.5,0.0
2020-12-10 14:00:00,13423.3999,13503.5,13409.0,13485.5,0.0
2020-12-10 15:00:00,13485.2999,13491.7999,13467.5,13480.7,0.0
2020-12-11 09:00:00,13512.0,13562.0,13505.1,13549.8999,0.0
2020-12-11 10:00:00,13550.2999,13579.2999,13541.2999,13561.7,0.0
2020-12-11 11:00:00,13561.8999,13569.2,13524.2999,13544.3999,0.0
2020-12-11 12:00:00,13543.6,13567.5,13535.6,13558.7999,0.0
2020-12-11 13:00:00,13558.8999,13559.5,13491.7999,13495.8999,0.0
2020-12-11 14:00:00,13497.3999,13497.6,13402.7999,13482.6,0.0
2020-12-11 15:00:00,13480.5,13528.8999,13479.5,13505.0,0.0
2020-12-14 09:00:00,13568.7999,13597.5,13541.6,13542.7,0.0
2020-12-14 10:00:00,13541.3999,13552.0,13517.2999,13536.5,0.0
2020-12-14 11:00:00,13535.7,13536.6,13503.6,13513.7,0.0
2020-12-14 12:00:00,13514.0,13535.7999,13472.3999,13490.3999,0.0
2020-12-14 13:00:00,13490.2999,13542.5,13485.2999,13537.1,0.0
2020-12-14 14:00:00,13537.6,13561.0,13532.7999,13550.1,0.0
2020-12-14 15:00:00,13551.2999,13568.1,13542.5,13555.5,0.0
2020-12-15 09:00:00,13552.7999,13554.2,13478.3999,13493.7999,0.0
2020-12-15 10:00:00,13494.2,13502.3999,13447.0,13454.8999,0.0
2020-12-15 11:00:00,13455.1,13504.0,13453.2999,13499.5,0.0
2020-12-15 12:00:00,13499.5,13535.7,13496.2999,13529.2,0.0
2020-12-15 13:00:00,13529.6,13555.5,13514.5,13547.3999,0.0
2020-12-15 14:00:00,13547.7999,13589.6,13547.1,13556.7999,0.0
2020-12-15 15:00:00,13556.3999,13579.8999,13556.2,13566.2,0.0
2020-12-16 09:00:00,13665.3999,13666.3999,13637.2,13649.2,0.0
2020-12-16 10:00:00,13649.2999,13659.7,13622.6,13654.5,0.0
2020-12-16 11:00:00,13655.1,13658.3999,13633.7,13642.7,0.0
2020-12-16 12:00:00,13642.7,13657.0,13606.3999,13638.1,0.0
2020-12-16 13:00:00,13638.2,13680.3999,13632.6,13676.2999,0.0
2020-12-16 14:00:00,13676.8999,13688.1,13663.1,13672.5,0.0
2020-12-16 15:00:00,13672.6,13692.2999,13669.0,13673.2999,0.0
2020-12-17 09:00:00,13718.2999,13720.7999,13673.5,13715.3999,0.0
2020-12-17 10:00:00,13715.2999,13724.7,13704.8999,13721.8999,0.0
2020-12-17 11:00:00,13721.3999,13730.7,13710.3999,13719.5,0.0
2020-12-17 12:00:00,13719.7999,13742.3999,13709.2999,13728.2999,0.0
2020-12-17 13:00:00,13731.7,13763.7999,13724.2999,13757.2,0.0
2020-12-17 14:00:00,13757.2999,13773.2,13723.7,13732.2,0.0
2020-12-17 15:00:00,13732.7999,13753.2,13722.7,13735.7999,0.0
2020-12-18 09:00:00,13760.7,13771.3999,13661.8999,13662.7999,0.0
2020-12-18 10:00:00,13663.1,13717.5,13658.6,13704.8999,0.0
2020-12-18 11:00:00,13704.3999,13717.3999,13689.0,13703.0,0.0
2020-12-18 12:00:00,13703.5,13713.7999,13686.2,13705.2,0.0
2020-12-18 13:00:00,13705.8999,13744.5,13696.2999,13735.7999,0.0
2020-12-18 14:00:00,13736.0,13763.5,13726.8999,13749.0,0.0
2020-12-18 15:00:00,13748.8999,13772.7999,13735.6,13743.6,0.0
2020-12-21 09:00:00,13748.7,13763.7,13674.3999,13753.5,0.0
2020-12-21 10:00:00,13753.1,13777.3999,13735.6,13741.2,0.0
2020-12-21 11:00:00,13740.3999,13747.7,13715.1,13742.2999,0.0
2020-12-21 12:00:00,13742.3999,13750.3999,13667.0,13669.2999,0.0
2020-12-21 13:00:00,13669.0,13680.8999,13569.8999,13570.6,0.0
2020-12-21 14:00:00,13571.7,13607.5,13131.3999,13207.7,0.0
2020-12-21 15:00:00,13208.2999,13392.8999,13205.0,13280.1,0.0
2020-12-22 09:00:00,13370.7999,13446.7,13192.8999,13253.6,0.0
2020-12-22 10:00:00,13253.2,13347.6,13247.6,13279.6,0.0
2020-12-22 11:00:00,13279.0,13297.2999,13208.0,13260.1,0.0
2020-12-22 12:00:00,13261.5,13297.2,13196.1,13271.0,0.0
2020-12-22 13:00:00,13270.0,13379.1,13263.0,13378.3999,0.0
2020-12-22 14:00:00,13377.3999,13466.5,13375.7,13424.1,0.0
2020-12-22 15:00:00,13423.0,13492.0,13422.6,13463.5,0.0
2020-12-23 09:00:00,13481.2999,13535.0,13432.2,13509.2,0.0
2020-12-23 10:00:00,13508.3999,13542.6,13492.3999,13523.7,0.0
2020-12-23 11:00:00,13523.0,13543.8999,13502.2,13538.7,0.0
2020-12-23 12:00:00,13538.3999,13566.1,13525.2999,13547.7,0.0
2020-12-23 13:00:00,13548.8999,13568.7999,13516.3999,13548.2999,0.0
2020-12-23 14:00:00,13549.3999,13581.2,13538.2,13569.7,0.0
2020-12-23 15:00:00,13569.3999,13619.3999,13569.2,13610.3999,0.0
2020-12-24 09:00:00,13670.5,13716.7999,13643.8999,13705.0,0.0
2020-12-24 10:00:00,13705.1,13739.1,13686.0,13691.0,0.0
2020-12-24 11:00:00,13692.2,13696.7,13626.8999,13663.2999,0.0
2020-12-24 12:00:00,13663.0,13715.5,13660.2999,13695.3999,0.0
2020-12-24 13:00:00,13694.7999,13740.2,13681.7999,13733.5,0.0
2020-12-24 14:00:00,13733.3999,13771.7,13714.7,13750.6,0.0
2020-12-24 15:00:00,13749.7999,13760.7999,13728.7999,13740.2999,0.0
2020-12-28 09:00:00,13816.7,13865.3999,13813.5,13838.6,0.0
2020-12-28 10:00:00,13837.6,13848.1,13811.5,13828.3999,0.0
2020-12-28 11:00:00,13828.3999,13847.1,13822.2,13840.2999,0.0
2020-12-28 12:00:00,13840.3999,13869.7,13836.0,13865.6,0.0
2020-12-28 13:00:00,13865.7,13870.7,13842.7999,13868.6,0.0
2020-12-28 14:00:00,13869.0,13885.2999,13841.1,13868.6,0.0
2020-12-28 15:00:00,13868.3999,13883.2,13858.5,13881.5,0.0
2020-12-29 09:00:00,13906.5,13965.8999,13904.5,13959.1,0.0
2020-12-29 10:00:00,13960.1,13967.6,13859.7999,13884.6,0.0
2020-12-29 11:00:00,13882.8999,13917.7999,13868.2,13902.8999,0.0
2020-12-29 12:00:00,13902.7,13910.7999,13886.8999,13897.7999,0.0
2020-12-29 13:00:00,13896.7999,13941.0,13895.8999,13920.2999,0.0
2020-12-29 14:00:00,13919.2,13938.2,13899.3999,13920.6,0.0
2020-12-29 15:00:00,13920.2999,13939.8999,13912.2999,13927.7999,0.0
2020-12-30 09:00:00,13981.2,13982.8999,13886.7,13919.2999,0.0
2020-12-30 10:00:00,13919.3999,13952.0,13892.5,13943.7,0.0
2020-12-30 11:00:00,13942.8999,13948.7,13917.0,13921.7,0.0
2020-12-30 12:00:00,13921.1,13933.1,13864.8999,13892.6,0.0
2020-12-30 13:00:00,13893.2,13947.0,13891.5,13939.7999,0.0
2020-12-30 14:00:00,13939.7999,13965.7,13939.1,13955.1,0.0
2020-12-30 15:00:00,13955.7,13997.0,13955.1,13974.2999,0.0
2020-12-31 09:00:00,13969.6,13997.7999,13936.3999,13989.2999,0.0
2020-12-31 10:00:00,13989.1,14010.1,13973.2,13978.2999,0.0
2020-12-31 11:00:00,13978.3999,14001.6,13971.3999,13979.5,0.0
2020-12-31 12:00:00,13979.1,13999.2,13956.2,13989.2999,0.0
2020-12-31 13:00:00,13989.6,14016.7,13974.2999,14006.3999,0.0
2020-12-31 14:00:00,14006.7999,14024.7999,13954.7,13983.5,0.0
2020-12-31 15:00:00,13983.2,14002.7,13963.8999,13967.1,0.0
2021-01-01 09:00:00,13991.6,14033.7999,13991.2,14032.2999,0.0
2021-01-01 10:00:00,14032.2999,14037.2,14015.2999,14025.7999,0.0
2021-01-01 11:00:00,14026.2,14034.5,14005.3999,14008.6,0.0
2021-01-01 12:00:00,14009.5,14040.2,14004.7,14034.8999,0.0
2021-01-01 13:00:00,14035.1,14039.6,14017.3999,14034.2999,0.0
2021-01-01 14:00:00,14033.3999,14049.7999,14031.2,14040.2999,0.0
2021-01-01 15:00:00,14040.3999,14041.2999,14001.5,14014.2999,0.0
2021-01-04 09:00:00,14100.8999,14114.1,14080.1,14102.1,0.0
2021-01-04 10:00:00,14102.0,14106.2,14036.1,14044.0,0.0
2021-01-04 11:00:00,14043.6,14062.2999,13953.7,14035.7999,0.0
2021-01-04 12:00:00,14036.2,14086.7999,14031.0,14083.1,0.0
2021-01-04 13:00:00,14082.7999,14116.2,14067.7,14114.7,0.0
2021-01-04 14:00:00,14115.3999,14118.7999,14068.6,14115.6,0.0
2021-01-04 15:00:00,14115.6,14147.8999,14115.2,14145.2,0.0
2021-01-05 09:00:00,14076.2999,14115.7,14048.1,14084.2999,0.0
2021-01-05 10:00:00,14083.7999,14115.6,14048.5,14106.7,0.0
2021-01-05 11:00:00,14105.6,14136.0,14104.7999,14127.6,0.0
2021-01-05 12:00:00,14126.3999,14155.1,14125.7999,14150.2,0.0
2021-01-05 13:00:00,14150.2999,14159.2999,14086.6,14155.7,0.0
2021-01-05 14:00:00,14155.8999,14181.6,14146.5,14166.7,0.0
2021-01-05 15:00:00,14167.2,14215.5,14166.1,14198.6,0.0
2021-01-06 09:00:00,14263.6,14263.8999,14183.2999,14217.1,0.0
2021-01-06 10:00:00,14217.7999,14220.8999,14174.7,14214.7,0.0
2021-01-06 11:00:00,14214.6,14219.2999,14185.2,14199.3999,0.0
2021-01-06 12:00:00,14199.2,14212.8999,14177.0,14193.2999,0.0
2021-01-06 13:00:00,14193.2,14205.3999,14090.3999,14121.5,0.0
2021-01-06 14:00:00,14121.8999,14152.5,14039.8999,14145.3999,0.0
2021-01-06 15:00:00,14146.8999,14166.7,14123.6,14133.2,0.0
2021-01-07 09:00:00,14249.3999,14257.0,14208.2,14223.3999,0.0
2021-01-07 10:00:00,14223.3999,14224.6,14173.3999,14183.8999,0.0
2021-01-07 11:00:00,14184.0,14196.2999,14165.3999,14187.7999,0.0
2021-01-07 12:00:00,14187.6,14217.3999,14181.1,14206.7999,0.0
2021-01-07 13:00:00,14207.2,14214.7,14157.5,14198.2999,0.0
2021-01-07 14:00:00,14198.0,14199.1,14167.8999,14176.5,0.0
2021-01-07 15:00:00,14177.0,14178.1,14123.1,14148.3999,0.0
2021-01-08 09:00:00,14261.5,14263.7999,14221.6,14242.2,0.0
2021-01-08 10:00:00,14242.2,14289.2999,14238.0,14271.1,0.0
2021-01-08 11:00:00,14271.3999,14291.7,14260.3999,14288.6,0.0
2021-01-08 12:00:00,14288.7,14302.1,14271.7999,14293.8999,0.0
2021-01-08 13:00:00,14293.7,14298.7999,14261.2999,14295.5,0.0
2021-01-08 14:00:00,14296.5,14335.2,14260.5,14312.2999,0.0
2021-01-08 15:00:00,14312.1,14367.2,14311.5,14343.3999,0.0
2021-01-11 09:00:00,14473.7999,14479.7,14401.6,14471.0,0.0
2021-01-11 10:00:00,14471.6,14472.8999,14383.1,14428.8999,0.0
2021-01-11 11:00:00,14429.2999,14455.7,14395.8999,14403.3999,0.0
2021-01-11 12:00:00,14403.1,14449.0,14393.8999,14434.1,0.0
2021-01-11 13:00:00,14434.6,14473.7,14418.8999,14455.7,0.0
2021-01-11 14:00:00,14455.6,14488.2999,14434.7,14473.8999,0.0
2021-01-11 15:00:00,14474.5,14498.2,14474.0,14482.5,0.0
2021-01-12 09:00:00,14470.7,14499.8999,14432.7999,14472.8999,0.0
2021-01-12 10:00:00,14472.3999,14489.1,14450.1,14470.6,0.0
2021-01-12 11:00:00,14470.7999,14510.0,14460.1,14490.8999,0.0
2021-01-12 12:00:00,14489.8999,14542.3999,14489.6,14527.2999,0.0
2021-01-12 13:00:00,14528.0,14581.6,14527.1,14565.3999,0.0
2021-01-12 14:00:00,14565.5,14590.6,14556.7,14561.1,0.0
2021-01-12 15:00:00,14560.6,14576.1,14553.1,14573.2999,0.0
2021-01-13 09:00:00,14640.3999,14653.2999,14617.6,14629.3999,0.0
2021-01-13 10:00:00,14627.7999,14639.5,14585.7999,14605.1,0.0
2021-01-13 11:00:00,14604.7,14614.2,14543.7,14548.7999,0.0
2021-01-13 12:00:00,14548.3999,14590.0,14526.1,14567.2,0.0
2021-01-13 13:00:00,14567.1,14574.0,14475.2,14477.8999,0.0
2021-01-13 14:00:00,14477.0,14567.2,14435.7,14552.2999,0.0
2021-01-13 15:00:00,14553.0,14580.2,14539.2,14559.2,0.0
2021-01-14 09:00:00,14551.2,14562.7999,14471.5,14514.8999,0.0
2021-01-14 10:00:00,14515.1,14545.8999,14499.5,14540.5,0.0
2021-01-14 11:00:00,14540.7999,14587.2,14540.0,14565.0,0.0
2021-01-14 12:00:00,14565.6,14596.7,14556.8999,14571.6,0.0
2021-01-14 13:00:00,14571.2,14617.7999,14555.8999,14602.5,0.0
2021-01-14 14:00:00,14602.3999,14611.2,14578.5,14581.1,0.0
2021-01-14 15:00:00,14579.3999,14609.5,14577.8999,14599.0,0.0
2021-01-15 09:00:00,14601.1,14617.3999,14474.8999,14540.7999,0.0
2021-01-15 10:00:00,14540.0,14551.3999,14495.5,14510.2,0.0
2021-01-15 11:00:00,14509.6,14510.5,14445.7999,14501.5,0.0
2021-01-15 12:00:00,14501.5,14541.2999,14479.7,14527.7,0.0
2021-01-15 13:00:00,14527.6,14540.1,14438.2,14469.2,0.0
2021-01-15 14:00:00,14468.3999,14469.6,14357.7999,14441.3999,0.0
2021-01-15 15:00:00,14441.2,14447.1,14419.5,14434.2999,0.0
2021-01-18 09:00:00,14458.0,14459.1,14320.3999,14323.5,0.0
2021-01-18 10:00:00,14323.2999,14351.7999,14263.6,14286.8999,0.0
2021-01-18 11:00:00,14286.6,14346.8999,14266.7999,14270.6,0.0
2021-01-18 12:00:00,14270.1,14323.8999,14265.7999,14316.7,0.0
2021-01-18 13:00:00,14316.8999,14365.7,14270.2999,14364.6,0.0
2021-01-18 14:00:00,14366.7999,14404.5,14293.5,14314.8999,0.0
2021-01-18 15:00:00,14314.2,14336.7,14222.7999,14227.1,0.0
2021-01-19 09:00:00,14371.3999,14419.5,14350.7999,14379.5,0.0
2021-01-19 10:00:00,14380.5,14456.2,14378.3999,14450.7999,0.0
2021-01-19 11:00:00,14450.6,14478.3999,14424.1,14464.2999,0.0
2021-01-19 12:00:00,14464.2999,14486.2,14456.6,14481.8999,0.0
2021-01-19 13:00:00,14482.1,14513.2,14471.2,14497.3999,0.0
2021-01-19 14:00:00,14496.8999,14546.0,14482.7,14539.1,0.0
2021-01-19 15:00:00,14539.0,14539.6,14509.1,14525.6,0.0
2021-01-20 09:00:00,14550.0,14587.0,14517.5,14577.0,0.0
2021-01-20 10:00:00,14576.7999,14623.5,14569.3999,14609.5,0.0
2021-01-20 11:00:00,14609.2999,14620.6,14594.0,14611.6,0.0
2021-01-20 12:00:00,14611.6,14612.8999,14561.3999,14602.2999,0.0
2021-01-20 13:00:00,14602.6,14630.1,14588.3999,14620.2,0.0
2021-01-20 14:00:00,14620.5,14665.2999,14619.6,14664.0,0.0
2021-01-20 15:00:00,14664.1,14666.3999,14618.0,14623.7999,0.0
2021-01-21 09:00:00,14732.5,14738.2,14695.2,14707.7999,0.0
2021-01-21 10:00:00,14707.2,14737.8999,14707.0,14735.2,0.0
2021-01-21 11:00:00,14735.1,14745.2,14724.3999,14735.5,0.0
2021-01-21 12:00:00,14735.6,14750.7,14726.3999,14734.2,0.0
2021-01-21 13:00:00,14734.1,14753.5,14719.1,14734.7,0.0
2021-01-21 14:00:00,14734.8999,14738.2,14605.1,14647.7,0.0
2021-01-21 15:00:00,14648.8999,14651.3999,14517.2,14631.6,0.0
2021-01-22 09:00:00,14587.1,14612.5,14518.3999,14591.7999,0.0
2021-01-22 10:00:00,14591.7999,14619.7999,14534.2,14536.6,0.0
2021-01-22 11:00:00,14535.2999,14541.3999,14453.0,14536.1,0.0
2021-01-22 12:00:00,14534.7999,14535.6,14420.2999,14431.0,0.0
2021-01-22 13:00:00,14429.7,14451.2,14371.2,14372.5,0.0
2021-01-22 14:00:00,14371.2999,14486.7,14371.1,14431.2999,0.0
2021-01-22 15:00:00,14430.0,14432.2,14357.7,14366.7,0.0
2021-01-25 09:00:00,14487.5,14491.1,14260.2,14338.7999,0.0
2021-01-25 10:00:00,14338.8999,14440.2999,14326.2999,14388.6,0.0
2021-01-25 11:00:00,14388.7999,14416.7999,14326.2999,14330.1,0.0
2021-01-25 12:00:00,14330.0,14396.1,14323.6,14386.7999,0.0
2021-01-25 13:00:00,14386.7,14413.5,14338.7,14359.3999,0.0
2021-01-25 14:00:00,14360.0,14377.5,14259.7,14267.2999,0.0
2021-01-25 15:00:00,14267.3999,14278.2,14218.5,14251.7,0.0
2021-01-27 09:00:00,14259.2,14260.2,14111.8999,14129.3999,0.0
2021-01-27 10:00:00,14128.7999,14168.1,14106.2,14138.2,0.0
2021-01-27 11:00:00,14138.2,14168.2,14080.2999,14083.2999,0.0
2021-01-27 12:00:00,14082.6,14109.2999,14061.8999,14086.7999,0.0
2021-01-27 13:00:00,14086.8999,14092.7999,14015.6,14022.8999,0.0
2021-01-27 14:00:00,14023.2,14026.3999,13929.2999,13983.0,0.0
2021-01-27 15:00:00,13983.8999,13985.0,13957.0,13966.3999,0.0
2021-01-28 09:00:00,13812.7999,13898.2,13794.2,13845.8999,0.0
2021-01-28 10:00:00,13846.0,13886.2999,13813.7999,13856.7,0.0
2021-01-28 11:00:00,13857.1,13874.7999,13819.2999,13830.7999,0.0
2021-01-28 12:00:00,13831.2,13840.3999,13746.0,13759.1,0.0
2021-01-28 13:00:00,13759.5,13845.6,13713.2,13799.3999,0.0
2021-01-28 14:00:00,13799.6,13825.5,13753.1,13775.0,0.0
2021-01-28 15:00:00,13775.1,13835.2999,13774.1,13821.0,0.0
2021-01-29 09:00:00,13937.2999,13966.7999,13842.3999,13843.7,0.0
2021-01-29 10:00:00,13843.7999,13883.7999,13784.5,13843.6,0.0
2021-01-29 11:00:00,13843.2999,13870.7,13793.8999,13796.2999,0.0
2021-01-29 12:00:00,13797.2,13841.6,13776.3999,13791.0,0.0
2021-01-29 13:00:00,13791.6,13799.8999,13729.8999,13755.6,0.0
2021-01-29 14:00:00,13756.2999,13873.7999,13728.1,13752.2,0.0
2021-01-29 15:00:00,13751.3999,13752.2,13596.7,13659.2999,0.0
2021-02-01 09:00:00,13751.7,13773.7999,13661.7,13726.7,0.0
2021-02-01 10:00:00,13726.5,13792.8999,13714.7,13778.2999,0.0
2021-02-01 11:00:00,13777.7999,13906.1,13749.5,13874.3999,0.0
2021-02-01 12:00:00,13875.2,14094.8999,13775.0,14084.8999,0.0
2021-02-01 13:00:00,14087.0,14214.7999,13988.8999,14159.1,0.0
2021-02-01 14:00:00,14160.7999,14290.3999,14110.8999,14270.2999,0.0
2021-02-01 15:00:00,14270.8999,14336.2999,14247.6,14335.6,0.0
2021-02-02 09:00:00,14485.8999,14731.7,14469.1,14721.6,0.0
2021-02-02 10:00:00,14724.1,14729.2,14499.2,14574.6,0.0
2021-02-02 11:00:00,14575.8999,14612.5,14512.1,14530.1,0.0
2021-02-02 12:00:00,14530.3999,14592.2,14515.3999,14579.2,0.0
2021-02-02 13:00:00,14579.2999,14649.3999,14568.2,14614.6,0.0
2021-02-02 14:00:00,14615.5,14690.1,14596.8999,14637.1,0.0
2021-02-02 15:00:00,14638.6,14673.7999,14611.6,14671.5,0.0
2021-02-03 09:00:00,14749.8999,14762.0,14574.1,14742.7999,0.0
2021-02-03 10:00:00,14744.3999,14811.2,14724.6,14805.8999,0.0
2021-02-03 11:00:00,14806.7,14828.7999,14780.2,14809.5,0.0
2021-02-03 12:00:00,14810.0,14845.3999,14799.2,14832.0,0.0
2021-02-03 13:00:00,14832.0,14868.7999,14811.1,14850.5,0.0
2021-02-03 14:00:00,14850.5,14865.7999,14776.5,14821.1,0.0
2021-02-03 15:00:00,14819.8999,14821.7999,14761.6,14784.2999,0.0
2021-02-04 09:00:00,14801.5,14802.2999,14723.2,14761.0,0.0
2021-02-04 10:00:00,14761.6,14764.7999,14714.7,14738.0,0.0
2021-02-04 11:00:00,14738.0,14834.2999,14733.7,14825.6,0.0
2021-02-04 12:00:00,14826.1,14862.6,14809.1,14823.0,0.0
2021-02-04 13:00:00,14822.3999,14858.6,14813.3999,14843.8999,0.0
2021-02-04 14:00:00,14844.2,14907.8999,14841.8999,14892.3999,0.0
2021-02-04 15:00:00,14892.2,14913.6,14880.7999,14889.0,0.0
2021-02-05 09:00:00,14984.6,15014.6,14923.0,14951.2,0.0
2021-02-05 10:00:00,14949.8999,14991.8999,14864.7,14894.2999,0.0
2021-02-05 11:00:00,14893.3999,14990.7999,14892.0,14979.8999,0.0
2021-02-05 12:00:00,14980.6,14987.3999,14943.2999,14961.1,0.0
2021-02-05 13:00:00,14962.0,14966.2,14881.5,14925.6,0.0
2021-02-05 14:00:00,14926.0,14960.0,14900.1,14920.0,0.0
2021-02-05 15:00:00,14920.8999,14945.6,14898.7,14941.7,0.0
2021-02-08 09:00:00,15071.2,15119.2,15041.0,15093.1,0.0
2021-02-08 10:00:00,15093.1,15133.0,15084.6,15113.7999,0.0
2021-02-08 11:00:00,15113.7999,15128.5,15100.2,15113.2,0.0
2021-02-08 12:00:00,15113.0,15120.1,15057.2999,15103.8999,0.0
2021-02-08 13:00:00,15104.1,15146.7999,15103.1,15144.5,0.0
2021-02-08 14:00:00,15144.8999,15159.8999,15103.7999,15111.7999,0.0
2021-02-08 15:00:00,15110.8999,15131.7,15097.8999,15128.1,0.0
2021-02-09 09:00:00,15165.2,15197.7999,15133.7,15165.2999,0.0
2021-02-09 10:00:00,15164.2999,15220.3999,15157.2,15203.3999,0.0
2021-02-09 11:00:00,15203.8999,15237.8999,15203.5,15228.0,0.0
2021-02-09 12:00:00,15227.6,15238.1,15195.2,15225.8999,0.0
2021-02-09 13:00:00,15225.7999,15256.1,15221.2,15242.6,0.0
2021-02-09 14:00:00,15243.1,15257.0,15114.7,15144.2,0.0
2021-02-09 15:00:00,15141.5,15148.1,15064.2999,15108.7,0.0
2021-02-10 09:00:00,15117.2999,15168.2,15070.7999,15096.7,0.0
2021-02-10 10:00:00,15096.2,15109.7999,15006.1,15058.8999,0.0
2021-02-10 11:00:00,15058.7999,15117.8999,15047.2,15113.2,0.0
2021-02-10 12:00:00,15113.7999,15126.2,15068.7999,15084.2,0.0
2021-02-10 13:00:00,15084.0,15091.8999,14977.1,15030.7,0.0
2021-02-10 14:00:00,15030.7999,15076.1,14992.7999,15032.7999,0.0
2021-02-10 15:00:00,15032.7999,15143.6,15032.0,15137.5,0.0
2021-02-11 09:00:00,15071.5,15167.7,15065.3999,15156.0,0.0
2021-02-11 10:00:00,15156.1,15163.1,15133.5,15159.2,0.0
2021-02-11 11:00:00,15159.0,15159.2,15114.7,15115.5,0.0
2021-02-11 12:00:00,15115.5,15162.1,15107.5,15120.3999,0.0
2021-02-11 13:00:00,15120.7,15147.8999,15108.2999,15145.2,0.0
2021-02-11 14:00:00,15145.6,15177.8999,15127.0,15149.1,0.0
2021-02-11 15:00:00,15146.7999,15188.5,15145.7,15176.6,0.0
2021-02-12 09:00:00,15188.1,15223.2999,15157.7,15186.7,0.0
2021-02-12 10:00:00,15185.3999,15231.7,15168.6,15230.3999,0.0
2021-02-12 11:00:00,15229.7,15243.5,15199.3999,15201.2,0.0
2021-02-12 12:00:00,15201.8999,15221.7999,15193.2999,15220.7,0.0
2021-02-12 13:00:00,15220.2999,15231.7,15125.7,15139.7,0.0
2021-02-12 14:00:00,15138.5,15169.6,15080.8999,15145.3999,0.0
2021-02-12 15:00:00,15145.2999,15189.7999,15143.2999,15165.7999,0.0
2021-02-15 09:00:00,15266.6,15314.2,15243.2999,15289.2999,0.0
2021-02-15 10:00:00,15289.7999,15321.2999,15273.6,15312.1,0.0
2021-02-15 11:00:00,15312.2999,15317.3999,15295.2,15309.3999,0.0
2021-02-15 12:00:00,15309.7,15317.0,15292.6,15314.0,0.0
2021-02-15 13:00:00,15314.6,15326.6,15295.2,15310.0,0.0
2021-02-15 14:00:00,15310.7,15318.6,15275.0,15299.1,0.0
2021-02-15 15:00:00,15298.0,15340.1,15288.1,15333.8999,0.0
2021-02-16 09:00:00,15372.2999,15431.7,15365.5,15384.7999,0.0
2021-02-16 10:00:00,15383.8999,15414.1,15366.7999,15397.1,0.0
2021-02-16 11:00:00,15397.0,15407.7999,15332.5,15349.0,0.0
2021-02-16 12:00:00,15348.2,15368.3999,15299.0,15312.0,0.0
2021-02-16 13:00:00,15312.0,15320.2999,15242.2,15246.8999,0.0
2021-02-16 14:00:00,15247.7,15327.0,15244.7,15314.6,0.0
2021-02-16 15:00:00,15314.2,15332.3999,15294.7999,15317.3999,0.0
2021-02-17 09:00:00,15278.7999,15289.8999,15213.2999,15226.0,0.0
2021-02-17 10:00:00,15224.8999,15272.2,15201.2,15271.3999,0.0
2021-02-17 11:00:00,15270.8999,15312.1,15267.2999,15283.5,0.0
2021-02-17 12:00:00,15284.8999,15314.2999,15245.3999,15245.7,0.0
2021-02-17 13:00:00,15242.6,15245.7,15170.7,15226.0,0.0
2021-02-17 14:00:00,15226.0,15244.8999,15191.5,15216.7,0.0
2021-02-17 15:00:00,15216.2999,15229.8999,15188.2,15195.7999,0.0
2021-02-18 09:00:00,15249.3999,15250.7,15199.8999,15233.3999,0.0
2021-02-18 10:00:00,15231.3999,15249.0,15216.6,15227.7999,0.0
2021-02-18 11:00:00,15227.7999,15232.2,15136.7999,15159.5,0.0
2021-02-18 12:00:00,15159.2,15170.2,15099.3999,15135.8999,0.0
2021-02-18 13:00:00,15136.3999,15142.5,15078.0,15085.8999,0.0
2021-02-18 14:00:00,15085.2,15159.3999,15080.5,15116.6,0.0
2021-02-18 15:00:00,15117.3999,15143.5,15093.7999,15120.2999,0.0
2021-02-19 09:00:00,15079.7999,15107.5,15028.7,15086.2,0.0
2021-02-19 10:00:00,15085.8999,15144.0,15060.1,15070.6,0.0
2021-02-19 11:00:00,15068.3999,15111.2999,15053.7,15084.0,0.0
2021-02-19 12:00:00,15083.2999,15102.3999,15058.7,15075.6,0.0
2021-02-19 13:00:00,15076.0,15086.5,15011.7999,15026.6,0.0
2021-02-19 14:00:00,15026.7,15030.7,14898.2,14903.2,0.0
2021-02-19 15:00:00,14904.2,15018.5,14902.7999,15003.6,0.0
2021-02-22 09:00:00,15005.5,15010.1,14920.0,14926.7999,0.0
2021-02-22 10:00:00,14926.2,14940.5,14854.7999,14904.6,0.0
2021-02-22 11:00:00,14905.3999,14906.0,14794.1,14804.7999,0.0
2021-02-22 12:00:00,14804.3999,14820.2999,14757.7999,14765.0,0.0
2021-02-22 13:00:00,14764.8999,14788.2999,14693.3999,14705.8999,0.0
2021-02-22 14:00:00,14706.1,14769.2999,14667.6,14734.3999,0.0
2021-02-22 15:00:00,14733.5,14736.5,14635.0,14642.5,0.0
2021-02-23 09:00:00,14775.7999,14783.1,14651.7999,14717.7,0.0
2021-02-23 10:00:00,14718.0,14854.5,14717.2,14812.2,0.0
2021-02-23 11:00:00,14812.0,14838.6,14693.7,14757.6,0.0
2021-02-23 12:00:00,14757.6,14757.7,14695.7999,14721.5,0.0
2021-02-23 13:00:00,14721.5,14786.8999,14718.1,14740.2999,0.0
2021-02-23 14:00:00,14739.1,14769.8999,14706.7,14708.0,0.0
2021-02-23 15:00:00,14708.2999,14732.0,14675.7999,14717.3999,0.0
2021-02-24 09:00:00,14691.2999,14793.7,14690.5,14780.5,0.0
2021-02-24 10:00:00,14780.5,14822.2,14776.1,14814.5,0.0
2021-02-24 11:00:00,14814.5,14814.5,14814.5,14814.5,0.0
2021-02-24 12:00:00,14814.5,14814.5,14814.5,14814.5,0.0
2021-02-24 13:00:00,14814.5,14814.5,14814.5,14814.5,0.0
2021-02-24 14:00:00,14814.5,14836.3999,14681.2,14781.2999,0.0
2021-02-24 15:00:00,14781.2999,14781.2999,14781.2999,14781.2999,0.0
2021-02-25 09:00:00,15086.7999,15170.7999,15065.2999,15140.7,0.0
2021-02-25 10:00:00,15141.1,15150.5,15112.2999,15131.3999,0.0
2021-02-25 11:00:00,15131.2999,15146.0,15077.7999,15087.1,0.0
2021-02-25 12:00:00,15086.7999,15133.3999,15074.7999,15119.6,0.0
2021-02-25 13:00:00,15119.2,15149.1,15101.2,15126.1,0.0
2021-02-25 14:00:00,15126.2,15176.5,15108.1,15111.1,0.0
2021-02-25 15:00:00,15111.8999,15124.7,15082.3999,15103.7999,0.0
2021-02-26 09:00:00,14884.7999,14919.3999,14777.5,14879.7,0.0
2021-02-26 10:00:00,14879.1,14883.6,14763.2,14764.2999,0.0
2021-02-26 11:00:00,14764.0,14764.3999,14634.7999,14675.7999,0.0
2021-02-26 12:00:00,14674.6,14676.7999,14554.0,14653.5,0.0
2021-02-26 13:00:00,14653.0,14657.2999,14569.3999,14656.2,0.0
2021-02-26 14:00:00,14655.8999,14698.0,14633.2,14655.2999,0.0
2021-02-26 15:00:00,14653.8999,14656.8999,14467.7,14525.2,0.0
2021-03-01 09:00:00,14703.2999,14766.2999,14638.7999,14738.7,0.0
2021-03-01 10:00:00,14739.0,14806.7999,14727.7,14792.6,0.0
2021-03-01 11:00:00,14792.3999,14801.2,14678.1,14690.0,0.0
2021-03-01 12:00:00,14688.6,14711.2999,14638.5,14693.1,0.0
2021-03-01 13:00:00,14694.1,14777.2,14692.8999,14723.0,0.0
2021-03-01 14:00:00,14723.8999,14775.2999,14703.2999,14726.1,0.0
2021-03-01 15:00:00,14726.5,14790.2999,14724.8999,14785.7,0.0
2021-03-02 09:00:00,14885.8999,14906.8999,14813.6,14898.3999,0.0
2021-03-02 10:00:00,14899.2,14933.6,14833.6,14865.8999,0.0
2021-03-02 11:00:00,14864.6,14868.7,14760.7999,14841.6,0.0
2021-03-02 12:00:00,14841.3999,14849.8999,14784.8999,14814.6,0.0
2021-03-02 13:00:00,14813.8999,14872.1,14783.5,14828.2999,0.0
2021-03-02 14:00:00,14828.0,14864.2999,14809.6,14838.7,0.0
2021-03-02 15:00:00,14838.7,14959.1,14836.6,14944.2999,0.0
2021-03-03 09:00:00,15063.7999,15064.7999,14995.7999,15037.1,0.0
2021-03-03 10:00:00,15037.1,15090.6,15027.2,15076.2999,0.0
2021-03-03 11:00:00,15076.5,15099.1,15058.5,15095.3999,0.0
2021-03-03 12:00:00,15095.0,15135.2999,15091.2,15133.6,0.0
2021-03-03 13:00:00,15134.2999,15172.2,15115.8999,15147.2,0.0
2021-03-03 14:00:00,15147.0,15222.1,15125.2999,15198.6,0.0
2021-03-03 15:00:00,15201.1,15273.1,15198.8999,15241.5,0.0
2021-03-04 09:00:00,15032.7999,15101.0,14980.2,15032.0,0.0
2021-03-04 10:00:00,15031.2999,15091.7999,15021.3999,15075.6,0.0
2021-03-04 11:00:00,15076.0,15171.2999,15068.7,15145.2999,0.0
2021-03-04 12:00:00,15145.0,15198.7,15123.1,15189.0,0.0
2021-03-04 13:00:00,15190.6,15202.2999,15116.7,15118.1,0.0
2021-03-04 14:00:00,15120.7999,15180.1,15110.7,15129.7,0.0
2021-03-04 15:00:00,15129.7,15142.2,15056.6,15086.8999,0.0
2021-03-05 09:00:00,14972.0,15063.7999,14929.2,15062.2999,0.0
2021-03-05 10:00:00,15062.8999,15092.2999,14961.3999,14963.3999,0.0
2021-03-05 11:00:00,14963.1,15043.5,14950.8999,15004.8999,0.0
2021-03-05 12:00:00,15005.1,15052.8999,14982.7,15022.2,0.0
2021-03-05 13:00:00,15022.3999,15033.8999,14893.2999,14932.7999,0.0
2021-03-05 14:00:00,14932.3999,14942.3999,14862.1,14906.0,0.0
2021-03-05 15:00:00,14906.2,14965.6,14882.0,14962.2999,0.0
2021-03-08 09:00:00,15010.2,15092.6,14984.6,15090.8999,0.0
2021-03-08 10:00:00,15091.2,15111.1,14951.7,15008.7,0.0
2021-03-08 11:00:00,15009.2,15048.2,14975.2999,15027.0,0.0
2021-03-08 12:00:00,15026.2999,15031.0,14953.1,14977.7999,0.0
2021-03-08 13:00:00,14977.6,15013.3999,14935.7,14966.0,0.0
2021-03-08 14:00:00,14966.5,15046.0,14955.1,14992.1,0.0
2021-03-08 15:00:00,14992.1,14992.7,14919.7999,14963.0,0.0
2021-03-09 09:00:00,15041.0,15119.2999,15035.3999,15066.5,0.0
2021-03-09 10:00:00,15066.7999,15084.5,15042.2,15058.8999,0.0
2021-03-09 11:00:00,15059.6,15091.6,15046.0,15070.3999,0.0
2021-03-09 12:00:00,15070.2999,15075.2,14995.2999,15022.2999,0.0
2021-03-09 13:00:00,15020.5,15021.8999,14925.3999,14996.8999,0.0
2021-03-09 14:00:00,14997.0,15042.7,14969.6,15021.8999,0.0
2021-03-09 15:00:00,15022.2,15126.7999,15020.6,15098.2,0.0
2021-03-10 09:00:00,15205.3999,15218.3999,15161.6,15175.7,0.0
2021-03-10 10:00:00,15177.1,15193.1,15137.7999,15141.6,0.0
2021-03-10 11:00:00,15141.8999,15157.7999,15126.2999,15144.1,0.0
2021-03-10 12:00:00,15144.7999,15164.1,15100.7999,15156.0,0.0
2021-03-10 13:00:00,15157.2,15176.3999,15129.0,15152.2,0.0
2021-03-10 14:00:00,15153.0,15195.2,15148.6,15159.3999,0.0
2021-03-10 15:00:00,15161.6,15188.8999,15159.7999,15168.5,0.0
2021-03-12 09:00:00,15315.0,15336.2999,15276.0,15297.6,0.0
2021-03-12 10:00:00,15297.2999,15301.7999,15263.2,15274.5,0.0
2021-03-12 11:00:00,15273.8999,15290.6,15261.1,15279.1,0.0
2021-03-12 12:00:00,15278.3999,15283.5,15196.0,15209.2999,0.0
2021-03-12 13:00:00,15209.2,15229.7999,15018.7999,15106.0,0.0
2021-03-12 14:00:00,15105.3999,15105.3999,14953.6,14998.2,0.0
2021-03-12 15:00:00,14999.1,15061.8999,14997.3999,15023.1,0.0
2021-03-15 09:00:00,15046.8999,15048.5,14818.5,14890.2,0.0
2021-03-15 10:00:00,14888.8999,14906.7999,14833.1,14835.2999,0.0
2021-03-15 11:00:00,14835.2,14840.7,14776.2,14822.1,0.0
2021-03-15 12:00:00,14822.1,14849.1,14756.7,14776.6,0.0
2021-03-15 13:00:00,14774.0,14841.3999,14745.7999,14813.2,0.0
2021-03-15 14:00:00,14815.7,14901.5,14782.3999,14894.5,0.0
2021-03-15 15:00:00,14894.1,14962.2,14893.5,14921.5,0.0
2021-03-16 09:00:00,14994.7999,15016.1,14939.3999,14986.2,0.0
2021-03-16 10:00:00,14983.7,15051.6,14965.2999,15020.3999,0.0
2021-03-16 11:00:00,15020.1,15039.2999,14962.8999,14978.6,0.0
2021-03-16 12:00:00,14978.3999,15038.0,14973.2,14986.0,0.0
2021-03-16 13:00:00,14985.5,15010.5,14892.7999,14934.6,0.0
2021-03-16 14:00:00,14935.2,14966.7999,14903.3999,14945.2,0.0
2021-03-16 15:00:00,14946.1,14964.6,14890.6,14923.2999,0.0
2021-03-17 09:00:00,14945.3999,14956.5,14884.5,14890.8999,0.0
2021-03-17 10:00:00,14891.2999,14908.7,14846.1,14869.8999,0.0
2021-03-17 11:00:00,14869.1,14950.6,14854.7999,14891.5,0.0
2021-03-17 12:00:00,14892.1,14900.7999,14823.3999,14838.2999,0.0
2021-03-17 13:00:00,14839.2,14864.0,14803.0,14810.6,0.0
2021-03-17 14:00:00,14810.7999,14823.3999,14764.8999,14793.5,0.0
2021-03-17 15:00:00,14792.5,14800.6,14696.0,14707.7,0.0
2021-03-18 09:00:00,14857.8999,14875.2,14808.1,14824.3999,0.0
2021-03-18 10:00:00,14824.0,14839.2999,14757.7999,14790.2,0.0
2021-03-18 11:00:00,14790.3999,14806.5,14768.3999,14806.2999,0.0
2021-03-18 12:00:00,14806.3999,14830.7,14760.8999,14771.1,0.0
2021-03-18 13:00:00,14770.3999,14771.1,14571.7,14572.5,0.0
2021-03-18 14:00:00,14572.0,14587.7999,14478.6,14524.8999,0.0
2021-03-18 15:00:00,14526.2999,14591.6,14499.8999,14582.0,0.0
2021-03-19 09:00:00,14475.8999,14492.2999,14350.1,14469.0,0.0
2021-03-19 10:00:00,14470.0,14599.1,14445.1,14598.6,0.0
2021-03-19 11:00:00,14602.6,14642.7,14504.7999,14562.0,0.0
2021-03-19 12:00:00,14567.5,14600.5,14493.7999,14563.0,0.0
2021-03-19 13:00:00,14562.2999,14669.5,14550.7999,14666.0,0.0
2021-03-19 14:00:00,14665.6,14763.8999,14638.5,14763.2999,0.0
2021-03-19 15:00:00,14761.7999,14788.2,14709.8999,14738.3999,0.0
2021-03-22 09:00:00,14743.1,14763.8999,14644.8999,14723.0,0.0
2021-03-22 10:00:00,14723.0,14742.2999,14651.7,14666.8999,0.0
2021-03-22 11:00:00,14666.1,14721.8999,14641.5,14706.3999,0.0
2021-03-22 12:00:00,14705.7999,14710.3999,14610.1,14619.1,0.0
2021-03-22 13:00:00,14618.2,14694.2999,14597.7999,14661.6,0.0
2021-03-22 14:00:00,14664.1,14714.2,14644.8999,14692.2999,0.0
2021-03-22 15:00:00,14693.1,14760.7,14677.7,14745.1,0.0
2021-03-23 09:00:00,14768.0,14843.8999,14743.3999,14815.2,0.0
2021-03-23 10:00:00,14815.7,14867.7,14743.7999,14834.7,0.0
2021-03-23 11:00:00,14834.8999,14852.2,14707.0,14750.3999,0.0
2021-03-23 12:00:00,14749.6,14804.2,14729.7999,14779.0,0.0
2021-03-23 13:00:00,14778.7999,14826.2999,14748.3999,14806.1,0.0
2021-03-23 14:00:00,14806.8999,14878.6,14788.7,14849.5,0.0
2021-03-23 15:00:00,14851.0,14860.0,14782.7999,14806.3999,0.0
2021-03-24 09:00:00,14711.0,14752.2999,14703.1,14716.7999,0.0
2021-03-24 10:00:00,14716.6,14716.7999,14602.8999,14622.7,0.0
2021-03-24 11:00:00,14623.2,14642.3999,14579.0,14639.0,0.0
2021-03-24 12:00:00,14636.5,14675.2999,14610.7999,14626.6,0.0
2021-03-24 13:00:00,14626.3999,14653.1,14604.8999,14637.6,0.0
2021-03-24 14:00:00,14637.6,14677.2999,14561.3999,14584.0,0.0
2021-03-24 15:00:00,14583.7,14591.3999,14535.0,14564.2999,0.0
2021-03-25 09:00:00,14575.2999,14576.3999,14406.3999,14412.7999,0.0
2021-03-25 10:00:00,14411.7,14451.8999,14379.5,14393.1,0.0
2021-03-25 11:00:00,14392.6,14397.8999,14349.2,14351.8999,0.0
2021-03-25 12:00:00,14351.0,14351.7999,14284.8999,14312.1,0.0
2021-03-25 13:00:00,14312.0,14448.1,14264.3999,14396.2,0.0
2021-03-25 14:00:00,14395.7,14494.3999,14355.3999,14415.3999,0.0
2021-03-25 15:00:00,14415.7999,14415.7999,14274.0,14346.2999,0.0
2021-03-26 09:00:00,14505.5,14508.2999,14414.2,14433.6,0.0
2021-03-26 10:00:00,14432.8999,14515.7,14430.2999,14451.0,0.0
2021-03-26 11:00:00,14451.3999,14554.8999,14450.7999,14535.1,0.0
2021-03-26 12:00:00,14534.2999,14567.7,14501.5,14563.0,0.0
2021-03-26 13:00:00,14563.7,14572.8999,14494.7,14544.8999,0.0
2021-03-26 14:00:00,14545.2999,14566.7999,14483.1,14509.2,0.0
2021-03-26 15:00:00,14510.3999,14537.8999,14473.3999,14518.7,0.0
2021-03-30 09:00:00,14619.7,14719.2,14617.6,14717.2999,0.0
2021-03-30 10:00:00,14718.0,14776.2999,14713.7999,14757.2999,0.0
2021-03-30 11:00:00,14757.6,14782.8999,14746.7,14760.3999,0.0
2021-03-30 12:00:00,14760.2999,14770.1,14709.3999,14752.8999,0.0
2021-03-30 13:00:00,14752.7,14822.8999,14728.1,14815.1,0.0
2021-03-30 14:00:00,14815.7999,14876.2999,14814.7999,14864.8999,0.0
2021-03-30 15:00:00,14864.7,14868.2,14825.3999,14854.8999,0.0
2021-03-31 09:00:00,14812.6,14813.7,14723.1,14761.3999,0.0
2021-03-31 10:00:00,14761.6,14767.0,14703.5,14721.7,0.0
2021-03-31 11:00:00,14722.5,14755.8999,14710.3999,14722.6,0.0
2021-03-31 12:00:00,14722.7999,14752.7,14718.3999,14744.0,0.0
2021-03-31 13:00:00,14744.0,14776.5,14691.2,14733.8999,0.0
2021-03-31 14:00:00,14733.7999,14750.1,14696.7999,14726.1,0.0
2021-03-31 15:00:00,14725.6,14727.2999,14670.2,14692.1,0.0
2021-04-01 09:00:00,14797.2,14814.6,14760.7999,14778.7,0.0
2021-04-01 10:00:00,14779.0,14788.1,14696.2999,14712.2999,0.0
2021-04-01 11:00:00,14713.3999,14747.2999,14692.3999,14734.7,0.0
2021-04-01 12:00:00,14735.7999,14766.1,14727.1,14761.0,0.0
2021-04-01 13:00:00,14760.7999,14833.7999,14752.0,14807.8999,0.0
2021-04-01 14:00:00,14808.5,14867.3999,14807.8999,14846.0,0.0
2021-04-01 15:00:00,14845.0,14883.2,14840.8999,14865.5,0.0
2021-04-05 09:00:00,14845.2,14849.7999,14664.7999,14666.7999,0.0
2021-04-05 10:00:00,14662.1,14666.0,14479.2999,14538.0,0.0
2021-04-05 11:00:00,14538.2,14540.2,14459.3999,14518.7,0.0
2021-04-05 12:00:00,14518.0,14592.7999,14512.2999,14580.7999,0.0
2021-04-05 13:00:00,14580.6,14645.7999,14539.7,14620.1,0.0
2021-04-05 14:00:00,14617.1,14682.0,14600.3999,14654.7,0.0
2021-04-05 15:00:00,14654.7999,14659.1,14621.2999,14649.2,0.0
2021-04-06 09:00:00,14728.1,14757.7,14573.8999,14723.5,0.0
2021-04-06 10:00:00,14723.7999,14743.3999,14670.5,14733.2,0.0
2021-04-06 11:00:00,14732.5,14779.1,14706.5,14723.0,0.0
2021-04-06 12:00:00,14723.1,14737.0,14608.7,14664.1,0.0
2021-04-06 13:00:00,14665.7999,14699.8999,14627.2,14638.0,0.0
2021-04-06 14:00:00,14638.2999,14673.5,14637.2,14654.2999,0.0
2021-04-06 15:00:00,14654.5,14704.2,14653.2,14699.7999,0.0
2021-04-07 09:00:00,14717.0,14783.8999,14649.7999,14771.6,0.0
2021-04-07 10:00:00,14771.1,14833.7999,14747.7,14832.6,0.0
2021-04-07 11:00:00,14831.5,14867.5,14820.1,14827.6,0.0
2021-04-07 12:00:00,14827.7,14868.2,14819.7999,14852.8999,0.0
2021-04-07 13:00:00,14853.1,14879.7999,14775.3999,14837.2,0.0
2021-04-07 14:00:00,14837.1,14856.5,14807.2,14807.7999,0.0
2021-04-07 15:00:00,14807.7,14836.5,14804.2999,14807.7,0.0
2021-04-08 09:00:00,14873.1,14939.1,14864.5,14930.3999,0.0
2021-04-08 10:00:00,14930.1,14959.2,14928.8999,14951.8999,0.0
2021-04-08 11:00:00,14952.5,14959.8999,14901.1,14921.8999,0.0
2021-04-08 12:00:00,14922.1,14951.8999,14885.2,14934.2999,0.0
2021-04-08 13:00:00,14934.3999,14984.1,14918.2,14948.0,0.0
2021-04-08 14:00:00,14948.2999,14962.2,14840.1,14840.2999,0.0
2021-04-08 15:00:00,14841.2999,14896.3999,14821.1,14877.6,0.0
2021-04-09 09:00:00,14876.8999,14895.3999,14806.2999,14867.7,0.0
2021-04-09 10:00:00,14867.3999,14918.3999,14860.3999,14868.6,0.0
2021-04-09 11:00:00,14868.1,14879.6,14832.0,14876.1,0.0
2021-04-09 12:00:00,14873.2,14890.7,14848.1,14867.6,0.0
2021-04-09 13:00:00,14867.2999,14876.7,14785.6,14807.7,0.0
2021-04-09 14:00:00,14807.3999,14866.2999,14791.2,14848.7,0.0
2021-04-09 15:00:00,14849.2,14850.8999,14820.1,14838.2,0.0
2021-04-12 09:00:00,14646.6,14652.5,14384.3999,14503.6,0.0
2021-04-12 10:00:00,14504.2999,14507.0,14385.0,14467.7999,0.0
2021-04-12 11:00:00,14469.8999,14471.5,14336.7,14343.7,0.0
2021-04-12 12:00:00,14343.7999,14366.5,14283.5,14317.2999,0.0
2021-04-12 13:00:00,14317.2999,14346.5,14283.6,14316.1,0.0
2021-04-12 14:00:00,14316.3999,14344.8999,14248.7,14260.0,0.0
2021-04-12 15:00:00,14260.7,14358.2,14259.7,14356.2999,0.0
2021-04-13 09:00:00,14363.1,14425.2,14274.8999,14418.3999,0.0
2021-04-13 10:00:00,14418.8999,14449.0,14350.7999,14364.7,0.0
2021-04-13 11:00:00,14364.0,14383.7999,14296.1,14333.8999,0.0
2021-04-13 12:00:00,14333.1,14405.7999,14303.7999,14385.2999,0.0
2021-04-13 13:00:00,14385.2,14431.0,14315.6,14426.6,0.0
2021-04-13 14:00:00,14426.6,14506.8999,14411.0,14477.2,0.0
2021-04-13 15:00:00,14476.8999,14528.8999,14462.7999,14524.2999,0.0
2021-04-15 09:00:00,14532.2,14566.7999,14432.2999,14466.1,0.0
2021-04-15 10:00:00,14466.2,14499.7999,14379.7,14413.8999,0.0
2021-04-15 11:00:00,14414.6,14461.0,14353.2,14415.2999,0.0
2021-04-15 12:00:00,14415.0,14452.8999,14404.7,14441.8999,0.0
2021-04-15 13:00:00,14441.6,14496.8999,14412.0,14471.8999,0.0
2021-04-15 14:00:00,14472.2,14538.2,14470.6,14534.2999,0.0
2021-04-15 15:00:00,14534.7999,14597.5,14533.2999,14589.7,0.0
2021-04-16 09:00:00,14598.7999,14668.7999,14558.8999,14659.8999,0.0
2021-04-16 10:00:00,14657.6,14689.7999,14622.7999,14657.3999,0.0
2021-04-16 11:00:00,14657.7999,14688.3999,14635.7999,14651.0,0.0
2021-04-16 12:00:00,14651.2,14676.7,14618.7,14659.0,0.0
2021-04-16 13:00:00,14659.1,14675.7,14635.8999,14656.0,0.0
2021-04-16 14:00:00,14656.5,14697.7,14631.2999,14646.2999,0.0
2021-04-16 15:00:00,14645.8999,14646.8999,14582.7,14590.7999,0.0
2021-04-19 09:00:00,14309.3999,14326.0,14191.3999,14247.5,0.0
2021-04-19 10:00:00,14247.2999,14332.0,14225.2,14321.5,0.0
2021-04-19 11:00:00,14321.2,14322.3999,14249.2,14275.0,0.0
2021-04-19 12:00:00,14275.1,14312.5,14263.6,14305.2,0.0
2021-04-19 13:00:00,14305.0,14373.8999,14300.3999,14354.6,0.0
2021-04-19 14:00:00,14356.6,14382.2999,14298.1,14326.7999,0.0
2021-04-19 15:00:00,14328.0,14370.8999,14326.7999,14363.7,0.0
2021-04-20 09:00:00,14527.0,14528.2999,14454.3999,14458.7,0.0
2021-04-20 10:00:00,14458.1,14467.7999,14432.2,14449.2,0.0
2021-04-20 11:00:00,14449.2999,14451.6,14385.7999,14400.3999,0.0
2021-04-20 12:00:00,14400.2,14406.6,14334.2999,14362.3999,0.0
2021-04-20 13:00:00,14361.7,14393.7,14348.2,14370.7,0.0
2021-04-20 14:00:00,14370.6,14385.3999,14207.2999,14226.3999,0.0
2021-04-20 15:00:00,14227.7,14320.7,14224.2999,14279.2,0.0
2021-04-22 09:00:00,14220.5,14271.2999,14151.2999,14258.2999,0.0
2021-04-22 10:00:00,14257.7999,14288.8999,14222.7999,14256.6,0.0
2021-04-22 11:00:00,14256.5,14330.2999,14233.2,14317.3999,0.0
2021-04-22 12:00:00,14317.2,14348.7,14286.3999,14341.2,0.0
2021-04-22 13:00:00,14341.2,14391.3999,14318.6,14369.3999,0.0
2021-04-22 14:00:00,14369.3999,14424.7,14353.0,14394.2999,0.0
2021-04-22 15:00:00,14395.7,14424.7,14393.8999,14398.7,0.0
2021-04-23 09:00:00,14324.5,14402.0,14319.0,14369.6,0.0
2021-04-23 10:00:00,14369.0,14425.6,14359.2,14400.1,0.0
2021-04-23 11:00:00,14401.5,14461.1,14400.3999,14420.3999,0.0
2021-04-23 12:00:00,14420.7999,14439.5,14371.7,14385.2,0.0
2021-04-23 13:00:00,14385.5,14426.5,14347.0,14379.0,0.0
2021-04-23 14:00:00,14380.1,14391.1,14273.2999,14302.5,0.0
2021-04-23 15:00:00,14303.7999,14359.6,14301.2,14331.2,0.0
2021-04-26 09:00:00,14438.7,14550.2999,14421.2999,14543.8999,0.0
2021-04-26 10:00:00,14544.5,14557.5,14502.2,14510.7999,0.0
2021-04-26 11:00:00,14511.7,14543.1,14502.5,14513.5,0.0
2021-04-26 12:00:00,14514.0,14526.2999,14477.8999,14511.7,0.0
2021-04-26 13:00:00,14510.2999,14522.2999,14463.0,14495.7,0.0
2021-04-26 14:00:00,14496.2999,14512.1,14451.1,14463.2999,0.0
2021-04-26 15:00:00,14465.1,14496.1,14463.6,14488.8999,0.0
2021-04-27 09:00:00,14492.7,14577.1,14484.7999,14567.1,0.0
2021-04-27 10:00:00,14567.0,14583.7,14545.6,14580.5,0.0
2021-04-27 11:00:00,14580.3999,14614.3999,14570.7,14613.0,0.0
2021-04-27 12:00:00,14613.0,14630.2,14590.1,14594.5,0.0
2021-04-27 13:00:00,14594.3999,14628.2999,14588.2,14622.5,0.0
2021-04-27 14:00:00,14622.3999,14659.5,14619.5,14635.2999,0.0
2021-04-27 15:00:00,14635.3999,14667.5,14633.0,14658.7999,0.0
2021-04-28 09:00:00,14710.3999,14764.3999,14694.8999,14743.7999,0.0
2021-04-28 10:00:00,14744.1,14779.6,14734.5,14774.0,0.0
2021-04-28 11:00:00,14774.5,14791.7,14769.8999,14789.3999,0.0
2021-04-28 12:00:00,14788.2999,14852.5,14778.8999,14849.2999,0.0
2021-04-28 13:00:00,14850.2,14877.1,14837.5,14876.2999,0.0
2021-04-28 14:00:00,14877.1,14890.2,14859.7999,14869.7,0.0
2021-04-28 15:00:00,14870.7,14881.2999,14846.3999,14849.1,0.0
2021-04-29 09:00:00,14982.7,15044.2999,14903.1,14921.2,0.0
2021-04-29 10:00:00,14921.5,14949.8999,14814.3999,14838.2999,0.0
2021-04-29 11:00:00,14838.7999,14921.0,14819.3999,14876.8999,0.0
2021-04-29 12:00:00,14876.7999,14938.1,14869.3999,14930.6,0.0
2021-04-29 13:00:00,14931.6,14958.5,14886.2999,14888.5,0.0
2021-04-29 14:00:00,14888.8999,14924.7,14869.6,14908.6,0.0
2021-04-29 15:00:00,14908.6,14925.0,14874.6,14888.2999,0.0
2021-04-30 09:00:00,14744.2999,14855.3999,14730.7,14838.8999,0.0
2021-04-30 10:00:00,14840.6,14852.3999,14780.1,14818.7999,0.0
2021-04-30 11:00:00,14818.8999,14822.3999,14767.5,14785.7,0.0
2021-04-30 12:00:00,14786.0,14819.0,14783.3999,14803.2999,0.0
2021-04-30 13:00:00,14803.2999,14804.7,14705.7,14742.8999,0.0
2021-04-30 14:00:00,14743.1,14744.5,14672.5,14697.0,0.0
2021-04-30 15:00:00,14697.6,14698.0,14601.6,14618.0,0.0
2021-05-03 09:00:00,14487.2,14561.2999,14416.2,14544.3999,0.0
2021-05-03 10:00:00,14545.8999,14594.3999,14512.3999,14553.8999,0.0
2021-05-03 11:00:00,14554.0,14565.7999,14520.2999,14558.5,0.0
2021-05-03 12:00:00,14559.6,14572.7999,14534.1,14570.8999,0.0
2021-05-03 13:00:00,14570.5,14601.1,14527.7,14567.0,0.0
2021-05-03 14:00:00,14567.8999,14673.7999,14549.6,14645.7999,0.0
2021-05-03 15:00:00,14647.1,14654.8999,14615.7999,14645.3999,0.0
2021-05-04 09:00:00,14685.0,14723.3999,14580.1,14651.7,0.0
2021-05-04 10:00:00,14653.0,14670.1,14632.7,14660.1,0.0
2021-05-04 11:00:00,14660.7999,14700.3999,14656.0,14688.2,0.0
2021-05-04 12:00:00,14688.7,14693.8999,14646.0,14665.6,0.0
2021-05-04 13:00:00,14665.3999,14665.6,14561.5,14616.5,0.0
2021-05-04 14:00:00,14616.5,14637.3999,14461.5,14463.1,0.0
2021-05-04 15:00:00,14464.8999,14513.6,14464.2,14504.6,0.0
2021-05-05 09:00:00,14606.7999,14608.2,14533.5,14565.3999,0.0
2021-05-05 10:00:00,14566.5,14607.0,14506.6,14586.6,0.0
2021-05-05 11:00:00,14586.2,14596.5,14531.1,14564.6,0.0
2021-05-05 12:00:00,14564.5,14616.1,14542.7,14603.6,0.0
2021-05-05 13:00:00,14603.5,14632.3999,14574.8999,14593.6,0.0
2021-05-05 14:00:00,14593.7,14606.6,14544.7999,14589.6,0.0
2021-05-05 15:00:00,14590.0,14637.8999,14589.2999,14634.7999,0.0
2021-05-06 09:00:00,14675.7999,14697.3999,14636.2,14661.7999,0.0
2021-05-06 10:00:00,14661.6,14673.5,14611.5,14647.8999,0.0
2021-05-06 11:00:00,14647.8999,14666.8999,14614.7999,14663.2999,0.0
2021-05-06 12:00:00,14663.3999,14718.2999,14660.6,14712.7,0.0
2021-05-06 13:00:00,14712.5,14725.0,14670.8999,14697.5,0.0
2021-05-06 14:00:00,14697.6,14711.7999,14673.8999,14688.1,0.0
2021-05-06 15:00:00,14688.2999,14743.7999,14687.7999,14733.1,0.0
2021-05-07 09:00:00,14810.8999,14863.0,14808.1,14829.0,0.0
2021-05-07 10:00:00,14828.1,14846.2,14790.7999,14816.8999,0.0
2021-05-07 11:00:00,14816.1,14837.2999,14804.7,14823.8999,0.0
2021-05-07 12:00:00,14823.8999,14824.2,14771.3999,14796.7,0.0
2021-05-07 13:00:00,14795.2999,14831.5,14765.5,14823.6,0.0
2021-05-07 14:00:00,14823.2,14852.7,14798.5,14838.7,0.0
2021-05-07 15:00:00,14839.3999,14843.7,14805.7999,14810.8999,0.0
2021-05-10 09:00:00,14926.2,14951.2,14892.5,14895.6,0.0
2021-05-10 10:00:00,14895.2,14944.1,14894.2999,14920.2,0.0
2021-05-10 11:00:00,14920.7999,14950.5,14916.1,14932.6,0.0
2021-05-10 12:00:00,14932.3999,14959.8999,14930.1,14955.5,0.0
2021-05-10 13:00:00,14956.1,14965.2,14920.7999,14954.7,0.0
2021-05-10 14:00:00,14955.5,14966.8999,14932.6,14933.7999,0.0
2021-05-10 15:00:00,14933.7,14953.2,14928.8999,14951.1,0.0
2021-05-11 09:00:00,14792.3999,14847.3999,14771.3999,14840.2,0.0
2021-05-11 10:00:00,14839.6,14849.3999,14825.3999,14838.7,0.0
2021-05-11 11:00:00,14838.6,14885.7,14829.2,14872.6,0.0
2021-05-11 12:00:00,14872.7,14899.8999,14849.8999,14865.2999,0.0
2021-05-11 13:00:00,14865.0,14865.7,14802.3999,14837.3999,0.0
2021-05-11 14:00:00,14836.7999,14852.2999,14823.7,14836.7,0.0
2021-05-11 15:00:00,14836.0,14857.1,14835.5,14846.0,0.0
2021-05-12 09:00:00,14823.8999,14826.7999,14728.1,14756.8999,0.0
2021-05-12 10:00:00,14756.5,14767.1,14711.1,14744.8999,0.0
2021-05-12 11:00:00,14745.6,14747.8999,14695.1,14734.5,0.0
2021-05-12 12:00:00,14733.7,14772.3999,14726.1,14754.8999,0.0
2021-05-12 13:00:00,14754.7999,14781.5,14726.2,14750.1,0.0
2021-05-12 14:00:00,14750.1,14763.3999,14649.7,14653.7,0.0
2021-05-12 15:00:00,14653.3999,14713.7999,14649.7999,14699.1,0.0
2021-05-14 09:00:00,14754.2999,14755.2999,14618.7999,14708.2999,0.0
2021-05-14 10:00:00,14707.7999,14728.8999,14672.1,14680.3999,0.0
2021-05-14 11:00:00,14680.3999,14687.2,14616.6,14623.8999,0.0
2021-05-14 12:00:00,14622.7999,14666.8999,14591.8999,14662.0,0.0
2021-05-14 13:00:00,14662.6,14693.2,14638.3999,14639.1,0.0
2021-05-14 14:00:00,14637.1,14712.2,14629.0,14684.7999,0.0
2021-05-14 15:00:00,14684.6,14694.2999,14660.7999,14682.7999,0.0
2021-05-17 09:00:00,14756.2999,14782.6,14725.2999,14773.8999,0.0
2021-05-17 10:00:00,14774.7,14824.7,14772.8999,14800.7999,0.0
2021-05-17 11:00:00,14800.5,14830.0,14797.5,14821.2,0.0
2021-05-17 12:00:00,14821.7,14860.0,14817.5,14846.8999,0.0
2021-05-17 13:00:00,14847.6,14873.2,14826.1,14870.2999,0.0
2021-05-17 14:00:00,14870.0,14921.1,14865.2999,14919.6,0.0
2021-05-17 15:00:00,14919.6,14937.8999,14913.1,14924.6,0.0
2021-05-18 09:00:00,15061.7999,15124.5,15048.7,15072.5,0.0
2021-05-18 10:00:00,15071.3999,15112.7,15043.7,15111.2999,0.0
2021-05-18 11:00:00,15110.2999,15134.3999,15102.6,15117.5,0.0
2021-05-18 12:00:00,15117.7,15127.0,15098.5,15105.3999,0.0
2021-05-18 13:00:00,15105.0,15137.2,15086.6,15116.1,0.0
2021-05-18 14:00:00,15117.1,15123.0,15074.5,15093.3999,0.0
2021-05-18 15:00:00,15094.0,15118.1,15093.2,15109.3999,0.0
2021-05-19 09:00:00,15062.2999,15133.2999,15049.6,15119.6,0.0
2021-05-19 10:00:00,15119.5,15126.2,15069.5,15080.1,0.0
2021-05-19 11:00:00,15079.8999,15094.7,15062.3999,15091.7999,0.0
2021-05-19 12:00:00,15093.2999,15124.0,15082.8999,15088.2,0.0
2021-05-19 13:00:00,15087.7999,15092.7,15021.7,15040.2,0.0
2021-05-19 14:00:00,15041.7,15072.5,15020.8999,15058.1,0.0
2021-05-19 15:00:00,15057.8999,15060.1,15008.7999,15019.8999,0.0
2021-05-20 09:00:00,15037.3999,15069.7999,14960.5,15011.6,0.0
2021-05-20 10:00:00,15012.1,15033.0,14988.1,15008.2,0.0
2021-05-20 11:00:00,15008.3999,15021.3999,14992.5,15003.3999,0.0
2021-05-20 12:00:00,15003.6,15012.0,14980.7,14991.8999,0.0
2021-05-20 13:00:00,14991.3999,15001.2999,14969.5,14982.7,0.0
2021-05-20 14:00:00,14983.0,15001.7,14893.2,14903.7999,0.0
2021-05-20 15:00:00,14904.7999,14924.0,14884.8999,14920.5,0.0
2021-05-21 09:00:00,14986.5,15069.2,14985.7999,15064.1,0.0
2021-05-21 10:00:00,15064.3999,15102.7,15050.1,15098.5,0.0
2021-05-21 11:00:00,15098.1,15118.7999,15089.0,15099.3999,0.0
2021-05-21 12:00:00,15098.8999,15105.7,15083.2,15094.7999,0.0
2021-05-21 13:00:00,15096.2999,15111.7999,15075.7,15100.2,0.0
2021-05-21 14:00:00,15101.2999,15174.8999,15093.2999,15167.7999,0.0
2021-05-21 15:00:00,15168.1,15190.0,15154.8999,15185.5,0.0
2021-05-24 09:00:00,15211.2999,15251.8999,15173.5,15174.1,0.0
2021-05-24 10:00:00,15173.8999,15224.1,15145.3999,15220.7999,0.0
2021-05-24 11:00:00,15220.0,15230.5,15201.1,15206.1,0.0
2021-05-24 12:00:00,15206.1,15216.2999,15179.8999,15188.2999,0.0
2021-05-24 13:00:00,15188.2999,15228.5,15187.8999,15210.7999,0.0
2021-05-24 14:00:00,15211.5,15256.2,15191.8999,15243.2999,0.0
2021-05-24 15:00:00,15243.7,15246.7,15170.2,15184.6,0.0
2021-05-25 09:00:00,15289.1,15293.7999,15247.0,15258.3999,0.0
2021-05-25 10:00:00,15259.7,15276.5,15239.2,15254.6,0.0
2021-05-25 11:00:00,15255.2,15264.3999,15223.0,15247.7,0.0
2021-05-25 12:00:00,15247.0,15260.1,15236.0,15236.3999,0.0
2021-05-25 13:00:00,15236.1,15247.3999,15187.2,15208.1,0.0
2021-05-25 14:00:00,15208.2,15222.5,15163.2999,15194.7999,0.0
2021-05-25 15:00:00,15196.8999,15222.7999,15193.5,15217.7,0.0
2021-05-26 09:00:00,15262.0,15262.1,15194.8999,15240.2999,0.0
2021-05-26 10:00:00,15239.7,15293.2,15235.2999,15292.6,0.0
2021-05-26 11:00:00,15293.2,15304.7,15268.0,15284.2999,0.0
2021-05-26 12:00:00,15284.2,15313.3999,15284.0,15294.0,0.0
2021-05-26 13:00:00,15294.0,15314.7,15279.7999,15297.7999,0.0
2021-05-26 14:00:00,15297.8999,15319.8999,15288.2999,15306.3999,0.0
2021-05-26 15:00:00,15306.3999,15316.0,15280.7,15300.3999,0.0
2021-05-27 09:00:00,15321.7999,15335.5,15278.6,15306.0,0.0
2021-05-27 10:00:00,15305.3999,15324.2,15304.2,15320.6,0.0
2021-05-27 11:00:00,15321.0,15365.1,15319.2,15353.5,0.0
2021-05-27 12:00:00,15353.6,15360.7999,15330.3999,15338.5,0.0
2021-05-27 13:00:00,15338.3999,15358.8999,15334.2,15348.5,0.0
2021-05-27 14:00:00,15348.7,15350.0,15272.5,15303.6,0.0
2021-05-27 15:00:00,15303.2999,15384.5,15301.6,15371.3999,0.0
2021-05-28 09:00:00,15421.0,15455.5,15405.3999,15426.2,0.0
2021-05-28 10:00:00,15426.6,15445.7,15410.7,15423.3999,0.0
2021-05-28 11:00:00,15422.6,15437.1,15394.7,15433.0,0.0
2021-05-28 12:00:00,15433.0,15444.1,15413.2999,15435.2,0.0
2021-05-28 13:00:00,15435.0,15469.6,15414.2999,15464.0,0.0
2021-05-28 14:00:00,15464.7999,15466.2999,15416.5,15416.7999,0.0
2021-05-28 15:00:00,15417.5,15459.5,15408.6,15454.7,0.0
2021-05-31 09:00:00,15447.3999,15467.7,15374.0,15457.2999,0.0
2021-05-31 10:00:00,15456.8999,15520.7999,15456.1,15519.5,0.0
2021-05-31 11:00:00,15520.5,15535.7999,15506.2,15531.0,0.0
2021-05-31 12:00:00,15532.1,15570.1,15528.2,15566.5,0.0
2021-05-31 13:00:00,15566.0,15573.5,15525.3999,15541.6,0.0
2021-05-31 14:00:00,15543.2,15578.3999,15540.5,15552.2,0.0
2021-05-31 15:00:00,15553.2,15606.2999,15549.7999,15577.2,0.0
2021-06-01 09:00:00,15630.2999,15660.7,15588.6,15600.2999,0.0
2021-06-01 10:00:00,15600.2,15618.8999,15539.7,15571.5,0.0
2021-06-01 11:00:00,15571.7,15582.7,15528.2999,15545.6,0.0
2021-06-01 12:00:00,15545.8999,15583.6,15536.1,15577.7,0.0
2021-06-01 13:00:00,15578.1,15617.7999,15562.7,15593.7,0.0
2021-06-01 14:00:00,15592.6,15593.2,15539.2,15572.2999,0.0
2021-06-01 15:00:00,15571.6,15587.5,15555.1,15567.8999,0.0
2021-06-02 09:00:00,15520.3999,15564.0,15491.8999,15509.1,0.0
2021-06-02 10:00:00,15507.8999,15516.0,15488.3999,15497.2,0.0
2021-06-02 11:00:00,15496.7999,15516.7999,15477.1,15485.1,0.0
2021-06-02 12:00:00,15485.2999,15505.1,15479.7,15485.2999,0.0
2021-06-02 13:00:00,15486.1,15502.1,15459.7999,15501.1,0.0
2021-06-02 14:00:00,15501.2999,15558.8999,15485.2,15557.5,0.0
2021-06-02 15:00:00,15557.7999,15597.3999,15547.5,15590.5,0.0
2021-06-03 09:00:00,15654.0,15693.1,15645.5,15651.8999,0.0
2021-06-03 10:00:00,15653.0,15665.6,15635.2999,15642.2999,0.0
2021-06-03 11:00:00,15642.2,15666.2999,15639.2999,15654.3999,0.0
2021-06-03 12:00:00,15653.8999,15663.8999,15628.8999,15642.7,0.0
2021-06-03 13:00:00,15642.2999,15659.2999,15611.0,15654.8999,0.0
2021-06-03 14:00:00,15655.3999,15677.0,15644.7,15663.7999,0.0
2021-06-03 15:00:00,15665.0,15705.1,15663.7,15688.0,0.0
2021-06-04 09:00:00,15723.7999,15724.2999,15680.1,15706.8999,0.0
2021-06-04 10:00:00,15707.3999,15733.6,15671.2999,15699.7,0.0
2021-06-04 11:00:00,15700.5,15704.1,15642.5,15676.5,0.0
2021-06-04 12:00:00,15676.7999,15703.7,15658.7999,15686.0,0.0
2021-06-04 13:00:00,15686.8999,15693.8999,15622.2999,15649.7999,0.0
2021-06-04 14:00:00,15649.8999,15677.3999,15641.2999,15665.0,0.0
2021-06-04 15:00:00,15666.2999,15682.2,15656.2999,15669.2999,0.0
2021-06-07 09:00:00,15721.7999,15728.2,15678.0,15701.8999,0.0
2021-06-07 10:00:00,15700.7999,15737.8999,15698.2999,15732.7,0.0
2021-06-07 11:00:00,15733.2999,15739.3999,15719.7999,15725.5,0.0
2021-06-07 12:00:00,15725.5,15733.7,15701.7,15708.5,0.0
2021-06-07 13:00:00,15708.2999,15762.7,15707.1,15751.7,0.0
2021-06-07 14:00:00,15751.5,15773.3999,15744.3999,15756.6,0.0
2021-06-07 15:00:00,15757.7,15765.2,15741.5,15747.2,0.0
2021-06-08 09:00:00,15774.2999,15778.7999,15687.2999,15690.0,0.0
2021-06-08 10:00:00,15689.5,15725.7999,15680.0,15724.1,0.0
2021-06-08 11:00:00,15723.8999,15741.7999,15714.7,15717.5,0.0
2021-06-08 12:00:00,15718.5,15729.8999,15700.7,15724.8999,0.0
2021-06-08 13:00:00,15723.8999,15756.2999,15723.7,15734.6,0.0
2021-06-08 14:00:00,15734.3999,15758.6,15715.0,15747.5,0.0
2021-06-08 15:00:00,15748.1,15753.8999,15732.5,15741.0,0.0
2021-06-09 09:00:00,15764.3999,15789.2999,15723.1,15786.8999,0.0
2021-06-09 10:00:00,15786.6,15792.8999,15768.7,15774.0,0.0
2021-06-09 11:00:00,15774.1,15791.5,15772.5,15786.3999,0.0
2021-06-09 12:00:00,15787.2999,15800.3999,15771.7999,15777.5,0.0
2021-06-09 13:00:00,15777.0,15779.2,15608.3999,15680.2999,0.0
2021-06-09 14:00:00,15680.8999,15698.8999,15566.8999,15608.8999,0.0
2021-06-09 15:00:00,15609.7999,15655.2,15607.8999,15642.2999,0.0
2021-06-10 09:00:00,15688.2999,15708.6,15648.5,15701.0,0.0
2021-06-10 10:00:00,15699.8999,15718.6,15684.8999,15715.5,0.0
2021-06-10 11:00:00,15716.6,15723.2,15689.3999,15722.2999,0.0
2021-06-10 12:00:00,15721.2,15741.2,15690.2999,15701.3999,0.0
2021-06-10 13:00:00,15701.5,15745.7999,15696.2,15727.0,0.0
2021-06-10 14:00:00,15727.2,15751.2,15718.7999,15728.8999,0.0
2021-06-10 15:00:00,15730.5,15749.2,15728.6,15745.2,0.0
2021-06-11 09:00:00,15796.2,15835.5,15781.3999,15815.6,0.0
2021-06-11 10:00:00,15815.8999,15827.0,15801.2999,15819.5,0.0
2021-06-11 11:00:00,15819.6,15832.1,15780.3999,15799.2999,0.0
2021-06-11 12:00:00,15799.0,15807.7,15749.7,15798.8999,0.0
2021-06-11 13:00:00,15798.5,15800.0,15760.3999,15789.1,0.0
2021-06-11 14:00:00,15789.7,15812.7999,15782.7999,15794.3999,0.0
2021-06-11 15:00:00,15794.1,15808.2999,15788.7999,15804.2,0.0
2021-06-14 09:00:00,15784.6,15791.8999,15606.5,15717.7,0.0
2021-06-14 10:00:00,15718.5,15740.7999,15696.7999,15714.5,0.0
2021-06-14 11:00:00,15714.5,15725.6,15683.7,15713.8999,0.0
2021-06-14 12:00:00,15716.8999,15749.6,15711.2999,15744.7,0.0
2021-06-14 13:00:00,15745.8999,15804.3999,15716.3999,15785.8999,0.0
2021-06-14 14:00:00,15787.7,15817.2999,15785.2,15812.8999,0.0
2021-06-14 15:00:00,15812.1,15823.0,15797.0,15809.6,0.0
2021-06-15 09:00:00,15867.1,15891.2999,15842.2999,15886.3999,0.0
2021-06-15 10:00:00,15887.2,15901.6,15872.5,15889.7999,0.0
2021-06-15 11:00:00,15889.7,15894.3999,15866.7,15878.3999,0.0
2021-06-15 12:00:00,15878.1,15899.1,15868.7,15889.3999,0.0
2021-06-15 13:00:00,15889.1,15892.7,15856.2,15884.0,0.0
2021-06-15 14:00:00,15883.3999,15899.0,15867.7,15869.7999,0.0
2021-06-15 15:00:00,15869.7,15881.6,15853.8999,15857.8999,0.0
2021-06-16 09:00:00,15855.5,15880.7999,15814.8999,15833.2999,0.0
2021-06-16 10:00:00,15832.2999,15844.7999,15768.0,15776.7,0.0
2021-06-16 11:00:00,15777.3999,15802.7999,15773.2,15796.2999,0.0
2021-06-16 12:00:00,15795.2,15803.0,15755.1,15767.0,0.0
2021-06-16 13:00:00,15766.7,15813.0,15764.7999,15805.3999,0.0
2021-06-16 14:00:00,15805.7999,15825.8999,15799.7,15799.7999,0.0
2021-06-16 15:00:00,15801.6,15802.0,15742.5,15756.7999,0.0
2021-06-17 09:00:00,15647.8999,15734.2,15644.7,15726.7,0.0
2021-06-17 10:00:00,15726.7,15769.2999,15717.7,15737.7999,0.0
2021-06-17 11:00:00,15737.3999,15751.3999,15701.2,15706.7999,0.0
2021-06-17 12:00:00,15706.3999,15728.8999,15692.1,15724.1,0.0
2021-06-17 13:00:00,15723.8999,15740.7,15701.8999,15708.2999,0.0
2021-06-17 14:00:00,15708.7,15710.2,15616.7,15669.2,0.0
2021-06-17 15:00:00,15670.3999,15709.1,15669.0,15681.0,0.0
2021-06-18 09:00:00,15757.7,15761.5,15574.7,15588.5,0.0
2021-06-18 10:00:00,15588.3999,15634.2999,15450.8999,15458.7,0.0
2021-06-18 11:00:00,15459.5,15579.3999,15458.5,15560.0,0.0
2021-06-18 12:00:00,15559.7999,15609.8999,15538.1,15584.2999,0.0
2021-06-18 13:00:00,15585.0,15630.8999,15560.2999,15627.7,0.0
2021-06-18 14:00:00,15627.7999,15678.2999,15617.8999,15656.7,0.0
2021-06-18 15:00:00,15656.2,15733.7,15616.5,15720.6,0.0
2021-06-21 09:00:00,15530.8999,15590.5,15505.6,15573.7,0.0
2021-06-21 10:00:00,15574.0,15634.6,15570.0,15608.5,0.0
2021-06-21 11:00:00,15610.2,15630.2999,15585.1,15614.7,0.0
2021-06-21 12:00:00,15615.1,15658.5,15599.3999,15653.2999,0.0
2021-06-21 13:00:00,15653.7999,15701.7,15642.1,15683.7999,0.0
2021-06-21 14:00:00,15685.2,15741.6,15677.6,15730.8999,0.0
2021-06-21 15:00:00,15731.6,15765.1,15713.2,15750.2999,0.0
2021-06-22 09:00:00,15844.1,15880.8999,15812.3999,15865.1,0.0
2021-06-22 10:00:00,15865.5,15895.7,15858.1,15877.8999,0.0
2021-06-22 11:00:00,15878.2999,15879.2999,15842.0,15875.8999,0.0
2021-06-22 12:00:00,15875.7999,15877.1,15837.0,15850.6,0.0
2021-06-22 13:00:00,15850.6,15858.8999,15811.5,15814.1,0.0
2021-06-22 14:00:00,15814.2999,15845.0,15797.7,15814.3999,0.0
2021-06-22 15:00:00,15815.6,15815.7,15752.1,15765.8999,0.0
2021-06-23 09:00:00,15858.7999,15862.8999,15768.2999,15786.0,0.0
2021-06-23 10:00:00,15786.2,15796.7,15726.6,15774.1,0.0
2021-06-23 11:00:00,15773.7999,15780.0,15739.0,15740.2,0.0
2021-06-23 12:00:00,15740.7999,15767.3999,15720.2999,15740.5,0.0
2021-06-23 13:00:00,15741.7999,15773.2,15702.5,15772.7,0.0
2021-06-23 14:00:00,15772.8999,15785.5,15682.0,15689.2999,0.0
2021-06-23 15:00:00,15689.3999,15704.1,15673.8999,15694.8999,0.0
2021-06-24 09:00:00,15738.3999,15762.7,15702.7,15740.5,0.0
2021-06-24 10:00:00,15739.7,15761.7999,15727.3999,15749.7,0.0
2021-06-24 11:00:00,15751.2,15758.8999,15734.7999,15741.1,0.0
2021-06-24 12:00:00,15741.7,15784.2999,15736.8999,15767.2999,0.0
2021-06-24 13:00:00,15768.1,15804.8999,15762.8999,15791.1,0.0
2021-06-24 14:00:00,15791.7999,15821.3999,15758.1,15801.7,0.0
2021-06-24 15:00:00,15802.0,15803.3999,15778.2999,15794.5,0.0
2021-06-25 09:00:00,15827.7999,15844.3999,15782.7999,15793.7999,0.0
2021-06-25 10:00:00,15793.3999,15808.2,15772.2999,15802.0,0.0
2021-06-25 11:00:00,15803.2,15824.5,15792.8999,15819.7999,0.0
2021-06-25 12:00:00,15819.7,15850.7,15814.8999,15846.1,0.0
2021-06-25 13:00:00,15847.7,15859.0,15835.0,15854.7,0.0
2021-06-25 14:00:00,15854.6,15870.3999,15843.8999,15855.7,0.0
2021-06-25 15:00:00,15855.2,15870.7999,15841.1,15847.2,0.0
2021-06-28 09:00:00,15915.6,15917.8999,15849.0,15865.6,0.0
2021-06-28 10:00:00,15865.6,15866.6,15823.7999,15833.7,0.0
2021-06-28 11:00:00,15833.5,15848.7999,15817.8999,15834.2999,0.0
2021-06-28 12:00:00,15834.0,15839.6,15812.5,15835.2999,0.0
2021-06-28 13:00:00,15835.2999,15854.2,15817.8999,15818.7,0.0
2021-06-28 14:00:00,15819.6,15843.7999,15810.7999,15828.3999,0.0
2021-06-28 15:00:00,15829.1,15829.8999,15792.1,15824.7,0.0
2021-06-29 09:00:00,15818.5,15835.8999,15781.1,15784.7,0.0
2021-06-29 10:00:00,15784.2999,15784.3999,15747.2999,15757.0,0.0
2021-06-29 11:00:00,15757.5,15781.5,15756.7,15757.6,0.0
2021-06-29 12:00:00,15758.2999,15780.8999,15742.5,15771.2999,0.0
2021-06-29 13:00:00,15771.7,15799.7,15762.7999,15776.2,0.0
2021-06-29 14:00:00,15777.1,15777.2,15724.0,15741.0,0.0
2021-06-29 15:00:00,15742.2999,15762.5,15736.6,15749.2999,0.0
2021-06-30 09:00:00,15764.2999,15812.5,15764.2999,15793.2999,0.0
2021-06-30 10:00:00,15794.6,15836.5,15792.3999,15826.2,0.0
2021-06-30 11:00:00,15825.7,15837.7,15816.7,15829.6,0.0
2021-06-30 12:00:00,15829.3999,15839.1,15808.8999,15825.0,0.0
2021-06-30 13:00:00,15824.7999,15827.2,15774.2999,15791.8999,0.0
2021-06-30 14:00:00,15791.7999,15799.1,15733.6,15742.7,0.0
2021-06-30 15:00:00,15743.7999,15744.2,15708.7,15729.7999,0.0
2021-07-01 09:00:00,15754.6,15758.2,15709.3999,15731.5,0.0
2021-07-01 10:00:00,15732.1,15736.1,15685.2999,15698.2999,0.0
2021-07-01 11:00:00,15697.8999,15713.2,15689.0,15701.8999,0.0
2021-07-01 12:00:00,15704.8999,15719.0,15685.8999,15706.3999,0.0
2021-07-01 13:00:00,15707.0,15733.1,15696.2,15706.3999,0.0
2021-07-01 14:00:00,15706.0,15718.7,15679.2999,15682.3999,0.0
2021-07-01 15:00:00,15683.1,15695.5,15667.0,15693.0,0.0
2021-07-02 09:00:00,15708.3999,15711.2,15649.6,15667.6,0.0
2021-07-02 10:00:00,15665.6,15688.5,15635.8999,15652.3999,0.0
2021-07-02 11:00:00,15652.2999,15680.5,15652.2999,15679.7999,0.0
2021-07-02 12:00:00,15678.8999,15706.6,15672.0,15704.7999,0.0
2021-07-02 13:00:00,15705.7,15711.2999,15674.6,15677.1,0.0
2021-07-02 14:00:00,15677.3999,15712.6,15663.3999,15695.8999,0.0
2021-07-02 15:00:00,15696.5,15738.2999,15695.2999,15729.5,0.0
2021-07-05 09:00:00,15793.8999,15821.5,15762.0,15815.3999,0.0
2021-07-05 10:00:00,15815.7999,15831.0,15801.7,15825.7999,0.0
2021-07-05 11:00:00,15825.7999,15833.2,15818.1,15826.7999,0.0
2021-07-05 12:00:00,15826.3999,15831.3999,15802.3999,15809.5,0.0
2021-07-05 13:00:00,15810.2,15828.5,15806.1,15826.6,0.0
2021-07-05 14:00:00,15827.2,15835.0,15810.8999,15829.7999,0.0
2021-07-05 15:00:00,15831.0,15845.8999,15825.1,15841.8999,0.0
2021-07-06 09:00:00,15816.7,15873.5,15808.7,15870.5,0.0
2021-07-06 10:00:00,15871.1,15875.5,15848.2,15871.3999,0.0
2021-07-06 11:00:00,15871.1,15902.8999,15868.2,15896.0,0.0
2021-07-06 12:00:00,15895.6,15909.7,15875.7,15883.0,0.0
2021-07-06 13:00:00,15883.2999,15914.2,15874.3999,15905.5,0.0
2021-07-06 14:00:00,15905.7999,15909.7999,15823.0,15860.1,0.0
2021-07-06 15:00:00,15860.7,15862.2999,15801.0,15815.5,0.0
2021-07-07 09:00:00,15816.5,15850.8999,15779.7,15813.1,0.0
2021-07-07 10:00:00,15812.5,15827.7999,15795.2999,15800.7999,0.0
2021-07-07 11:00:00,15800.7999,15843.1,15800.5,15835.2,0.0
2021-07-07 12:00:00,15835.7,15846.7,15821.3999,15822.0,0.0
2021-07-07 13:00:00,15822.7,15848.6,15812.7,15845.6,0.0
2021-07-07 14:00:00,15845.2,15864.7,15833.6,15841.8999,0.0
2021-07-07 15:00:00,15843.3999,15893.5,15842.1,15879.7,0.0
2021-07-08 09:00:00,15853.6,15885.7,15842.5,15847.7,0.0
2021-07-08 10:00:00,15847.2,15858.0,15822.2,15835.3999,0.0
2021-07-08 11:00:00,15835.0,15845.2999,15805.8999,15806.5,0.0
2021-07-08 12:00:00,15806.3999,15809.2,15751.2,15751.6,0.0
2021-07-08 13:00:00,15751.6,15773.7,15715.1,15716.5,0.0
2021-07-08 14:00:00,15717.6,15731.6,15682.8999,15712.2,0.0
2021-07-08 15:00:00,15711.8999,15748.5,15709.0,15728.0,0.0
2021-07-09 09:00:00,15684.3999,15694.5,15632.7,15673.6,0.0
2021-07-09 10:00:00,15674.1,15730.7999,15667.8999,15696.7,0.0
2021-07-09 11:00:00,15696.2,15696.7,15650.2999,15670.8999,0.0
2021-07-09 12:00:00,15670.6,15701.2999,15656.7,15677.1,0.0
2021-07-09 13:00:00,15677.2999,15686.8999,15665.8999,15676.0,0.0
2021-07-09 14:00:00,15676.1,15707.7999,15652.1,15694.2,0.0
2021-07-09 15:00:00,15693.2,15700.7999,15681.0,15698.6,0.0
2021-07-12 09:00:00,15766.6,15781.0,15746.5,15768.2,0.0
2021-07-12 10:00:00,15768.0,15789.1,15756.3999,15780.2999,0.0
2021-07-12 11:00:00,15780.6,15784.7,15760.0,15772.2,0.0
2021-07-12 12:00:00,15772.1,15775.6,15753.5,15767.8999,0.0
2021-07-12 13:00:00,15767.7,15768.8999,15654.6,15701.1,0.0
2021-07-12 14:00:00,15700.3999,15709.7999,15644.7,15684.7,0.0
2021-07-12 15:00:00,15683.7,15706.1,15683.1,15689.3999,0.0
2021-07-13 09:00:00,15792.2,15796.2,15747.8999,15770.8999,0.0
2021-07-13 10:00:00,15770.1,15777.1,15744.6,15756.2,0.0
2021-07-13 11:00:00,15755.8999,15796.1,15755.7,15789.1,0.0
2021-07-13 12:00:00,15788.7,15797.3999,15779.8999,15795.6,0.0
2021-07-13 13:00:00,15795.2,15813.6,15787.7,15810.6,0.0
2021-07-13 14:00:00,15810.1,15815.6,15788.2,15797.6,0.0
2021-07-13 15:00:00,15797.5,15820.7999,15796.2,15808.3999,0.0
2021-07-14 09:00:00,15802.0,15811.7,15764.5,15770.1,0.0
2021-07-14 10:00:00,15769.1,15830.0,15764.2,15826.7,0.0
2021-07-14 11:00:00,15826.1,15840.7999,15816.0,15838.3999,0.0
2021-07-14 12:00:00,15838.2999,15867.7,15825.2,15861.5,0.0
2021-07-14 13:00:00,15861.2,15877.2999,15839.8999,15856.7,0.0
2021-07-14 14:00:00,15856.1,15867.2,15842.2,15860.0,0.0
2021-07-14 15:00:00,15859.2,15869.3999,15832.7,15845.7,0.0
2021-07-15 09:00:00,15868.7,15902.2,15855.0,15889.7999,0.0
2021-07-15 10:00:00,15889.8999,15936.0,15881.8999,15933.7,0.0
2021-07-15 11:00:00,15934.0,15940.6,15922.3999,15932.7,0.0
2021-07-15 12:00:00,15932.7999,15946.6,15909.2999,15916.8999,0.0
2021-07-15 13:00:00,15917.0,15951.2,15912.3999,15944.5,0.0
2021-07-15 14:00:00,15944.7,15952.2999,15914.3999,15918.8999,0.0
2021-07-15 15:00:00,15920.3999,15934.2,15916.1,15919.2999,0.0
2021-07-16 09:00:00,15961.7999,15962.2,15930.0,15956.5,0.0
2021-07-16 10:00:00,15956.2,15956.8999,15906.7,15928.7,0.0
2021-07-16 11:00:00,15928.3999,15944.2999,15912.1,15913.0,0.0
2021-07-16 12:00:00,15914.0,15918.3999,15887.7999,15915.0,0.0
2021-07-16 13:00:00,15915.6,15924.8999,15888.8999,15889.5,0.0
2021-07-16 14:00:00,15889.2999,15941.7,15882.5,15923.6,0.0
2021-07-16 15:00:00,15923.7999,15933.2999,15914.2,15922.3999,0.0
2021-07-19 09:00:00,15754.2999,15833.2999,15735.8999,15829.0,0.0
2021-07-19 10:00:00,15829.5,15836.8999,15808.7999,15810.7,0.0
2021-07-19 11:00:00,15810.5,15830.1,15808.7999,15817.2999,0.0
2021-07-19 12:00:00,15816.8999,15822.8999,15748.1,15755.7,0.0
2021-07-19 13:00:00,15756.2999,15772.1,15729.3999,15757.1,0.0
2021-07-19 14:00:00,15757.1,15771.7999,15707.5,15746.3999,0.0
2021-07-19 15:00:00,15747.5,15766.2999,15734.2999,15759.8999,0.0
2021-07-20 09:00:00,15703.3999,15728.3999,15642.3999,15656.7999,0.0
2021-07-20 10:00:00,15657.0,15683.3999,15597.7,15614.7,0.0
2021-07-20 11:00:00,15614.2,15621.2,15584.5,15596.1,0.0
2021-07-20 12:00:00,15595.7,15658.2,15578.5,15657.3999,0.0
2021-07-20 13:00:00,15656.7999,15682.6,15650.2,15668.0,0.0
2021-07-20 14:00:00,15667.2999,15679.1,15626.7,15648.2999,0.0
2021-07-20 15:00:00,15649.0,15653.2999,15617.1,15622.3999,0.0
2021-07-22 09:00:00,15739.8999,15790.2999,15726.3999,15789.2999,0.0
2021-07-22 10:00:00,15790.0,15813.2,15775.5,15801.2999,0.0
2021-07-22 11:00:00,15800.7999,15815.8999,15794.7999,15808.3999,0.0
2021-07-22 12:00:00,15808.2999,15825.8999,15799.8999,15805.2,0.0
2021-07-22 13:00:00,15805.7,15824.2999,15796.0,15801.6,0.0
2021-07-22 14:00:00,15802.2,15809.2999,15768.6,15788.8999,0.0
2021-07-22 15:00:00,15789.7999,15834.7999,15788.6,15828.7,0.0
2021-07-23 09:00:00,15845.7999,15876.3999,15768.2999,15843.7999,0.0
2021-07-23 10:00:00,15843.6,15856.8999,15796.7,15821.8999,0.0
2021-07-23 11:00:00,15822.1,15852.0,15819.6,15842.8999,0.0
2021-07-23 12:00:00,15843.2999,15873.1,15839.5,15866.8999,0.0
2021-07-23 13:00:00,15866.7999,15893.8999,15865.5,15883.7,0.0
2021-07-23 14:00:00,15886.2,15899.7999,15868.2999,15881.7999,0.0
2021-07-23 15:00:00,15881.8999,15882.7,15840.6,15849.7,0.0
2021-07-26 09:00:00,15862.7999,15877.1,15797.0,15855.7999,0.0
2021-07-26 10:00:00,15855.2,15893.2999,15855.2,15873.5,0.0
2021-07-26 11:00:00,15874.7999,15887.1,15841.7,15846.2,0.0
2021-07-26 12:00:00,15846.6,15868.0,15837.2,15857.0,0.0
2021-07-26 13:00:00,15857.2,15871.7999,15843.6,15844.7999,0.0
2021-07-26 14:00:00,15845.5,15868.2,15826.2999,15838.2,0.0
2021-07-26 15:00:00,15839.2,15840.3999,15814.7,15820.3999,0.0
2021-07-27 09:00:00,15860.2999,15881.5,15844.8999,15870.2999,0.0
2021-07-27 10:00:00,15870.8999,15878.6,15849.6,15854.2999,0.0
2021-07-27 11:00:00,15854.0,15855.7,15827.3999,15840.3999,0.0
2021-07-27 12:00:00,15840.8999,15842.7,15747.3999,15750.1,0.0
2021-07-27 13:00:00,15750.1,15777.8999,15700.8999,15729.3999,0.0
2021-07-27 14:00:00,15729.5,15740.2,15708.7,15727.0,0.0
2021-07-27 15:00:00,15728.3999,15753.6,15727.2,15745.8999,0.0
2021-07-28 09:00:00,15767.3999,15770.1,15626.2,15650.7,0.0
2021-07-28 10:00:00,15651.3999,15662.2999,15513.3999,15548.5,0.0
2021-07-28 11:00:00,15548.5,15614.2999,15536.8999,15597.2,0.0
2021-07-28 12:00:00,15597.6,15660.1,15596.5,15642.7999,0.0
2021-07-28 13:00:00,15643.2999,15712.3999,15641.7999,15698.5,0.0
2021-07-28 14:00:00,15699.5,15702.7999,15645.5,15684.6,0.0
2021-07-28 15:00:00,15686.2999,15722.5,15684.5,15713.8999,0.0
2021-07-29 09:00:00,15759.5,15785.8999,15737.7999,15757.0,0.0
2021-07-29 10:00:00,15756.7999,15798.7,15747.1,15795.2,0.0
2021-07-29 11:00:00,15794.8999,15801.7999,15779.0,15782.7999,0.0
2021-07-29 12:00:00,15783.3999,15804.0,15764.7999,15802.7,0.0
2021-07-29 13:00:00,15803.0,15817.2999,15791.5,15815.1,0.0
2021-07-29 14:00:00,15815.3999,15816.2999,15780.1,15790.6,0.0
2021-07-29 15:00:00,15791.3999,15802.8999,15766.7,15783.1,0.0
2021-07-30 09:00:00,15807.2,15820.2,15744.7999,15819.3999,0.0
2021-07-30 10:00:00,15820.2,15823.2,15790.3999,15804.8999,0.0
2021-07-30 11:00:00,15804.2999,15816.7,15792.3999,15809.8999,0.0
2021-07-30 12:00:00,15810.1,15822.7,15801.7,15809.6,0.0
2021-07-30 13:00:00,15808.7,15857.8999,15803.3999,15856.3999,0.0
2021-07-30 14:00:00,15857.0,15862.7999,15779.0,15786.3999,0.0
2021-07-30 15:00:00,15785.8999,15786.7,15745.6,15774.8999,0.0
2021-08-02 09:00:00,15872.6,15878.0,15834.6,15861.0,0.0
2021-08-02 10:00:00,15860.5,15869.8999,15845.5,15863.2999,0.0
2021-08-02 11:00:00,15862.6,15881.3999,15858.2,15870.2,0.0
2021-08-02 12:00:00,15871.0,15883.7,15869.7999,15874.3999,0.0
2021-08-02 13:00:00,15874.7,15889.8999,15859.1,15878.7999,0.0
2021-08-02 14:00:00,15879.3999,15886.8999,15840.3999,15865.7,0.0
2021-08-02 15:00:00,15865.7999,15892.8999,15865.7,15887.7,0.0
2021-08-03 09:00:00,15950.6,15962.1,15914.2999,15958.6,0.0
2021-08-03 10:00:00,15958.5,15982.7,15953.3999,15979.0,0.0
2021-08-03 11:00:00,15979.0,16000.6,15969.6,15990.3999,0.0
2021-08-03 12:00:00,15990.5,16028.7999,15989.7999,16026.2999,0.0
2021-08-03 13:00:00,16026.1,16044.7999,16024.7999,16041.2,0.0
2021-08-03 14:00:00,16040.6,16106.6,16028.2999,16097.2999,0.0
2021-08-03 15:00:00,16098.8999,16146.8999,16097.1,16126.2999,0.0
2021-08-04 09:00:00,16191.2,16259.7,16176.1,16258.2999,0.0
2021-08-04 10:00:00,16258.2999,16290.2,16244.2999,16284.2,0.0
2021-08-04 11:00:00,16284.1,16286.2,16203.5,16213.2999,0.0
2021-08-04 12:00:00,16214.0,16267.1,16211.7,16228.7,0.0
2021-08-04 13:00:00,16229.3999,16271.6,16218.7,16270.5,0.0
2021-08-04 14:00:00,16269.7999,16285.7999,16246.8999,16254.5,0.0
2021-08-04 15:00:00,16254.7,16269.1,16245.1,16253.8999,0.0
2021-08-05 09:00:00,16288.7999,16294.6,16210.2999,16262.5,0.0
2021-08-05 10:00:00,16262.7,16263.7999,16219.2,16240.8999,0.0
2021-08-05 11:00:00,16241.2999,16270.6,16237.1,16264.5,0.0
2021-08-05 12:00:00,16264.8999,16335.2999,16253.2999,16312.2,0.0
2021-08-05 13:00:00,16312.5,16337.6,16304.2999,16321.1,0.0
2021-08-05 14:00:00,16322.2999,16349.3999,16303.7999,16314.7,0.0
2021-08-05 15:00:00,16315.3999,16325.5,16275.2999,16283.2999,0.0
2021-08-06 09:00:00,16301.6,16327.3999,16274.7999,16303.0,0.0
2021-08-06 10:00:00,16303.2,16336.7,16235.5,16253.8999,0.0
2021-08-06 11:00:00,16254.2,16287.2,16239.8999,16271.7,0.0
2021-08-06 12:00:00,16271.7,16286.2999,16246.7,16247.6,0.0
2021-08-06 13:00:00,16248.1,16274.2,16241.2,16249.7999,0.0
2021-08-06 14:00:00,16251.5,16273.5,16243.5,16246.1,0.0
2021-08-06 15:00:00,16245.7,16256.8999,16223.2999,16252.7,0.0
2021-08-07 10:00:00,16238.2002,16238.2002,16238.2002,16238.2002,0.0
2021-08-07 11:00:00,16238.2002,17390.25,16238.2002,16888.9004,0.0
2021-08-07 12:00:00,16901.9004,17886.8496,15580.2998,16433.6504,0.0
2021-08-07 13:00:00,16371.7002,17721.9004,16347.5,16811.5508,0.0
2021-08-07 14:00:00,16779.4492,17457.0996,16609.8496,17457.0996,0.0
2021-08-07 15:00:00,17457.0996,17490.0996,16541.3496,16848.4492,0.0
2021-08-09 09:00:00,16284.7,16320.7,16246.3999,16312.3999,0.0
2021-08-09 10:00:00,16312.2999,16317.1,16271.2,16284.3999,0.0
2021-08-09 11:00:00,16284.5,16299.8999,16250.1,16253.7,0.0
2021-08-09 12:00:00,16253.8999,16265.2,16227.8999,16246.2998,0.0
2021-08-09 13:00:00,16243.7999,16252.8999,16179.0,16206.7999,0.0
2021-08-09 14:00:00,16207.7999,16246.2999,16206.2,16222.5,0.0
2021-08-09 15:00:00,16222.7999,16270.6,16222.2999,16253.0,0.0
2021-08-10 09:00:00,16278.7,16329.7,16261.0,16315.2999,0.0
2021-08-10 10:00:00,16314.7999,16354.1,16300.0,16347.0,0.0
2021-08-10 11:00:00,16346.7999,16359.2,16315.7,16356.6,0.0
2021-08-10 12:00:00,16356.8999,16359.2,16323.7,16324.1,0.0
2021-08-10 13:00:00,16324.7999,16343.1,16279.1,16279.2999,0.0
2021-08-10 14:00:00,16279.7,16280.6,16202.2,16272.3999,0.0
2021-08-10 15:00:00,16274.3999,16294.7999,16262.6,16269.6,0.0
2021-08-11 09:00:00,16326.6,16338.7,16220.7999,16238.8999,0.0
2021-08-11 10:00:00,16237.5,16250.7999,16182.8999,16188.3999,0.0
2021-08-11 11:00:00,16189.0,16210.2999,16162.5,16184.2999,0.0
2021-08-11 12:00:00,16183.7999,16239.7,16175.0,16231.1,0.0
2021-08-11 13:00:00,16232.1,16273.7,16223.7,16261.6,0.0
2021-08-11 14:00:00,16262.5,16263.0,16233.3999,16247.3999,0.0
2021-08-11 15:00:00,16248.7,16291.2999,16247.5,16275.2999,0.0
2021-08-12 09:00:00,16297.8999,16329.7,16286.7999,16316.5,0.0
2021-08-12 10:00:00,16316.2999,16340.2999,16315.7,16331.5,0.0
2021-08-12 11:00:00,16331.1,16352.5,16323.5,16347.2999,0.0
2021-08-12 12:00:00,16347.3999,16363.8999,16336.7,16354.0,0.0
2021-08-12 13:00:00,16354.0,16375.3999,16343.3999,16361.1,0.0
2021-08-12 14:00:00,16362.5,16374.3999,16338.1,16359.8999,0.0
2021-08-12 15:00:00,16359.3999,16374.1,16355.2,16361.2999,0.0
2021-08-13 09:00:00,16384.9,16447.5,16376.2999,16441.9,0.0
2021-08-13 10:00:00,16442.9,16465.4,16429.2,16463.7,0.0
2021-08-13 11:00:00,16464.0999,16500.4,16455.2999,16488.7999,0.0
2021-08-13 12:00:00,16489.7999,16507.2999,16479.1504,16479.5996,0.0
2021-08-13 13:00:00,16492.0999,16506.0999,16467.7999,16499.4,0.0
2021-08-13 14:00:00,16499.2,16538.2,16495.2999,16533.0,0.0
2021-08-13 15:00:00,16533.0,16543.5999,16513.0,16519.5999,0.0
2021-08-16 09:00:00,16518.7999,16550.7,16480.7,16529.7,0.0
2021-08-16 10:00:00,16530.5999,16549.4,16515.0999,16532.4,0.0
2021-08-16 11:00:00,16532.9,16585.4,16532.4,16556.2,0.0
2021-08-16 12:00:00,16556.2,16573.5999,16529.5999,16556.7,0.0
2021-08-16 13:00:00,16555.7,16572.9,16550.2,16571.4,0.0
2021-08-16 14:00:00,16572.5,16589.4,16554.2,16573.0999,0.0
2021-08-16 15:00:00,16573.7,16579.9,16540.0999,16546.7999,0.0
2021-08-17 09:00:00,16544.0,16591.4,16516.5,16538.0,0.0
2021-08-17 10:00:00,16538.0,16584.7,16537.0,16576.5,0.0
2021-08-17 11:00:00,16577.0999,16587.2,16541.4,16542.5999,0.0
2021-08-17 12:00:00,16540.5999,16546.0999,16495.5,16512.2,0.0
2021-08-17 13:00:00,16511.5999,16572.2999,16495.4,16560.5999,0.0
2021-08-17 14:00:00,16561.0,16586.4,16541.7999,16563.5999,0.0
2021-08-17 15:00:00,16563.7,16628.5,16563.0999,16607.4,0.0
2021-08-18 09:00:00,16681.2,16701.2,16656.0999,16684.7999,0.0
2021-08-18 10:00:00,16685.0999,16701.7999,16672.2,16676.9,0.0
2021-08-18 11:00:00,16676.5,16690.4,16648.5999,16666.0,0.0
2021-08-18 12:00:00,16666.2999,16668.9,16588.7999,16591.7999,0.0
2021-08-18 13:00:00,16592.0,16603.2,16561.5999,16582.4,0.0
2021-08-18 14:00:00,16582.4,16587.5,16535.7999,16562.7,0.0
2021-08-18 15:00:00,16564.0999,16590.5999,16545.0,16552.0,0.0
2021-08-20 09:00:00,16403.0,16509.5,16376.0,16476.0999,0.0
2021-08-20 10:00:00,16475.0999,16486.9,16404.0,16410.2,0.0
2021-08-20 11:00:00,16409.0999,16491.7999,16405.2,16464.2999,0.0
2021-08-20 12:00:00,16464.2,16488.2999,16435.0999,16442.2999,0.0
2021-08-20 13:00:00,16441.9,16469.7999,16424.5999,16436.4,0.0
2021-08-20 14:00:00,16436.5999,16506.5,16435.2999,16465.4,0.0
2021-08-20 15:00:00,16467.9,16490.2,16411.0999,16414.7,0.0
2021-08-21 10:00:00,16450.5,16450.5,16450.5,16450.5,0.0
2021-08-21 11:00:00,16450.5,16450.5,16450.5,16450.5,0.0
2021-08-23 09:00:00,16591.9,16592.5,16497.4,16501.0,0.0
2021-08-23 10:00:00,16500.7,16525.2,16395.7,16443.0999,0.0
2021-08-23 11:00:00,16443.5999,16502.0999,16443.2,16498.4,0.0
2021-08-23 12:00:00,16498.7,16520.0999,16471.2,16487.5999,0.0
2021-08-23 13:00:00,16485.7,16530.2999,16478.2999,16520.5999,0.0
2021-08-23 14:00:00,16522.2,16537.0999,16486.7999,16516.4004,0.0
2021-08-23 15:00:00,16494.7,16518.5999,16484.2999,16487.2999,0.0
2021-08-24 09:00:00,16540.7999,16585.2,16498.7999,16517.5999,0.0
2021-08-24 10:00:00,16517.5,16546.5999,16495.2999,16533.5,0.0
2021-08-24 11:00:00,16532.4,16553.7,16528.4,16546.2999,0.0
2021-08-24 12:00:00,16545.7999,16578.5999,16543.2999,16571.5999,0.0
2021-08-24 13:00:00,16571.5999,16617.7,16559.7,16613.2,0.0
2021-08-24 14:00:00,16614.0999,16642.5,16609.2999,16638.2999,0.0
2021-08-24 15:00:00,16639.2999,16647.0999,16605.2999,16615.2999,0.0
2021-08-25 09:00:00,16658.0,16699.5999,16646.5999,16681.0,0.0
2021-08-25 10:00:00,16682.5999,16698.4,16666.2,16689.5,0.0
2021-08-25 11:00:00,16689.5,16712.4,16629.7,16659.4,0.0
2021-08-25 12:00:00,16659.5999,16681.4,16653.4,16657.2999,0.0
2021-08-25 13:00:00,16657.7,16693.7,16654.0,16675.5999,0.0
2021-08-25 14:00:00,16675.4,16680.5,16617.5,16637.0,0.0
2021-08-25 15:00:00,16636.5,16644.5,16625.7,16636.2,0.0
2021-08-26 09:00:00,16627.2,16674.0,16611.0999,16664.7,0.0
2021-08-26 10:00:00,16664.7,16683.7,16657.4,16667.7999,0.0
2021-08-26 11:00:00,16668.7,16675.5999,16649.7,16660.5999,0.0
2021-08-26 12:00:00,16660.5,16663.5,16603.4,16632.2999,0.0
2021-08-26 13:00:00,16632.2999,16650.5999,16628.2,16639.0999,0.0
2021-08-26 14:00:00,16639.2999,16653.5999,16606.5999,16613.2,0.0
2021-08-26 15:00:00,16614.4,16651.0,16613.7999,16635.0999,0.0
2021-08-27 09:00:00,16634.7,16655.9,16565.5999,16622.5,0.0
2021-08-27 10:00:00,16623.9,16668.0999,16615.9,16652.0,0.0
2021-08-27 11:00:00,16651.7,16694.9,16648.2,16690.7,0.0
2021-08-27 12:00:00,16691.2,16704.5999,16676.7,16697.7,0.0
2021-08-27 13:00:00,16697.7999,16712.5999,16682.0999,16699.9,0.0
2021-08-27 14:00:00,16700.0,16722.0,16685.2999,16700.5999,0.0
2021-08-27 15:00:00,16700.5,16718.2999,16687.2,16691.9,0.0
2021-08-30 09:00:00,16765.0,16852.4,16764.5,16848.9,0.0
2021-08-30 10:00:00,16851.0,16881.2999,16843.0,16857.7999,0.0
2021-08-30 11:00:00,16858.7999,16874.7999,16847.5999,16859.0,0.0
2021-08-30 12:00:00,16859.0,16878.7999,16856.7999,16875.4,0.0
2021-08-30 13:00:00,16875.2,16891.0999,16872.2,16883.5999,0.0
2021-08-30 14:00:00,16883.7999,16916.5999,16879.4,16910.2999,0.0
2021-08-30 15:00:00,16909.5,16951.5,16906.7999,16938.7999,0.0
2021-08-31 09:00:00,16951.2,16995.5,16915.7999,16949.0999,0.0
2021-08-31 10:00:00,16948.7,16994.7999,16936.9,16960.7999,0.0
2021-08-31 11:00:00,16961.9,16988.2999,16953.5999,16983.7,0.0
2021-08-31 12:00:00,16983.9,17035.5,16976.7,17032.2999,0.0
2021-08-31 13:00:00,17032.7,17060.5,16982.2,17053.0,0.0
2021-08-31 14:00:00,17053.2999,17078.5999,17017.0,17070.4,0.0
2021-08-31 15:00:00,17069.5,17153.4,17069.4,17129.9,0.0
2021-09-01 09:00:00,17188.7999,17222.7999,17148.0999,17208.7999,0.0
2021-09-01 10:00:00,17209.0999,17225.7,17123.4,17130.0,0.0
2021-09-01 11:00:00,17129.9,17143.2,17085.0999,17087.7999,0.0
2021-09-01 12:00:00,17088.4,17133.7999,17075.5,17129.4,0.0
2021-09-01 13:00:00,17129.2999,17147.5999,17095.9,17143.7999,0.0
2021-09-01 14:00:00,17143.4,17144.4,17084.5,17096.7,0.0
2021-09-01 15:00:00,17096.9,17112.2,17055.0,17059.4,0.0
2021-09-02 09:00:00,17095.9,17132.2999,17059.7,17124.9,0.0
2021-09-02 10:00:00,17125.0,17143.2999,17108.2,17140.9,0.0
2021-09-02 11:00:00,17141.0,17177.9,17135.7,17172.2999,0.0
2021-09-02 12:00:00,17172.2999,17191.9,17150.0,17185.9,0.0
2021-09-02 13:00:00,17186.2999,17201.7999,17166.0999,17194.2,0.0
2021-09-02 14:00:00,17194.7999,17245.5,17193.2999,17236.5999,0.0
2021-09-02 15:00:00,17237.2999,17243.9,17221.4,17231.9,0.0
2021-09-03 09:00:00,17260.2,17311.9,17254.5,17292.6992,0.0
2021-09-03 10:00:00,17292.2999,17309.9,17230.2,17259.5,0.0
2021-09-03 11:00:00,17258.5999,17269.2999,17212.2,17263.2,0.0
2021-09-03 12:00:00,17261.4,17287.5,17253.7999,17283.0999,0.0
2021-09-03 13:00:00,17283.2999,17321.2999,17270.7999,17283.5,0.0
2021-09-03 14:00:00,17283.0999,17296.0999,17228.0,17286.7,0.0
2021-09-03 15:00:00,17287.0,17340.0999,17286.0,17320.5,0.0
2021-09-06 09:00:00,17402.5999,17429.5,17379.5,17394.7999,0.0
2021-09-06 10:00:00,17395.4,17416.0,17349.2,17362.5999,0.0
2021-09-06 11:00:00,17361.9,17381.9,17345.5,17371.4,0.0
2021-09-06 12:00:00,17371.2999,17379.5999,17359.5,17368.6504,0.0
2021-09-06 13:00:00,17370.9,17398.0,17360.2999,17360.7,0.0
2021-09-06 14:00:00,17361.0999,17390.0999,17356.5,17380.0,0.0
2021-09-06 15:00:00,17379.7999,17393.5,17367.4,17376.4,0.0
2021-09-07 09:00:00,17407.9,17425.0999,17342.7,17352.0999,0.0
2021-09-07 10:00:00,17351.7,17353.4,17287.0,17325.7,0.0
2021-09-07 11:00:00,17325.5999,17353.7999,17315.7999,17349.4,0.0
2021-09-07 12:00:00,17350.0999,17436.5,17344.0,17416.0,0.0
2021-09-07 13:00:00,17416.4,17432.7,17392.2,17394.0,0.0
2021-09-07 14:00:00,17394.0,17420.5,17346.2,17381.5999,0.0
2021-09-07 15:00:00,17383.0999,17394.7999,17345.0999,17357.0999,0.0
2021-09-08 09:00:00,17379.0,17383.2999,17324.0,17366.4,0.0
2021-09-08 10:00:00,17367.0999,17376.5999,17327.2,17361.5999,0.0
2021-09-08 11:00:00,17362.4,17371.5,17348.0,17362.0,0.0
2021-09-08 12:00:00,17362.2,17374.4,17283.2,17289.2999,0.0
2021-09-08 13:00:00,17289.7,17314.9,17254.2,17295.0,0.0
2021-09-08 14:00:00,17294.7999,17333.0999,17294.7,17323.4,0.0
2021-09-08 15:00:00,17322.7,17374.5,17322.0999,17366.0,0.0
2021-09-09 09:00:00,17312.0,17353.7,17307.0,17319.4,0.0
2021-09-09 10:00:00,17319.5999,17369.0999,17316.7,17365.0999,0.0
2021-09-09 11:00:00,17363.7,17367.7999,17336.5999,17357.0999,0.0
2021-09-09 12:00:00,17357.4,17358.2,17302.7,17325.0999,0.0
2021-09-09 13:00:00,17325.2,17354.4,17307.2999,17340.4,0.0
2021-09-09 14:00:00,17341.4,17351.0,17320.7,17338.7999,0.0
2021-09-09 15:00:00,17340.9,17379.5999,17339.2999,17358.0,0.0
2021-09-13 09:00:00,17362.7999,17375.4,17297.2999,17308.2,0.0
2021-09-13 10:00:00,17307.5,17320.5,17269.0999,17313.7999,0.0
2021-09-13 11:00:00,17314.4,17335.2999,17306.5999,17327.1992,0.0
2021-09-13 12:00:00,17325.9,17371.9,17324.7999,17359.9,0.0
2021-09-13 13:00:00,17360.0,17371.0999,17343.5999,17362.9,0.0
2021-09-13 14:00:00,17362.7,17378.2999,17334.5999,17339.0999,0.0
2021-09-13 15:00:00,17339.2999,17364.0,17338.5999,17350.7999,0.0
2021-09-14 09:00:00,17418.2,17438.5,17389.0999,17414.1992,0.0
2021-09-14 10:00:00,17417.2,17432.2999,17405.0,17428.5999,0.0
2021-09-14 11:00:00,17428.2999,17432.7999,17403.0999,17420.5999,0.0
2021-09-14 12:00:00,17421.7,17423.7,17392.5999,17396.2999,0.0
2021-09-14 13:00:00,17395.2999,17405.4,17371.2999,17381.9,0.0
2021-09-14 14:00:00,17382.9,17397.7999,17367.0,17379.9,0.0
2021-09-14 15:00:00,17380.0999,17388.5999,17372.0999,17381.5999,0.0
2021-09-15 09:00:00,17389.7,17439.25,17386.9,17438.5,0.0
2021-09-15 10:00:00,17437.5,17463.2999,17435.7999,17441.5,0.0
2021-09-15 11:00:00,17441.4,17476.2,17440.5,17469.5999,0.0
2021-09-15 12:00:00,17469.7,17488.9,17450.9,17483.5,0.0
2021-09-15 13:00:00,17485.0,17515.7999,17474.9,17501.0999,0.0
2021-09-15 14:00:00,17502.4,17532.5999,17500.5999,17524.4,0.0
2021-09-15 15:00:00,17523.9,17531.0999,17509.7999,17517.7999,0.0
2021-09-16 09:00:00,17548.0999,17576.9,17511.5,17520.7999,0.0
2021-09-16 10:00:00,17520.7,17567.5999,17510.4,17548.7,0.0
2021-09-16 11:00:00,17549.0,17564.5999,17529.2999,17560.5999,0.0
2021-09-16 12:00:00,17560.9,17597.7999,17548.4,17575.0,0.0
2021-09-16 13:00:00,17574.4,17603.7999,17567.0999,17598.7999,0.0
2021-09-16 14:00:00,17600.2999,17642.2999,17594.0,17640.4,0.0
2021-09-16 15:00:00,17640.0,17644.5999,17616.0999,17627.7,0.0
2021-09-17 09:00:00,17707.2,17755.75,17691.0,17755.6992,0.0
2021-09-17 10:00:00,17747.9,17792.2,17736.4,17784.5999,0.0
2021-09-17 11:00:00,17785.5999,17792.9,17647.5,17661.7999,0.0
2021-09-17 12:00:00,17660.9,17669.4,17587.7999,17629.0999,0.0
2021-09-17 13:00:00,17630.5,17662.0,17604.2999,17658.2999,0.0
2021-09-17 14:00:00,17658.2999,17659.2,17537.5999,17612.7999,0.0
2021-09-17 15:00:00,17612.9,17634.7999,17564.7999,17601.9,0.0
2021-09-20 09:00:00,17447.9,17544.4,17425.2999,17534.7,0.0
2021-09-20 10:00:00,17535.2999,17598.9,17532.7,17587.9,0.0
2021-09-20 11:00:00,17588.5,17622.7,17548.5,17555.5999,0.0
2021-09-20 12:00:00,17556.2999,17556.4,17499.2,17521.5,0.0
2021-09-20 13:00:00,17521.0999,17554.4,17480.2999,17491.7999,0.0
2021-09-20 14:00:00,17491.2999,17505.5,17423.2,17433.7,0.0
2021-09-20 15:00:00,17434.2,17438.2,17361.7,17371.5,0.0
2021-09-21 09:00:00,17455.5999,17481.0999,17390.5,17419.2,0.0
2021-09-21 10:00:00,17420.0999,17427.0,17356.2,17367.7,0.0
2021-09-21 11:00:00,17367.0,17414.7,17326.0999,17411.7,0.0
2021-09-21 12:00:00,17411.7,17444.2999,17367.0,17437.7,0.0
2021-09-21 13:00:00,17439.9,17503.9,17426.7999,17456.7999,0.0
2021-09-21 14:00:00,17457.9,17548.2,17456.2,17543.7,0.0
2021-09-21 15:00:00,17543.5999,17578.2999,17541.7,17566.2999,0.0
2021-09-22 09:00:00,17578.9,17601.0999,17528.9,17584.0,0.0
2021-09-22 10:00:00,17583.5999,17609.7,17566.7999,17602.0999,0.0
2021-09-22 11:00:00,17602.0,17610.4,17524.0,17572.0999,0.0
2021-09-22 12:00:00,17573.2999,17599.9,17557.7,17598.9,0.0
2021-09-22 13:00:00,17599.2,17609.7999,17558.7,17570.5999,0.0
2021-09-22 14:00:00,17570.4,17601.5,17539.2,17578.9,0.0
2021-09-22 15:00:00,17580.4,17581.0,17532.4,17548.4,0.0
2021-09-23 09:00:00,17677.5,17704.7999,17646.5,17702.5999,0.0
2021-09-23 10:00:00,17702.7999,17732.9,17701.5999,17728.2999,0.0
2021-09-23 11:00:00,17728.2999,17741.4,17718.5999,17738.2,0.0
2021-09-23 12:00:00,17737.7999,17782.2999,17737.7999,17773.7999,0.0
2021-09-23 13:00:00,17775.7999,17784.4,17742.5,17769.2999,0.0
2021-09-23 14:00:00,17770.2999,17824.5,17767.0999,17792.5999,0.0
2021-09-23 15:00:00,17796.2999,17843.9,17792.0,17828.7999,0.0
2021-09-24 09:00:00,17898.2999,17947.5999,17860.7,17866.2999,0.0
2021-09-24 10:00:00,17864.5999,17939.9,17857.5,17923.2999,0.0
2021-09-24 11:00:00,17923.2999,17941.0999,17868.2999,17877.4,0.0
2021-09-24 12:00:00,17878.2,17898.0999,17842.9,17895.2,0.0
2021-09-24 13:00:00,17895.9,17896.7,17819.4,17852.0,0.0
2021-09-24 14:00:00,17852.2,17882.0999,17827.2,17862.7,0.0
2021-09-24 15:00:00,17862.9,17878.2999,17833.2999,17841.2999,0.0
2021-09-27 09:00:00,17935.7,17943.5,17886.7,17888.2999,0.0
2021-09-27 10:00:00,17888.9,17899.0999,17822.2,17856.0,0.0
2021-09-27 11:00:00,17857.0,17861.7,17802.9,17847.4,0.0
2021-09-27 12:00:00,17848.2999,17885.2,17845.5,17872.2999,0.0
2021-09-27 13:00:00,17872.5,17896.9,17871.9,17887.0999,0.0
2021-09-27 14:00:00,17887.0,17890.4,17824.7,17848.0999,0.0
2021-09-27 15:00:00,17848.0,17873.2,17843.0,17857.2,0.0
2021-09-28 09:00:00,17906.0999,17912.7999,17814.7,17881.2999,0.0
2021-09-28 10:00:00,17881.0,17885.2,17805.0,17811.5999,0.0
2021-09-28 11:00:00,17812.0,17829.0999,17751.5,17751.7,0.0
2021-09-28 12:00:00,17751.5999,17759.4,17656.4,17661.9,0.0
2021-09-28 13:00:00,17662.7,17689.2999,17616.0,17636.2999,0.0
2021-09-28 14:00:00,17637.7,17726.7999,17576.0999,17725.0,0.0
2021-09-28 15:00:00,17725.7999,17780.0999,17713.9,17730.9,0.0
2021-09-29 09:00:00,17656.0,17684.0,17608.0999,17671.5,0.0
2021-09-29 10:00:00,17672.4,17689.2999,17612.2,17640.0,0.0
2021-09-29 11:00:00,17639.5999,17680.7999,17629.2999,17662.5,0.0
2021-09-29 12:00:00,17662.2999,17673.5999,17637.9,17663.0999,0.0
2021-09-29 13:00:00,17663.0999,17723.4,17660.9,17715.0999,0.0
2021-09-29 14:00:00,17714.5999,17781.7,17702.7999,17726.2999,0.0
2021-09-29 15:00:00,17728.7999,17748.7,17692.7,17709.7999,0.0
2021-09-30 09:00:00,17718.7999,17739.9,17658.4,17710.2,0.0
2021-09-30 10:00:00,17711.2,17714.0,17674.0,17695.2,0.0
2021-09-30 11:00:00,17695.0999,17733.2999,17684.2,17723.2,0.0
2021-09-30 12:00:00,17723.7999,17742.0999,17630.5999,17678.0,0.0
2021-09-30 13:00:00,17678.0,17688.5999,17604.5999,17671.5999,0.0
2021-09-30 14:00:00,17672.0,17673.0999,17590.9,17637.5,0.0
2021-09-30 15:00:00,17636.7999,17642.7,17585.2999,17607.5,0.0
2021-10-01 09:00:00,17530.3496,17530.3496,17453.1504,17482.9492,0.0
2021-10-01 10:00:00,17483.3008,17547.5,17476.25,17544.6504,0.0
2021-10-01 11:00:00,17544.75,17551.8496,17474.0996,17480.5,0.0
2021-10-01 12:00:00,17480.8496,17500.25,17457.4004,17497.9492,0.0
2021-10-01 13:00:00,17497.75,17520.75,17482.3008,17498.1992,0.0
2021-10-01 14:00:00,17498.6504,17536.25,17492.1992,17523.9492,0.0
2021-10-01 15:00:00,17523.9492,17556.9492,17516.25,17526.3496,0.0
2021-10-04 09:00:00,17610.3008,17708.6992,17584.9004,17705.4004,0.0
2021-10-04 10:00:00,17705.0996,17750.0996,17693.3008,17746.5996,0.0
2021-10-04 11:00:00,17746.8008,17748.3496,17682.8008,17700.8496,0.0
2021-10-04 12:00:00,17700.6992,17708.75,17647.8008,17670.5508,0.0
2021-10-04 13:00:00,17671.5,17716.25,17659.3496,17712.1992,0.0
2021-10-04 14:00:00,17712.25,17716.3496,17679.6992,17696.0508,0.0
2021-10-04 15:00:00,17695.6504,17703.6504,17681.1992,17699.8496,0.0
2021-10-05 09:00:00,17660.8496,17696.25,17643.3008,17659.5996,0.0
2021-10-05 10:00:00,17660.0508,17707.9004,17651.5996,17689.4004,0.0
2021-10-05 11:00:00,17689.0996,17705.8008,17675.4492,17683.9004,0.0
2021-10-05 12:00:00,17683.8496,17762.0508,17683.8496,17759.3496,0.0
2021-10-05 13:00:00,17758.6504,17774.5,17739.0,17757.6992,0.0
2021-10-05 14:00:00,17757.6992,17829.8496,17757.6992,17822.9492,0.0
2021-10-05 15:00:00,17821.6504,17833.0508,17808.5,17829.3008,0.0
2021-10-06 09:00:00,17856.6504,17884.5,17833.8008,17863.6992,0.0
2021-10-06 10:00:00,17862.5996,17865.5,17777.6504,17827.6992,0.0
2021-10-06 11:00:00,17827.9492,17855.8496,17810.3496,17851.8008,0.0
2021-10-06 12:00:00,17851.25,17878.25,17814.0996,17831.4492,0.0
2021-10-06 13:00:00,17831.75,17833.6992,17715.4492,17757.9492,0.0
2021-10-06 14:00:00,17758.1504,17785.6504,17636.8496,17648.25,0.0
2021-10-06 15:00:00,17648.0996,17694.0996,17614.8496,17626.4492,0.0
2021-10-07 09:00:00,17802.75,17827.9004,17766.0508,17811.8496,0.0
2021-10-07 10:00:00,17811.9492,17820.1504,17789.1992,17804.5,0.0
2021-10-07 11:00:00,17805.5,17841.5996,17790.4004,17841.5996,0.0
2021-10-07 12:00:00,17841.4492,17855.0508,17827.0508,17835.4004,0.0
2021-10-07 13:00:00,17835.0508,17857.5,17817.6504,17847.5996,0.0
2021-10-07 14:00:00,17847.3496,17854.5996,17792.0996,17808.5996,0.0
2021-10-07 15:00:00,17809.5508,17810.25,17780.5508,17797.1504,0.0
2021-10-08 09:00:00,17887.5,17905.6504,17848.25,17887.4004,0.0
2021-10-08 10:00:00,17887.3496,17941.5,17867.6992,17918.3496,0.0
2021-10-08 11:00:00,17918.3496,17925.9004,17885.5508,17901.6992,0.0
2021-10-08 12:00:00,17901.5,17913.75,17840.5,17889.3008,0.0
2021-10-08 13:00:00,17890.0508,17910.6504,17867.0,17891.6504,0.0
2021-10-08 14:00:00,17891.3008,17935.6504,17891.3008,17911.4004,0.0
2021-10-08 15:00:00,17910.1504,17911.8496,17886.4492,17907.5,0.0
2021-10-11 09:00:00,17855.0,17975.3008,17843.9004,17970.1992,0.0
2021-10-11 10:00:00,17970.1504,18000.0508,17961.8008,17986.5996,0.0
2021-10-11 11:00:00,17986.75,18031.3496,17985.0996,17991.9492,0.0
2021-10-11 12:00:00,17992.0996,18037.1504,17975.5996,18028.8496,0.0
2021-10-11 13:00:00,18028.5996,18041.1992,17991.8496,17992.1992,0.0
2021-10-11 14:00:00,17991.6992,18015.8496,17974.5508,17978.5996,0.0
2021-10-11 15:00:00,17978.9492,17980.5,17930.9004,17953.6992,0.0
2021-10-12 09:00:00,17922.0,17995.75,17914.3496,17961.5996,0.0
2021-10-12 10:00:00,17962.3008,17972.4492,17887.6504,17917.3496,0.0
2021-10-12 11:00:00,17916.8008,17938.5996,17865.5996,17887.4492,0.0
2021-10-12 12:00:00,17887.9004,17942.4492,17883.0508,17912.25,0.0
2021-10-12 13:00:00,17911.6504,17941.1504,17902.25,17931.1504,0.0
2021-10-12 14:00:00,17931.4004,17986.0996,17930.5996,17968.6504,0.0
2021-10-12 15:00:00,17968.9004,18005.5508,17968.9004,18005.3496,0.0
2021-10-13 09:00:00,18088.25,18128.0996,18053.9004,18117.6992,0.0
2021-10-13 10:00:00,18116.8008,18132.5,18101.5996,18125.75,0.0
2021-10-13 11:00:00,18127.25,18147.0508,18106.9004,18137.1504,0.0
2021-10-13 12:00:00,18137.0,18162.1504,18130.0996,18161.0996,0.0
2021-10-13 13:00:00,18161.0996,18197.6992,18147.4004,18190.5508,0.0
2021-10-13 14:00:00,18191.4492,18194.9004,18156.6992,18181.5508,0.0
2021-10-13 15:00:00,18180.6992,18182.4492,18150.6504,18165.75,0.0
2021-10-14 09:00:00,18280.9492,18293.5996,18255.0508,18286.75,0.0
2021-10-14 10:00:00,18285.9492,18289.75,18263.8008,18286.1992,0.0
2021-10-14 11:00:00,18286.8496,18322.3008,18284.9492,18311.3496,0.0
2021-10-14 12:00:00,18310.0,18314.75,18281.6992,18284.5996,0.0
2021-10-14 13:00:00,18284.8008,18308.75,18249.1504,18294.8496,0.0
2021-10-14 14:00:00,18294.0,18334.6992,18293.0996,18330.3008,0.0
2021-10-14 15:00:00,18330.6504,18350.1992,18324.8496,18339.0508,0.0
2021-10-18 09:00:00,18475.4004,18520.3496,18447.0,18464.25,0.0
2021-10-18 10:00:00,18464.5996,18523.5508,18462.0,18499.5,0.0
2021-10-18 11:00:00,18499.9492,18512.8008,18487.6504,18500.9492,0.0
2021-10-18 12:00:00,18500.9492,18542.6504,18494.1504,18507.75,0.0
2021-10-18 13:00:00,18507.5,18520.1504,18466.9492,18514.0996,0.0
2021-10-18 14:00:00,18512.5996,18534.3496,18478.75,18494.5508,0.0
2021-10-18 15:00:00,18495.1504,18504.75,18461.3496,18476.25,0.0
2021-10-19 09:00:00,18585.3008,18594.8496,18535.1992,18557.8496,0.0
2021-10-19 10:00:00,18557.5508,18559.5,18400.5508,18542.0996,0.0
2021-10-19 11:00:00,18541.6992,18576.0,18529.1992,18565.6504,0.0
2021-10-19 12:00:00,18565.25,18590.9492,18551.3496,18584.5508,0.0
2021-10-19 13:00:00,18585.4492,18590.9492,18558.4492,18559.6992,0.0
2021-10-19 14:00:00,18559.25,18559.5508,18461.6504,18485.5,0.0
2021-10-19 15:00:00,18486.8496,18489.75,18378.1504,18427.25,0.0
2021-10-20 09:00:00,18445.8496,18455.3008,18327.4004,18416.6504,0.0
2021-10-20 10:00:00,18415.5508,18456.9004,18377.0996,18389.0508,0.0
2021-10-20 11:00:00,18390.1992,18424.8008,18319.75,18333.75,0.0
2021-10-20 12:00:00,18333.8496,18343.3496,18278.75,18318.5508,0.0
2021-10-20 13:00:00,18318.3496,18364.25,18252.4004,18279.3496,0.0
2021-10-20 14:00:00,18279.5,18286.25,18209.8008,18260.5996,0.0
2021-10-20 15:00:00,18259.8008,18286.3008,18250.75,18282.75,0.0
2021-10-21 09:00:00,18374.9004,18374.9004,18247.6992,18277.8008,0.0
2021-10-21 10:00:00,18278.9004,18286.8008,18142.4492,18143.0996,0.0
2021-10-21 11:00:00,18143.6504,18193.9492,18107.3496,18159.4004,0.0
2021-10-21 12:00:00,18160.75,18181.1504,18112.8008,18171.1504,0.0
2021-10-21 13:00:00,18171.1992,18178.25,18073.1504,18096.3496,0.0
2021-10-21 14:00:00,18095.8008,18174.8008,18048.75,18174.8008,0.0
2021-10-21 15:00:00,18177.1992,18222.3496,18123.9004,18219.5996,0.0
2021-10-22 09:00:00,18232.25,18313.3496,18206.1504,18259.9004,0.0
2021-10-22 10:00:00,18259.75,18290.75,18229.6504,18253.8496,0.0
2021-10-22 11:00:00,18254.4004,18287.4004,18159.25,18180.9492,0.0
2021-10-22 12:00:00,18180.1992,18194.8008,18110.75,18111.8008,0.0
2021-10-22 13:00:00,18110.6992,18120.3496,18062.0,18092.4004,0.0
2021-10-22 14:00:00,18090.75,18149.5996,18035.0508,18101.6992,0.0
2021-10-22 15:00:00,18100.9004,18139.0996,18091.75,18111.5,0.0
2021-10-25 09:00:00,18236.6504,18236.6504,17974.5508,17985.1992,0.0
2021-10-25 10:00:00,17984.0996,18108.6504,17970.3008,18107.0508,0.0
2021-10-25 11:00:00,18109.1504,18175.5996,18090.4492,18168.8496,0.0
2021-10-25 12:00:00,18169.0508,18221.5508,18119.0508,18146.6992,0.0
2021-10-25 13:00:00,18146.6504,18189.8496,18121.9004,18154.0996,0.0
2021-10-25 14:00:00,18154.25,18167.0996,18063.0,18132.6504,0.0
2021-10-25 15:00:00,18133.5508,18140.9492,18106.25,18136.5,0.0
2021-10-26 09:00:00,18158.6504,18264.6992,18158.6504,18259.3008,0.0
2021-10-26 10:00:00,18259.6504,18265.0,18118.9004,18150.0,0.0
2021-10-26 11:00:00,18150.8008,18169.4004,18100.3008,18136.6504,0.0
2021-10-26 12:00:00,18136.3496,18189.3496,18108.9004,18172.8008,0.0
2021-10-26 13:00:00,18172.5,18236.0508,18152.4492,18225.8496,0.0
2021-10-26 14:00:00,18225.25,18257.75,18204.5996,18242.75,0.0
2021-10-26 15:00:00,18242.9492,18308.9492,18229.1992,18308.9492,0.0
2021-10-27 09:00:00,18297.0508,18330.75,18260.1504,18313.8496,0.0
2021-10-27 10:00:00,18314.5508,18316.9004,18267.5508,18295.8008,0.0
2021-10-27 11:00:00,18296.0996,18340.75,18294.75,18328.6504,0.0
2021-10-27 12:00:00,18328.6504,18330.8008,18289.4492,18293.6992,0.0
2021-10-27 13:00:00,18294.1992,18323.9492,18292.6504,18313.8496,0.0
2021-10-27 14:00:00,18313.4492,18321.1992,18202.1992,18249.1504,0.0
2021-10-27 15:00:00,18249.5,18250.1992,18168.0996,18181.5,0.0
2021-10-28 09:00:00,18185.0508,18185.0508,18054.8008,18066.6992,0.0
2021-10-28 10:00:00,18066.5,18103.3496,18017.1992,18022.1504,0.0
2021-10-28 11:00:00,18022.6992,18085.75,18003.8008,18076.25,0.0
2021-10-28 12:00:00,18075.6992,18077.4492,17985.1504,18031.75,0.0
2021-10-28 13:00:00,18032.3496,18047.8008,17943.25,17947.9492,0.0
2021-10-28 14:00:00,17947.4492,17966.5508,17861.3008,17900.8008,0.0
2021-10-28 15:00:00,17900.8008,17924.75,17799.8008,17862.9004,0.0
2021-10-29 09:00:00,17827.8008,17864.3496,17615.8496,17815.0508,0.0
2021-10-29 10:00:00,17813.9492,17913.9492,17774.3008,17894.6504,0.0
2021-10-29 11:00:00,17894.4004,17915.3008,17822.8008,17831.4004,0.0
2021-10-29 12:00:00,17831.5996,17848.5508,17774.5508,17805.6992,0.0
2021-10-29 13:00:00,17805.25,17825.5508,17700.6504,17719.9004,0.0
2021-10-29 14:00:00,17719.8008,17765.1992,17615.3008,17741.5996,0.0
2021-10-29 15:00:00,17740.75,17742.0,17634.6504,17708.8008,0.0
2021-11-01 09:00:00,17772.75,17833.3008,17699.0,17810.9492,0.0
2021-11-01 10:00:00,17811.0996,17821.0,17701.6992,17740.25,0.0
2021-11-01 11:00:00,17740.5508,17772.4004,17721.8496,17768.5996,0.0
2021-11-01 12:00:00,17769.0,17806.0,17756.8496,17792.0,0.0
2021-11-01 13:00:00,17791.5,17916.25,17780.75,17908.25,0.0
2021-11-01 14:00:00,17908.0,17952.9004,17882.9004,17923.0508,0.0
2021-11-01 15:00:00,17922.4492,17949.8496,17903.0996,17945.25,0.0
2021-11-02 09:00:00,17985.1992,18010.8496,17925.6992,17945.9004,0.0
2021-11-02 10:00:00,17944.4004,17961.1504,17872.5,17884.9004,0.0
2021-11-02 11:00:00,17885.0,17957.6992,17878.3496,17941.25,0.0
2021-11-02 12:00:00,17941.3496,17956.3008,17881.75,17896.9492,0.0
2021-11-02 13:00:00,17897.0996,17940.8008,17858.0996,17872.0996,0.0
2021-11-02 14:00:00,17870.3496,17932.9492,17848.3008,17897.3008,0.0
2021-11-02 15:00:00,17896.6992,17905.0996,17873.1992,17889.1504,0.0
2021-11-03 09:00:00,17946.5996,17987.9004,17941.5508,17962.1992,0.0
2021-11-03 10:00:00,17963.75,17973.3496,17948.0,17965.75,0.0
2021-11-03 11:00:00,17965.4004,17979.1992,17918.0,17918.6504,0.0
2021-11-03 12:00:00,17919.1504,17919.6992,17854.8496,17864.5508,0.0
2021-11-03 13:00:00,17864.8008,17894.6504,17792.5,17877.0508,0.0
2021-11-03 14:00:00,17878.0996,17906.3008,17758.25,17797.9492,0.0
2021-11-03 15:00:00,17797.75,17851.5,17797.75,17833.0,0.0
2021-11-04 14:00:00,17829.1992,17829.1992,17829.1992,17829.1992,0.0
2021-11-04 15:00:00,17829.1992,17829.1992,17829.1992,17829.1992,0.0
2021-11-08 09:00:00,18011.5508,18011.5508,17838.0,17864.8008,0.0
2021-11-08 10:00:00,17865.3008,17906.25,17836.4004,17888.75,0.0
2021-11-08 11:00:00,17889.8008,17927.0508,17860.9492,17911.0508,0.0
2021-11-08 12:00:00,17910.5,18025.6992,17910.5,18013.0,0.0
2021-11-08 13:00:00,18012.75,18064.6504,18003.4004,18054.4004,0.0
2021-11-08 14:00:00,18053.8008,18079.3008,18038.5996,18062.9492,0.0
2021-11-08 15:00:00,18064.1992,18087.4004,18045.9492,18080.6992,0.0
2021-11-09 09:00:00,18084.3496,18112.0996,18040.9492,18060.5,0.0
2021-11-09 10:00:00,18060.5996,18074.3496,18015.8008,18037.5,0.0
2021-11-09 11:00:00,18037.4492,18066.8496,18021.5996,18057.4492,0.0
2021-11-09 12:00:00,18057.75,18063.0,18014.9492,18051.5996,0.0
2021-11-09 13:00:00,18051.3496,18071.8008,17983.0996,18023.1504,0.0
2021-11-09 14:00:00,18022.5996,18052.8008,17991.3496,18004.5,0.0
2021-11-09 15:00:00,18005.1504,18064.5508,18005.1504,18050.8496,0.0
2021-11-10 09:00:00,17968.1992,17968.1992,17915.0996,17941.6504,0.0
2021-11-10 10:00:00,17941.5508,17969.3008,17937.4004,17953.0,0.0
2021-11-10 11:00:00,17952.0,17971.5508,17944.0,17953.0508,0.0
2021-11-10 12:00:00,17952.8008,17989.3008,17947.5996,17954.6992,0.0
2021-11-10 13:00:00,17953.5,18049.4004,17953.5,18035.5996,0.0
2021-11-10 14:00:00,18035.3496,18060.9492,17996.25,18011.5508,0.0
2021-11-10 15:00:00,18011.8008,18031.8496,17999.8008,18011.9492,0.0
2021-11-11 09:00:00,17962.5508,17962.5508,17911.0996,17922.9492,0.0
2021-11-11 10:00:00,17922.5508,17923.25,17827.6504,17856.6504,0.0
2021-11-11 11:00:00,17856.3008,17884.4492,17839.5,17880.75,0.0
2021-11-11 12:00:00,17881.1504,17888.0,17828.4492,17868.0996,0.0
2021-11-11 13:00:00,17868.6504,17893.4004,17843.8496,17851.5508,0.0
2021-11-11 14:00:00,17851.6992,17861.9004,17799.5,17846.3496,0.0
2021-11-11 15:00:00,17846.0508,17894.4492,17846.0508,17885.6504,0.0
2021-11-12 09:00:00,17967.9004,18000.5,17948.25,17978.6504,0.0
2021-11-12 10:00:00,17978.6992,17984.0996,17906.0,17926.6504,0.0
2021-11-12 11:00:00,17926.9004,17973.9492,17919.4492,17968.1504,0.0
2021-11-12 12:00:00,17968.0508,18004.8008,17953.75,17994.0996,0.0
2021-11-12 13:00:00,17994.0508,18067.1504,17992.6504,18058.8008,0.0
2021-11-12 14:00:00,18058.4004,18122.5,18045.9492,18104.0996,0.0
2021-11-12 15:00:00,18104.3008,18115.1992,18088.5,18098.6504,0.0
2021-11-13 09:00:00,18102.75,18102.75,18102.75,18102.75,0.0
2021-11-13 10:00:00,18102.75,18102.75,18102.75,18102.75,0.0
2021-11-13 11:00:00,18102.75,18775.75,17955.5996,18396.0508,0.0
2021-11-13 12:00:00,18420.1504,19950.5996,18231.8496,18909.4004,0.0
2021-11-13 13:00:00,18906.6992,19912.6504,18742.8496,18981.3496,0.0
2021-11-13 14:00:00,18980.8008,19240.8008,18679.4004,18886.1992,0.0
2021-11-13 15:00:00,18886.1992,19095.6992,18770.6992,18808.4004,0.0
2021-11-15 09:00:00,18149.4492,18209.5996,18149.4492,18176.5,0.0
2021-11-15 10:00:00,18177.4004,18179.6504,18120.5996,18158.25,0.0
2021-11-15 11:00:00,18158.5,18159.8008,18082.5996,18112.0508,0.0
2021-11-15 12:00:00,18111.5508,18130.0508,18099.0508,18122.4004,0.0
2021-11-15 13:00:00,18122.5508,18128.25,18071.5996,18113.4492,0.0
2021-11-15 14:00:00,18113.75,18143.9492,18106.9004,18120.0508,0.0
2021-11-15 15:00:00,18119.8496,18129.0508,18086.5,18092.0,0.0
2021-11-16 09:00:00,18125.3496,18131.9492,18033.6504,18062.3008,0.0
2021-11-16 10:00:00,18062.5996,18086.4492,18052.1504,18056.75,0.0
2021-11-16 11:00:00,18057.1504,18066.75,18024.4004,18057.0996,0.0
2021-11-16 12:00:00,18056.5508,18098.8008,18048.5996,18089.75,0.0
2021-11-16 13:00:00,18089.8496,18124.1504,18086.0996,18093.9004,0.0
2021-11-16 14:00:00,18093.5508,18106.1504,17987.1504,18022.0508,0.0
2021-11-16 15:00:00,18022.6504,18040.4004,17959.1504,17964.3496,0.0
2021-11-17 09:00:00,17938.6504,17992.8008,17908.8008,17960.8008,0.0
2021-11-17 10:00:00,17960.5508,18022.3008,17955.6504,17979.1504,0.0
2021-11-17 11:00:00,17977.6992,18007.0,17961.5,17962.0,0.0
2021-11-17 12:00:00,17961.1992,17970.3496,17930.0996,17948.5996,0.0
2021-11-17 13:00:00,17948.5,18009.4004,17947.4004,17988.5,0.0
2021-11-17 14:00:00,17989.0996,17994.4004,17920.6992,17923.9004,0.0
2021-11-17 15:00:00,17923.0996,17930.4004,17879.9492,17887.1992,0.0
2021-11-18 09:00:00,17894.5508,17945.3496,17839.1504,17855.25,0.0
2021-11-18 10:00:00,17856.0,17856.5,17720.6992,17759.8496,0.0
2021-11-18 11:00:00,17760.6992,17778.9004,17708.5996,17732.75,0.0
2021-11-18 12:00:00,17733.0,17752.6504,17688.8496,17730.0996,0.0
2021-11-18 13:00:00,17730.3496,17821.5996,17709.6504,17806.1504,0.0
2021-11-18 14:00:00,17806.9492,17832.4004,17750.3008,17819.75,0.0
2021-11-18 15:00:00,17820.0,17832.1992,17737.25,17745.25,0.0
2021-11-22 09:00:00,17787.8008,17789.5996,17613.3496,17664.4004,0.0
2021-11-22 10:00:00,17665.3496,17665.3496,17563.9492,17571.4004,0.0
2021-11-22 11:00:00,17571.4004,17596.3496,17518.5508,17519.1504,0.0
2021-11-22 12:00:00,17519.8496,17525.8496,17416.5,17478.0,0.0
2021-11-22 13:00:00,17477.8496,17510.8496,17387.0,17390.0996,0.0
2021-11-22 14:00:00,17389.6504,17421.5996,17281.9492,17380.5,0.0
2021-11-22 15:00:00,17379.9492,17444.5508,17369.3496,17440.0,0.0
2021-11-23 09:00:00,17281.3496,17418.6504,17216.8008,17409.4004,0.0
2021-11-23 10:00:00,17411.1504,17421.8008,17336.8496,17373.4004,0.0
2021-11-23 11:00:00,17373.0,17454.4004,17359.3008,17451.9492,0.0
2021-11-23 12:00:00,17452.3496,17485.6504,17397.4004,17438.5996,0.0
2021-11-23 13:00:00,17437.9492,17535.4004,17414.3008,17508.6504,0.0
2021-11-23 14:00:00,17508.5996,17553.1992,17467.5,17515.3008,0.0
2021-11-23 15:00:00,17516.4492,17523.75,17477.1992,17495.0996,0.0
2021-11-24 09:00:00,17555.0508,17572.3496,17485.5,17551.4004,0.0
2021-11-24 10:00:00,17551.25,17574.75,17504.75,17568.5508,0.0
2021-11-24 11:00:00,17568.3496,17591.1992,17535.6504,17556.5508,0.0
2021-11-24 12:00:00,17556.5,17600.3496,17547.1992,17571.6504,0.0
2021-11-24 13:00:00,17570.9004,17599.75,17552.6504,17552.6504,0.0
2021-11-24 14:00:00,17551.9492,17562.0,17452.5996,17476.1504,0.0
2021-11-24 15:00:00,17475.3496,17479.4004,17355.6504,17357.8008,0.0
2021-11-25 09:00:00,17408.5508,17453.0996,17363.5996,17368.3496,0.0
2021-11-25 10:00:00,17368.75,17441.5508,17352.3496,17438.1992,0.0
2021-11-25 11:00:00,17438.0996,17504.8496,17435.4492,17488.8496,0.0
2021-11-25 12:00:00,17488.75,17540.1992,17453.75,17467.75,0.0
2021-11-25 13:00:00,17467.75,17532.5508,17463.3008,17496.3496,0.0
2021-11-25 14:00:00,17496.5996,17563.8496,17489.1504,17555.0996,0.0
2021-11-25 15:00:00,17558.3496,17561.1504,17509.5996,17547.0,0.0
2021-11-26 09:00:00,17339.0,17344.9492,17225.5508,17233.25,0.0
2021-11-26 10:00:00,17233.1992,17269.8008,17096.0996,17099.8496,0.0
2021-11-26 11:00:00,17100.3496,17206.4492,17088.6992,17169.0996,0.0
2021-11-26 12:00:00,17168.4492,17200.9004,17118.6504,17184.5,0.0
2021-11-26 13:00:00,17183.9004,17210.0996,17069.5508,17075.75,0.0
2021-11-26 14:00:00,17076.4004,17159.4004,17071.6504,17099.1992,0.0
2021-11-26 15:00:00,17099.4004,17112.0,16985.75,17006.5508,0.0
2021-11-29 09:00:00,17065.6504,17065.6504,16783.9492,17035.0996,0.0
2021-11-29 10:00:00,17034.6504,17098.3496,16970.6992,17031.3008,0.0
2021-11-29 11:00:00,17031.5,17153.0508,17017.5996,17130.9004,0.0
2021-11-29 12:00:00,17131.4492,17160.0996,17086.8008,17086.8496,0.0
2021-11-29 13:00:00,17085.9492,17154.0508,17062.3496,17138.0,0.0
2021-11-29 14:00:00,17137.75,17156.9004,17019.4492,17090.1504,0.0
2021-11-29 15:00:00,17091.1504,17094.0996,17037.3496,17039.6992,0.0
2021-11-30 09:00:00,17060.4492,17253.5996,17058.8008,17250.25,0.0
2021-11-30 10:00:00,17249.4492,17324.4492,17215.3008,17232.4492,0.0
2021-11-30 11:00:00,17230.1504,17230.1504,16989.0,17090.6504,0.0
2021-11-30 12:00:00,17090.4492,17143.8496,17037.75,17112.1992,0.0
2021-11-30 13:00:00,17111.4492,17164.5,17076.5996,17158.9004,0.0
2021-11-30 14:00:00,17160.1992,17173.25,17061.0508,17084.3008,0.0
2021-11-30 15:00:00,17082.4492,17092.3008,16934.0508,16975.1504,0.0
2021-12-01 09:00:00,17091.4492,17200.6992,17085.0996,17138.5996,0.0
2021-12-01 10:00:00,17137.5508,17170.3496,17091.75,17152.8496,0.0
2021-12-01 11:00:00,17153.3496,17212.5508,17152.5996,17199.25,0.0
2021-12-01 12:00:00,17198.6504,17204.5,17136.8008,17167.3496,0.0
2021-12-01 13:00:00,17167.5,17170.5508,17109.5,17140.25,0.0
2021-12-01 14:00:00,17140.4492,17185.8496,17064.75,17171.0,0.0
2021-12-01 15:00:00,17170.8008,17188.1504,17137.1504,17185.9492,0.0
2021-12-02 09:00:00,17188.0,17288.8008,17158.3008,17265.3008,0.0
2021-12-02 10:00:00,17265.25,17296.0,17246.4492,17275.5508,0.0
2021-12-02 11:00:00,17274.6992,17327.0,17270.0508,17301.0508,0.0
2021-12-02 12:00:00,17299.9004,17317.0508,17274.75,17314.0508,0.0
2021-12-02 13:00:00,17313.5,17340.5,17292.1504,17315.3496,0.0
2021-12-02 14:00:00,17315.4492,17373.5996,17280.6504,17368.0508,0.0
2021-12-02 15:00:00,17368.1504,17418.0,17368.1504,17401.5,0.0
2021-12-03 09:00:00,17423.25,17488.3008,17375.1504,17388.25,0.0
2021-12-03 10:00:00,17387.9004,17402.25,17351.9492,17386.6504,0.0
2021-12-03 11:00:00,17386.6504,17417.1992,17370.1992,17395.3008,0.0
2021-12-03 12:00:00,17395.3496,17398.4004,17303.4004,17322.0996,0.0
2021-12-03 13:00:00,17322.6992,17329.9492,17255.6992,17280.5,0.0
2021-12-03 14:00:00,17280.8496,17281.8496,17189.0996,17246.3008,0.0
2021-12-03 15:00:00,17243.6504,17243.6504,17181.0996,17210.3008,0.0
2021-12-06 09:00:00,17203.5996,17210.8496,17095.3496,17132.0,0.0
2021-12-06 10:00:00,17131.5508,17168.3496,17106.0996,17125.0996,0.0
2021-12-06 11:00:00,17124.9004,17125.6504,17055.5996,17074.3496,0.0
2021-12-06 12:00:00,17075.4004,17089.3496,17035.4004,17078.3496,0.0
2021-12-06 13:00:00,17078.0,17088.0996,17031.0996,17037.3008,0.0
2021-12-06 14:00:00,17037.9492,17045.6992,16937.0996,16961.3008,0.0
2021-12-06 15:00:00,16961.4004,16964.1504,16893.5996,16909.3008,0.0
2021-12-07 09:00:00,17033.9492,17092.4492,16988.75,17088.6992,0.0
2021-12-07 10:00:00,17088.3496,17161.0996,17074.3008,17148.0508,0.0
2021-12-07 11:00:00,17146.8496,17174.8008,17127.8008,17171.1504,0.0
2021-12-07 12:00:00,17171.6992,17210.5996,17142.0,17160.3496,0.0
2021-12-07 13:00:00,17159.4004,17243.4004,17151.0508,17240.9004,0.0
2021-12-07 14:00:00,17241.0,17251.25,17208.75,17211.4492,0.0
2021-12-07 15:00:00,17212.1504,17213.0508,17158.0508,17180.5,0.0
2021-12-08 09:00:00,17312.5508,17424.3496,17312.5508,17397.8008,0.0
2021-12-08 10:00:00,17397.5508,17416.1504,17353.25,17413.5508,0.0
2021-12-08 11:00:00,17413.25,17436.25,17394.25,17422.8008,0.0
2021-12-08 12:00:00,17423.0996,17430.9004,17397.6504,17420.0508,0.0
2021-12-08 13:00:00,17420.0,17467.4492,17420.0,17466.4004,0.0
2021-12-08 14:00:00,17466.25,17469.5996,17431.25,17455.5,0.0
2021-12-08 15:00:00,17455.5996,17484.5,17454.1992,17467.8496,0.0
2021-12-09 09:00:00,17525.6992,17539.8008,17424.0508,17434.4004,0.0
2021-12-09 10:00:00,17434.3008,17447.8008,17380.0996,17435.6504,0.0
2021-12-09 11:00:00,17435.9004,17448.1504,17409.5996,17440.25,0.0
2021-12-09 12:00:00,17440.5,17518.3496,17440.5,17518.0508,0.0
2021-12-09 13:00:00,17517.9004,17537.0,17471.1992,17504.6504,0.0
2021-12-09 14:00:00,17503.9492,17506.3496,17445.5996,17490.1992,0.0
2021-12-09 15:00:00,17490.9004,17527.25,17490.9004,17502.6504,0.0
2021-12-10 09:00:00,17487.5508,17534.0508,17437.5,17478.1992,0.0
2021-12-10 10:00:00,17478.9004,17486.5,17433.5,17478.4004,0.0
2021-12-10 11:00:00,17478.5,17481.5508,17450.5996,17467.5996,0.0
2021-12-10 12:00:00,17467.4004,17468.25,17405.5,17429.75,0.0
2021-12-10 13:00:00,17429.4492,17453.4492,17406.8496,17449.6504,0.0
2021-12-10 14:00:00,17449.0996,17500.9492,17441.8496,17483.1992,0.0
2021-12-10 15:00:00,17483.4492,17530.4492,17483.4492,17499.1992,0.0
2021-12-13 09:00:00,17609.5508,17639.25,17601.6992,17632.3496,0.0
2021-12-13 10:00:00,17632.6992,17634.5996,17572.9004,17587.0508,0.0
2021-12-13 11:00:00,17587.9004,17591.6992,17535.9492,17537.5996,0.0
2021-12-13 12:00:00,17537.5996,17555.0,17386.5,17391.6504,0.0
2021-12-13 13:00:00,17390.5996,17448.9004,17359.6992,17368.9004,0.0
2021-12-13 14:00:00,17368.5996,17421.8008,17358.0996,17383.6504,0.0
2021-12-13 15:00:00,17383.0,17387.6504,17356.0996,17384.5,0.0
2021-12-14 09:00:00,17284.5996,17342.9004,17244.8008,17331.5996,0.0
2021-12-14 10:00:00,17331.4004,17331.5,17226.1504,17247.3496,0.0
2021-12-14 11:00:00,17247.0,17324.6504,17239.4004,17321.1992,0.0
2021-12-14 12:00:00,17320.8008,17347.3496,17301.3496,17326.3008,0.0
2021-12-14 13:00:00,17326.3496,17375.6992,17287.5996,17297.0,0.0
2021-12-14 14:00:00,17297.5,17307.8496,17259.9492,17301.6504,0.0
2021-12-14 15:00:00,17302.3008,17339.6504,17302.3008,17319.5,0.0
2021-12-15 09:00:00,17335.5996,17350.5,17228.0996,17250.4004,0.0
2021-12-15 10:00:00,17250.4492,17255.75,17193.25,17213.3008,0.0
2021-12-15 11:00:00,17213.5996,17287.4004,17205.0508,17246.5508,0.0
2021-12-15 12:00:00,17246.6992,17258.3496,17206.8008,17226.4492,0.0
2021-12-15 13:00:00,17226.6504,17282.1992,17217.75,17261.75,0.0
2021-12-15 14:00:00,17261.75,17314.3008,17251.8496,17256.9004,0.0
2021-12-15 15:00:00,17256.4492,17267.0508,17200.3496,17208.3008,0.0
2021-12-16 09:00:00,17374.5996,17374.5996,17250.1992,17269.0996,0.0
2021-12-16 10:00:00,17269.3496,17291.6504,17239.4004,17284.5996,0.0
2021-12-16 11:00:00,17285.0,17299.6992,17223.25,17237.75,0.0
2021-12-16 12:00:00,17237.3496,17276.8496,17196.3496,17275.1504,0.0
2021-12-16 13:00:00,17275.3008,17282.1992,17232.25,17264.6992,0.0
2021-12-16 14:00:00,17265.0996,17266.4492,17185.3496,17233.1504,0.0
2021-12-16 15:00:00,17233.25,17287.9492,17213.75,17285.5996,0.0
2021-12-17 09:00:00,17292.4492,17292.4492,17066.5508,17072.0996,0.0
2021-12-17 10:00:00,17070.5508,17109.6992,17008.75,17030.0996,0.0
2021-12-17 11:00:00,17030.5,17065.1992,17002.5996,17031.1992,0.0
2021-12-17 12:00:00,17030.9004,17059.1504,16992.3008,17059.0,0.0
2021-12-17 13:00:00,17058.9004,17098.4492,17044.3008,17094.0508,0.0
2021-12-17 14:00:00,17093.9492,17107.6504,16974.5508,16987.1992,0.0
2021-12-17 15:00:00,16988.75,17020.6992,16966.75,16994.0508,0.0
2021-12-20 09:00:00,16828.5,16828.5,16636.25,16664.6504,0.0
2021-12-20 10:00:00,16664.0508,16673.5996,16566.9492,16583.9004,0.0
2021-12-20 11:00:00,16584.9004,16615.5996,16539.3496,16554.3008,0.0
2021-12-20 12:00:00,16553.6504,16566.4004,16410.4004,16422.25,0.0
2021-12-20 13:00:00,16424.25,16557.1504,16424.25,16536.0996,0.0
2021-12-20 14:00:00,16536.1992,16586.6504,16489.9492,16576.5508,0.0
2021-12-20 15:00:00,16575.4004,16634.5508,16575.0508,16613.0,0.0
2021-12-21 09:00:00,16770.0,16839.1504,16723.8008,16827.1992,0.0
2021-12-21 10:00:00,16827.5,16890.5996,16809.4492,16889.1992,0.0
2021-12-21 11:00:00,16888.8008,16927.0,16855.8008,16911.8496,0.0
2021-12-21 12:00:00,16912.0996,16936.3496,16887.9004,16927.0508,0.0
2021-12-21 13:00:00,16927.1504,16928.1992,16856.5996,16856.8496,0.0
2021-12-21 14:00:00,16856.9004,16856.9004,16688.6504,16788.4492,0.0
2021-12-21 15:00:00,16788.5508,16793.5508,16742.4004,16786.9004,0.0
2021-12-22 09:00:00,16857.1504,16920.1992,16840.3496,16899.5,0.0
2021-12-22 10:00:00,16898.8008,16912.5508,16819.6992,16866.5508,0.0
2021-12-22 11:00:00,16867.3008,16885.6992,16859.5996,16884.5996,0.0
2021-12-22 12:00:00,16884.3008,16906.0508,16869.6992,16899.25,0.0
2021-12-22 13:00:00,16899.1504,16917.3496,16859.1504,16877.8008,0.0
2021-12-22 14:00:00,16877.5996,16940.5508,16850.5996,16937.4004,0.0
2021-12-22 15:00:00,16937.1504,16970.5996,16937.1504,16968.0996,0.0
2021-12-23 09:00:00,17059.5508,17107.4004,17032.25,17082.4492,0.0
2021-12-23 10:00:00,17083.3008,17091.5,17032.8008,17055.9004,0.0
2021-12-23 11:00:00,17055.8008,17061.9004,17016.4004,17059.5996,0.0
2021-12-23 12:00:00,17058.9492,17091.9492,17058.9492,17080.9492,0.0
2021-12-23 13:00:00,17081.4004,17117.9492,17050.8008,17068.9004,0.0
2021-12-23 14:00:00,17069.4004,17078.1504,17041.8496,17060.8496,0.0
2021-12-23 15:00:00,17060.75,17095.25,17043.3496,17051.0508,0.0
2021-12-24 09:00:00,17151.4492,17151.4492,16967.6504,17003.4492,0.0
2021-12-24 10:00:00,16999.4004,17007.1992,16910.1992,16927.6992,0.0
2021-12-24 11:00:00,16927.6992,16977.5508,16925.3496,16969.9004,0.0
2021-12-24 12:00:00,16969.4004,16990.4004,16939.5,16959.0,0.0
2021-12-24 13:00:00,16959.3008,17016.75,16939.1504,17010.75,0.0
2021-12-24 14:00:00,17010.5508,17068.1504,16998.0508,17007.9004,0.0
2021-12-24 15:00:00,17008.3008,17024.5508,16983.3496,16999.9004,0.0
2021-12-27 09:00:00,16936.5,16964.9492,16833.6992,16956.5,0.0
2021-12-27 10:00:00,16957.25,17037.3008,16941.25,16982.8496,0.0
2021-12-27 11:00:00,16982.75,17029.5,16973.1504,17021.0996,0.0
2021-12-27 12:00:00,17021.0,17071.3008,17009.0996,17060.5508,0.0
2021-12-27 13:00:00,17061.75,17094.9492,17031.4004,17070.75,0.0
2021-12-27 14:00:00,17070.25,17112.0,17046.9492,17092.8496,0.0
2021-12-27 15:00:00,17092.8496,17101.9492,17069.4004,17101.9492,0.0
2021-12-28 09:00:00,17178.6504,17219.9492,17165.5508,17194.6504,0.0
2021-12-28 10:00:00,17194.75,17211.1504,17169.0996,17190.9492,0.0
2021-12-28 11:00:00,17191.5996,17230.0508,17189.3008,17228.9492,0.0
2021-12-28 12:00:00,17228.9004,17246.0996,17223.5996,17234.3008,0.0
2021-12-28 13:00:00,17233.25,17239.5996,17200.6992,17234.6992,0.0
2021-12-28 14:00:00,17233.5508,17249.5,17161.1992,17199.9492,0.0
2021-12-28 15:00:00,17199.8008,17242.6504,17199.8008,17233.3496,0.0
2021-12-29 09:00:00,17219.8496,17285.75,17181.6992,17271.75,0.0
2021-12-29 10:00:00,17271.25,17274.1504,17210.5,17223.0,0.0
2021-12-29 11:00:00,17222.75,17237.1504,17201.3008,17222.1504,0.0
2021-12-29 12:00:00,17222.3496,17237.6504,17197.4004,17236.0508,0.0
2021-12-29 13:00:00,17236.3008,17244.9492,17215.0996,17240.0,0.0
2021-12-29 14:00:00,17240.3008,17253.3008,17220.3008,17246.25,0.0
2021-12-29 15:00:00,17246.0,17255.8008,17176.9492,17189.5508,0.0
2021-12-30 09:00:00,17192.1504,17237.3496,17148.8008,17230.3008,0.0
2021-12-30 10:00:00,17230.1504,17264.0,17225.8496,17237.1992,0.0
2021-12-30 11:00:00,17236.8008,17247.8008,17206.0,17227.5,0.0
2021-12-30 12:00:00,17227.25,17253.9492,17224.6504,17244.5,0.0
2021-12-30 13:00:00,17244.0508,17258.5508,17227.0996,17243.0996,0.0
2021-12-30 14:00:00,17243.1504,17244.9004,17204.0508,17204.0508,0.0
2021-12-30 15:00:00,17204.5,17235.1504,17179.5996,17228.9492,0.0
2021-12-31 09:00:00,17246.4492,17358.75,17246.4492,17347.0996,0.0
2021-12-31 10:00:00,17346.4492,17359.0996,17327.1992,17334.5996,0.0
2021-12-31 11:00:00,17334.0508,17367.6992,17325.25,17363.6992,0.0
2021-12-31 12:00:00,17363.9004,17393.3008,17352.6992,17385.8496,0.0
2021-12-31 13:00:00,17385.4004,17400.5508,17371.9492,17376.9492,0.0
2021-12-31 14:00:00,17376.9004,17384.6504,17342.8496,17363.25,0.0
2021-12-31 15:00:00,17364.3008,17365.4492,17341.8496,17364.25,0.0
2022-01-03 09:00:00,17392.3008,17498.1992,17392.3008,17497.5,0.0
2022-01-03 10:00:00,17496.3008,17526.5508,17486.25,17517.3008,0.0
2022-01-03 11:00:00,17517.3496,17532.6992,17510.4004,17531.1992,0.0
2022-01-03 12:00:00,17530.9004,17578.9492,17516.4492,17570.0508,0.0
2022-01-03 13:00:00,17570.0508,17594.4492,17567.9492,17592.3008,0.0
2022-01-03 14:00:00,17591.8496,17646.0996,17590.3008,17612.1992,0.0
2022-01-03 15:00:00,17611.0996,17640.5508,17604.8008,17635.3496,0.0
2022-01-04 09:00:00,17671.0996,17714.1504,17594.25,17699.9492,0.0
2022-01-04 10:00:00,17699.6992,17733.0508,17682.0,17711.25,0.0
2022-01-04 11:00:00,17711.4492,17717.9492,17665.1992,17713.1504,0.0
2022-01-04 12:00:00,17712.4492,17743.5,17706.6992,17734.0996,0.0
2022-01-04 13:00:00,17733.75,17738.3496,17669.9492,17708.5,0.0
2022-01-04 14:00:00,17709.1992,17790.3008,17708.5,17788.75,0.0
2022-01-04 15:00:00,17787.8496,17827.3008,17785.4004,17807.3496,0.0
2022-01-05 09:00:00,17811.5508,17842.8008,17750.0996,17842.8008,0.0
2022-01-05 10:00:00,17842.1504,17853.4492,17789.25,17805.5,0.0
2022-01-05 11:00:00,17806.5,17851.5996,17792.0508,17844.5,0.0
2022-01-05 12:00:00,17844.9492,17915.6504,17839.6992,17911.1504,0.0
2022-01-05 13:00:00,17909.5,17934.4004,17879.75,17930.25,0.0
2022-01-05 14:00:00,17929.9492,17940.4004,17887.6992,17892.6992,0.0
2022-01-05 15:00:00,17892.75,17944.1992,17892.75,17907.6992,0.0
2022-01-06 09:00:00,17768.8496,17795.8008,17672.0996,17714.4492,0.0
2022-01-06 10:00:00,17714.5996,17737.0508,17662.0508,17693.6992,0.0
2022-01-06 11:00:00,17693.8496,17706.5996,17675.75,17696.5,0.0
2022-01-06 12:00:00,17697.1992,17717.3008,17655.9004,17713.0,0.0
2022-01-06 13:00:00,17713.1504,17757.1992,17688.9492,17710.0,0.0
2022-01-06 14:00:00,17710.75,17790.75,17709.4004,17757.6504,0.0
2022-01-06 15:00:00,17757.5508,17768.3008,17728.5508,17746.0,0.0
2022-01-07 09:00:00,17792.8496,17895.3008,17790.9004,17875.6992,0.0
2022-01-07 10:00:00,17875.6992,17904.6504,17847.6992,17870.0,0.0
2022-01-07 11:00:00,17870.5996,17871.8496,17778.1504,17803.8496,0.0
2022-01-07 12:00:00,17803.5,17820.9492,17705.0508,17760.0996,0.0
2022-01-07 13:00:00,17759.6504,17799.9492,17746.3496,17793.4492,0.0
2022-01-07 14:00:00,17793.5996,17794.5996,17740.0996,17768.0,0.0
2022-01-07 15:00:00,17767.75,17829.5,17767.5996,17818.1992,0.0
2022-01-10 09:00:00,17916.75,17952.1504,17879.8008,17946.6504,0.0
2022-01-10 10:00:00,17947.6504,17977.5,17939.9004,17962.0996,0.0
2022-01-10 11:00:00,17961.25,17977.5508,17901.0508,17909.3496,0.0
2022-01-10 12:00:00,17908.8008,17978.0,17907.8496,17960.5996,0.0
2022-01-10 13:00:00,17960.0,17979.1504,17949.3496,17969.3496,0.0
2022-01-10 14:00:00,17969.9492,17997.3496,17957.8496,17994.75,0.0
2022-01-10 15:00:00,17995.3008,18016.8008,17985.25,18005.4492,0.0
2022-01-11 09:00:00,18005.0996,18053.3496,17970.8496,17993.75,0.0
2022-01-11 10:00:00,17994.9004,18044.9004,17964.9004,18024.3496,0.0
2022-01-11 11:00:00,18023.9492,18058.9004,18022.8496,18049.0508,0.0
2022-01-11 12:00:00,18048.8008,18050.4004,18022.9492,18045.5996,0.0
2022-01-11 13:00:00,18045.75,18080.9492,18037.4004,18044.4004,0.0
2022-01-11 14:00:00,18044.5508,18079.0,18002.4004,18037.75,0.0
2022-01-11 15:00:00,18035.8496,18067.5508,18031.3496,18059.0,0.0
2022-01-12 09:00:00,18159.3008,18181.6992,18129.9492,18169.0508,0.0
2022-01-12 10:00:00,18169.5,18195.9492,18143.0996,18195.25,0.0
2022-01-12 11:00:00,18195.0508,18221.0,18184.1504,18196.0,0.0
2022-01-12 12:00:00,18195.4492,18200.8496,18176.1992,18183.9004,0.0
2022-01-12 13:00:00,18183.3496,18199.0996,18161.9492,18176.4492,0.0
2022-01-12 14:00:00,18176.8496,18211.8008,18158.75,18208.4492,0.0
2022-01-12 15:00:00,18208.25,18227.3496,18192.9492,18197.5996,0.0
2022-01-13 09:00:00,18252.8008,18271.5508,18203.4004,18242.0508,0.0
2022-01-13 10:00:00,18242.4492,18244.1992,18164.1504,18214.1992,0.0
2022-01-13 11:00:00,18214.6504,18249.5996,18203.9492,18245.6504,0.0
2022-01-13 12:00:00,18245.5996,18256.1504,18208.8008,18214.9004,0.0
2022-01-13 13:00:00,18214.9492,18236.0996,18183.6504,18235.3496,0.0
2022-01-13 14:00:00,18234.5,18245.0508,18203.9004,18218.3008,0.0
2022-01-13 15:00:00,18217.9004,18269.8008,18217.8008,18258.5508,0.0
2022-01-14 09:00:00,18181.0508,18230.9004,18121.3008,18202.0508,0.0
2022-01-14 10:00:00,18201.6504,18217.1992,18153.6992,18178.8008,0.0
2022-01-14 11:00:00,18179.1504,18192.75,18141.6504,18172.4492,0.0
2022-01-14 12:00:00,18173.0508,18226.5,18172.1504,18206.3008,0.0
2022-01-14 13:00:00,18206.6992,18251.1504,18203.5996,18244.0508,0.0
2022-01-14 14:00:00,18243.4004,18260.1992,18217.5,18257.5508,0.0
2022-01-14 15:00:00,18259.0508,18286.5996,18233.1504,18234.8008,0.0
2022-01-17 09:00:00,18246.6992,18304.0,18234.0508,18261.0508,0.0
2022-01-17 10:00:00,18261.3496,18303.3008,18261.3496,18301.4492,0.0
2022-01-17 11:00:00,18302.0996,18313.4492,18280.6992,18307.3008,0.0
2022-01-17 12:00:00,18307.6504,18309.1504,18278.0508,18287.1992,0.0
2022-01-17 13:00:00,18286.9004,18304.6992,18260.6504,18301.8496,0.0
2022-01-17 14:00:00,18301.8496,18321.0508,18287.75,18306.9004,0.0
2022-01-17 15:00:00,18306.6504,18315.5996,18295.5508,18309.6992,0.0
2022-01-18 09:00:00,18339.6504,18350.5996,18218.3496,18218.9004,0.0
2022-01-18 10:00:00,18218.1992,18248.25,18186.75,18239.1504,0.0
2022-01-18 11:00:00,18238.75,18268.6992,18222.0508,18257.25,0.0
2022-01-18 12:00:00,18256.4004,18286.0508,18251.75,18285.0508,0.0
2022-01-18 13:00:00,18284.75,18318.0508,18257.9492,18262.25,0.0
2022-01-18 14:00:00,18261.1504,18285.9004,18125.6504,18132.3496,0.0
2022-01-18 15:00:00,18134.1504,18143.1504,18087.4492,18113.8008,0.0
2022-01-19 09:00:00,18121.0996,18121.0996,17950.75,18048.4492,0.0
2022-01-19 10:00:00,18048.5,18065.1992,17976.0996,17977.0508,0.0
2022-01-19 11:00:00,17977.6504,17996.3008,17942.0508,17983.8008,0.0
2022-01-19 12:00:00,17983.8496,17996.8496,17885.3008,17895.1504,0.0
2022-01-19 13:00:00,17896.6504,17937.0996,17886.5996,17895.9492,0.0
2022-01-19 14:00:00,17895.9004,17960.9492,17894.0,17934.5508,0.0
2022-01-19 15:00:00,17932.5508,17949.6992,17923.9004,17941.4492,0.0
2022-01-20 09:00:00,17934.3008,17934.3008,17854.4492,17866.4492,0.0
2022-01-20 10:00:00,17867.0,17884.5,17818.4004,17827.8008,0.0
2022-01-20 11:00:00,17828.0,17830.8008,17768.4004,17784.3008,0.0
2022-01-20 12:00:00,17784.5996,17834.6992,17779.0508,17804.9492,0.0
2022-01-20 13:00:00,17804.5508,17804.5508,17685.5,17686.4004,0.0
2022-01-20 14:00:00,17686.0,17722.9004,17648.8496,17716.1992,0.0
2022-01-20 15:00:00,17715.5508,17783.1504,17715.5508,17782.9492,0.0
2022-01-21 09:00:00,17618.5996,17679.25,17526.4004,17668.6992,0.0
2022-01-21 10:00:00,17668.4492,17674.1504,17560.1992,17578.5996,0.0
2022-01-21 11:00:00,17578.3008,17631.25,17567.4004,17629.6992,0.0
2022-01-21 12:00:00,17628.9004,17674.0,17620.8496,17668.3008,0.0
2022-01-21 13:00:00,17668.8008,17707.25,17595.8496,17627.6992,0.0
2022-01-21 14:00:00,17627.4004,17653.6504,17487.1992,17493.5,0.0
2022-01-21 15:00:00,17497.3008,17650.4492,17497.3008,17650.4492,0.0
2022-01-24 09:00:00,17560.0,17598.3496,17404.75,17450.3008,0.0
2022-01-24 10:00:00,17448.5508,17462.0996,17378.0,17403.8008,0.0
2022-01-24 11:00:00,17402.25,17420.4492,17294.9492,17300.4004,0.0
2022-01-24 12:00:00,17300.1504,17310.6992,17210.5508,17233.6504,0.0
2022-01-24 13:00:00,17234.5,17277.5,17109.6504,17111.0508,0.0
2022-01-24 14:00:00,17112.3008,17158.0,16998.4492,17097.9492,0.0
2022-01-24 15:00:00,17094.1504,17184.4004,17092.75,17112.4492,0.0
2022-01-25 09:00:00,17002.3008,17174.0508,16837.8496,17170.75,0.0
2022-01-25 10:00:00,17173.4492,17200.5508,17006.8496,17009.6504,0.0
2022-01-25 11:00:00,17009.25,17119.4492,17005.4492,17064.6504,0.0
2022-01-25 12:00:00,17064.75,17114.6992,17047.0,17068.8496,0.0
2022-01-25 13:00:00,17067.6992,17228.8008,17062.0,17215.3496,0.0
2022-01-25 14:00:00,17216.0,17285.8008,17180.0508,17249.6992,0.0
2022-01-25 15:00:00,17250.3008,17308.9004,17250.3008,17267.3008,0.0
2022-01-27 09:00:00,17066.25,17066.25,16929.1504,17036.5996,0.0
2022-01-27 10:00:00,17036.5996,17036.5996,16952.1992,16957.0508,0.0
2022-01-27 11:00:00,16957.25,16978.3008,16919.5996,16936.6504,0.0
2022-01-27 12:00:00,16936.75,16946.6504,16867.0508,16923.25,0.0
2022-01-27 13:00:00,16922.8496,17087.1504,16922.5508,17069.3008,0.0
2022-01-27 14:00:00,17070.8008,17182.0996,17053.4004,17096.8008,0.0
2022-01-27 15:00:00,17097.8496,17165.0,17044.8008,17149.3008,0.0
2022-01-28 09:00:00,17226.6992,17359.0508,17213.0996,17344.5,0.0
2022-01-28 10:00:00,17343.1992,17351.25,17274.0508,17337.25,0.0
2022-01-28 11:00:00,17335.6504,17356.9004,17299.6992,17346.9004,0.0
2022-01-28 12:00:00,17345.5996,17373.0,17329.8008,17358.0508,0.0
2022-01-28 13:00:00,17357.8008,17359.4492,17217.6504,17245.5996,0.0
2022-01-28 14:00:00,17246.1504,17246.3496,17107.5,17146.6504,0.0
2022-01-28 15:00:00,17145.9004,17167.8496,17077.75,17106.3496,0.0
2022-01-31 09:00:00,17302.5996,17361.4004,17271.5996,17322.25,0.0
2022-01-31 10:00:00,17319.9492,17359.0,17264.3496,17312.0,0.0
2022-01-31 11:00:00,17312.1992,17352.5,17296.6504,17350.4004,0.0
2022-01-31 12:00:00,17350.0508,17406.4492,17349.75,17396.0996,0.0
2022-01-31 13:00:00,17395.8008,17409.9004,17324.8008,17338.5996,0.0
2022-01-31 14:00:00,17339.1504,17407.25,17328.0,17385.0508,0.0
2022-01-31 15:00:00,17388.8496,17391.5508,17313.6992,17338.3008,0.0
2022-02-01 09:00:00,17532.3008,17555.4492,17469.1504,17548.5508,0.0
2022-02-01 10:00:00,17549.3008,17596.0996,17536.8496,17560.9492,0.0
2022-02-01 11:00:00,17559.3008,17587.8008,17452.6504,17586.8496,0.0
2022-02-01 12:00:00,17588.9492,17622.0,17502.75,17536.4492,0.0
2022-02-01 13:00:00,17535.6992,17535.6992,17245.4492,17500.3496,0.0
2022-02-01 14:00:00,17500.3496,17610.1992,17496.1992,17553.4492,0.0
2022-02-01 15:00:00,17553.0508,17605.8008,17524.8008,17604.6504,0.0
2022-02-02 09:00:00,17697.25,17745.0996,17675.6992,17730.3008,0.0
2022-02-02 10:00:00,17730.5996,17748.25,17678.1504,17723.0508,0.0
2022-02-02 11:00:00,17723.0996,17767.4492,17716.4004,17765.5508,0.0
2022-02-02 12:00:00,17765.4492,17767.5996,17729.3496,17740.5,0.0
2022-02-02 13:00:00,17740.9492,17762.0996,17737.6504,17751.9492,0.0
2022-02-02 14:00:00,17752.25,17786.4004,17725.5996,17767.9492,0.0
2022-02-02 15:00:00,17768.4004,17793.75,17761.4492,17791.5996,0.0
2022-02-03 09:00:00,17772.0508,17774.4004,17681.4492,17719.3008,0.0
2022-02-03 10:00:00,17719.0508,17728.3008,17684.8496,17709.4004,0.0
2022-02-03 11:00:00,17709.4492,17713.5996,17645.0996,17654.3496,0.0
2022-02-03 12:00:00,17653.8496,17694.6992,17625.4492,17667.75,0.0
2022-02-03 13:00:00,17668.0,17672.6504,17585.3008,17606.0508,0.0
2022-02-03 14:00:00,17606.8008,17641.3496,17585.5508,17595.75,0.0
2022-02-03 15:00:00,17594.6504,17615.5,17512.9492,17520.25,0.0
2022-02-04 09:00:00,17580.0996,17617.3008,17480.9004,17581.25,0.0
2022-02-04 10:00:00,17581.3008,17585.8496,17512.4004,17558.6504,0.0
2022-02-04 11:00:00,17558.8496,17582.6992,17519.4004,17524.9004,0.0
2022-02-04 12:00:00,17525.0996,17536.8496,17470.1992,17481.8496,0.0
2022-02-04 13:00:00,17482.0508,17570.8496,17463.9004,17551.6504,0.0
2022-02-04 14:00:00,17552.4492,17565.0996,17484.9492,17497.6504,0.0
2022-02-04 15:00:00,17498.8008,17551.75,17496.4004,17503.0,0.0
2022-02-07 09:00:00,17463.6504,17535.9492,17408.6504,17408.6504,0.0
2022-02-07 10:00:00,17410.0996,17433.5,17380.0,17380.0996,0.0
2022-02-07 11:00:00,17380.4004,17383.3008,17297.6504,17317.0996,0.0
2022-02-07 12:00:00,17316.8008,17333.0,17265.6992,17273.4004,0.0
2022-02-07 13:00:00,17273.75,17280.8008,17120.3496,17125.5996,0.0
2022-02-07 14:00:00,17127.3496,17215.25,17127.3496,17185.3496,0.0
2022-02-07 15:00:00,17187.0,17240.3496,17187.0,17210.0,0.0
2022-02-08 09:00:00,17275.0508,17304.6504,17176.5996,17216.4004,0.0
2022-02-08 10:00:00,17215.0508,17228.3496,17058.9004,17068.6504,0.0
2022-02-08 11:00:00,17068.0,17196.25,17043.6504,17185.8496,0.0
2022-02-08 12:00:00,17186.1992,17272.5508,17179.9492,17210.75,0.0
2022-02-08 13:00:00,17209.3496,17225.0996,17120.75,17189.8008,0.0
2022-02-08 14:00:00,17189.9492,17256.4004,17134.8008,17252.9004,0.0
2022-02-08 15:00:00,17253.1504,17296.5,17228.25,17240.3496,0.0
2022-02-09 09:00:00,17360.4492,17438.4004,17342.3008,17414.4004,0.0
2022-02-09 10:00:00,17413.6992,17426.1992,17365.4004,17408.0996,0.0
2022-02-09 11:00:00,17407.75,17417.3008,17378.0508,17407.9004,0.0
2022-02-09 12:00:00,17407.5508,17433.3496,17400.5508,17424.25,0.0
2022-02-09 13:00:00,17424.1992,17438.4004,17374.3008,17430.9004,0.0
2022-02-09 14:00:00,17428.3008,17461.9492,17421.8008,17460.0508,0.0
2022-02-09 15:00:00,17457.3496,17476.4004,17449.6992,17471.5996,0.0
2022-02-10 09:00:00,17538.0996,17540.0508,17433.5508,17433.5508,0.0
2022-02-10 10:00:00,17434.0508,17592.4492,17427.1992,17576.1504,0.0
2022-02-10 11:00:00,17576.5996,17622.5508,17558.0508,17611.6992,0.0
2022-02-10 12:00:00,17611.9004,17618.6992,17570.0,17616.4004,0.0
2022-02-10 13:00:00,17616.1504,17636.3008,17580.0508,17613.3496,0.0
2022-02-10 14:00:00,17613.4492,17639.25,17595.1992,17615.0,0.0
2022-02-10 15:00:00,17616.0996,17629.8008,17581.8496,17586.9492,0.0
2022-02-11 09:00:00,17444.4492,17444.4492,17337.75,17353.6504,0.0
2022-02-11 10:00:00,17352.8496,17364.6504,17305.9492,17324.1504,0.0
2022-02-11 11:00:00,17323.8496,17351.8496,17303.1992,17350.5508,0.0
2022-02-11 12:00:00,17350.8008,17408.75,17336.9004,17391.5508,0.0
2022-02-11 13:00:00,17391.3496,17447.3008,17375.25,17414.5508,0.0
2022-02-11 14:00:00,17415.0508,17415.0508,17338.6504,17370.1504,0.0
2022-02-11 15:00:00,17366.6992,17399.0508,17341.9004,17345.5508,0.0
2022-02-14 09:00:00,17077.1504,17077.1504,16918.9004,17030.1504,0.0
2022-02-14 10:00:00,17030.5996,17082.75,17002.0996,17066.9004,0.0
2022-02-14 11:00:00,17066.5,17074.6992,16990.1992,17022.3008,0.0
2022-02-14 12:00:00,17022.5508,17037.5,16959.0996,16988.8008,0.0
2022-02-14 13:00:00,16989.0,17049.8008,16979.9492,16979.9492,0.0
2022-02-14 14:00:00,16978.0508,16983.0508,16862.4004,16893.6504,0.0
2022-02-14 15:00:00,16895.75,16902.1504,16810.0,16819.6992,0.0
2022-02-15 09:00:00,16933.0508,16998.1504,16869.6992,16879.4492,0.0
2022-02-15 10:00:00,16878.5508,16914.75,16840.4004,16913.3008,0.0
2022-02-15 11:00:00,16914.3008,17054.0,16912.1992,17050.6504,0.0
2022-02-15 12:00:00,17049.9004,17107.0508,17030.4492,17097.4004,0.0
2022-02-15 13:00:00,17096.8496,17240.6992,17063.1504,17223.9004,0.0
2022-02-15 14:00:00,17226.1504,17355.5996,17226.1504,17311.5996,0.0
2022-02-15 15:00:00,17316.5,17374.5,17316.5,17351.8496,0.0
2022-02-16 09:00:00,17414.5,17448.1504,17315.75,17340.5,0.0
2022-02-16 10:00:00,17340.4004,17377.8496,17271.8008,17286.3496,0.0
2022-02-16 11:00:00,17286.8008,17337.9492,17258.5996,17317.75,0.0
2022-02-16 12:00:00,17317.6504,17426.5,17307.8496,17394.5996,0.0
2022-02-16 13:00:00,17393.9004,17489.9004,17393.0996,17471.1504,0.0
2022-02-16 14:00:00,17471.1504,17480.3496,17289.0,17346.75,0.0
2022-02-16 15:00:00,17348.5,17372.5508,17286.0,17293.0508,0.0
2022-02-17 09:00:00,17387.25,17442.5508,17267.6504,17321.3008,0.0
2022-02-17 10:00:00,17322.25,17361.9492,17236.3008,17361.0508,0.0
2022-02-17 11:00:00,17360.8496,17385.25,17324.6992,17375.9492,0.0
2022-02-17 12:00:00,17376.6992,17417.75,17361.75,17393.0,0.0
2022-02-17 13:00:00,17393.0508,17415.1504,17359.8008,17369.9492,0.0
2022-02-17 14:00:00,17371.1504,17391.9004,17291.3496,17322.0508,0.0
2022-02-17 15:00:00,17322.8008,17345.0996,17275.4492,17280.1504,0.0
2022-02-18 09:00:00,17230.1504,17321.1992,17220.1992,17274.5996,0.0
2022-02-18 10:00:00,17273.75,17311.3008,17255.6992,17285.4004,0.0
2022-02-18 11:00:00,17285.5,17338.9004,17285.1992,17325.9492,0.0
2022-02-18 12:00:00,17326.6992,17379.9492,17315.8496,17362.5,0.0
2022-02-18 13:00:00,17362.4492,17374.4492,17324.1504,17351.9004,0.0
2022-02-18 14:00:00,17351.8496,17358.5,17246.4004,17275.75,0.0
2022-02-18 15:00:00,17272.8008,17305.6504,17263.0996,17268.75,0.0
2022-02-21 09:00:00,17202.5,17229.5508,17071.0,17155.3496,0.0
2022-02-21 10:00:00,17156.4492,17225.0,17104.4004,17208.75,0.0
2022-02-21 11:00:00,17209.1504,17285.6992,17193.8496,17277.25,0.0
2022-02-21 12:00:00,17277.1992,17326.5996,17269.8008,17310.6992,0.0
2022-02-21 13:00:00,17310.3496,17350.8008,17272.0508,17294.25,0.0
2022-02-21 14:00:00,17293.5508,17304.0,17183.9004,17224.6504,0.0
2022-02-21 15:00:00,17224.6992,17234.4004,17188.1992,17205.75,0.0
2022-02-22 09:00:00,16864.3008,16973.3008,16860.8496,16934.6992,0.0
2022-02-22 10:00:00,16933.8496,16978.0,16905.9004,16978.0,0.0
2022-02-22 11:00:00,16976.75,17022.8496,16948.6504,16951.3008,0.0
2022-02-22 12:00:00,16951.4492,16989.0996,16932.8008,16933.5,0.0
2022-02-22 13:00:00,16932.0508,16998.9004,16906.0996,16991.5996,0.0
2022-02-22 14:00:00,16989.0996,17148.5,16989.0996,17110.1504,0.0
2022-02-22 15:00:00,17110.25,17120.5508,17051.8496,17080.5996,0.0
2022-02-23 09:00:00,17194.25,17220.6504,17150.0,17186.9492,0.0
2022-02-23 10:00:00,17187.1504,17189.5,17120.0508,17145.5508,0.0
2022-02-23 11:00:00,17145.9492,17200.5,17144.75,17187.4004,0.0
2022-02-23 12:00:00,17186.6504,17190.5508,17135.0996,17137.5508,0.0
2022-02-23 13:00:00,17137.3008,17173.5,17129.8008,17133.1504,0.0
2022-02-23 14:00:00,17132.8496,17165.3008,17101.4004,17144.5,0.0
2022-02-23 15:00:00,17145.4492,17148.1992,17027.9004,17054.6992,0.0
2022-02-24 09:00:00,16574.1504,16702.5996,16455.1504,16519.8008,0.0
2022-02-24 10:00:00,16518.4004,16602.1992,16496.8496,16580.3496,0.0
2022-02-24 11:00:00,16580.8008,16656.5508,16565.5,16569.0508,0.0
2022-02-24 12:00:00,16569.9492,16581.3496,16436.1992,16465.6992,0.0
2022-02-24 13:00:00,16466.0508,16537.5,16414.4492,16482.75,0.0
2022-02-24 14:00:00,16482.3496,16499.5508,16318.25,16320.4502,0.0
2022-02-24 15:00:00,16320.7002,16331.2002,16204.4004,16217.75,0.0
2022-02-25 09:00:00,16513.1992,16690.6992,16488.9492,16655.4492,0.0
2022-02-25 10:00:00,16654.8496,16748.1992,16606.3008,16725.5996,0.0
2022-02-25 11:00:00,16724.4004,16735.0,16669.5508,16674.3496,0.0
2022-02-25 12:00:00,16674.5,16704.3008,16596.0996,16673.1504,0.0
2022-02-25 13:00:00,16672.3008,16684.75,16604.8008,16646.0508,0.0
2022-02-25 14:00:00,16645.6992,16717.8008,16627.3496,16669.3008,0.0
2022-02-25 15:00:00,16671.5508,16680.6504,16644.25,16668.8008,0.0
2022-02-28 09:00:00,16498.0508,16498.0508,16356.5498,16444.0,0.0
2022-02-28 10:00:00,16444.5,16578.4004,16426.4004,16576.1992,0.0
2022-02-28 11:00:00,16578.0,16687.3008,16575.75,16683.9492,0.0
2022-02-28 12:00:00,16684.5,16733.6992,16652.75,16692.9492,0.0
2022-02-28 13:00:00,16693.8496,16741.0508,16680.8496,16703.1504,0.0
2022-02-28 14:00:00,16703.1992,16748.25,16640.6992,16739.0996,0.0
2022-02-28 15:00:00,16737.5508,16814.9004,16736.3008,16789.4492,0.0
2022-03-02 09:00:00,16588.9004,16677.75,16557.9492,16589.1504,0.0
2022-03-02 10:00:00,16588.8008,16627.8496,16545.9004,16575.4004,0.0
2022-03-02 11:00:00,16575.3008,16607.3496,16514.9492,16527.4492,0.0
2022-03-02 12:00:00,16527.6504,16538.8008,16479.1504,16530.4004,0.0
2022-03-02 13:00:00,16530.1504,16577.75,16515.25,16545.5,0.0
2022-03-02 14:00:00,16545.0,16556.9492,16484.5508,16527.5996,0.0
2022-03-02 15:00:00,16529.3496,16639.25,16529.3496,16625.8496,0.0
2022-03-03 09:00:00,16727.0,16767.9492,16638.25,16658.3008,0.0
2022-03-03 10:00:00,16657.6992,16658.9004,16607.0,16621.5,0.0
2022-03-03 11:00:00,16622.3008,16662.0,16612.3008,16639.9492,0.0
2022-03-03 12:00:00,16639.9004,16659.1992,16524.6992,16536.0508,0.0
2022-03-03 13:00:00,16536.4492,16576.0996,16477.6504,16563.0996,0.0
2022-03-03 14:00:00,16562.1504,16563.6504,16489.75,16502.3008,0.0
2022-03-03 15:00:00,16500.5996,16541.5508,16443.5996,16508.75,0.0
2022-03-04 09:00:00,16336.5,16336.5,16233.9004,16261.9502,0.0
2022-03-04 10:00:00,16263.75,16271.1504,16147.0498,16152.2998,0.0
2022-03-04 11:00:00,16151.5498,16267.9004,16134.0996,16265.9004,0.0
2022-03-04 12:00:00,16266.0,16373.0498,16221.4004,16360.3496,0.0
2022-03-04 13:00:00,16359.75,16455.5508,16348.6504,16428.0996,0.0
2022-03-04 14:00:00,16427.9492,16427.9492,16264.7998,16278.25,0.0
2022-03-04 15:00:00,16277.3496,16299.2998,16220.9502,16243.5498,0.0
2022-03-07 09:00:00,15863.5,15903.9004,15775.5498,15785.4004,0.0
2022-03-07 10:00:00,15785.4004,16174.4502,15742.4004,15859.1504,0.0
2022-03-07 11:00:00,15859.4004,15936.9502,15822.0498,15935.9502,0.0
2022-03-07 12:00:00,15935.2998,15943.5498,15888.1504,15916.0,0.0
2022-03-07 13:00:00,15915.9004,15930.7002,15788.7002,15816.6504,0.0
2022-03-07 14:00:00,15816.1504,15866.7002,15713.7002,15835.0498,0.0
2022-03-07 15:00:00,15835.3496,15898.4502,15801.8496,15881.0498,0.0
2022-03-08 09:00:00,15752.7998,15863.4502,15752.7998,15836.4004,0.0
2022-03-08 10:00:00,15836.3496,15894.9502,15792.4004,15792.5996,0.0
2022-03-08 11:00:00,15790.0996,15803.0,15696.5996,15698.1504,0.0
2022-03-08 12:00:00,15699.0,15768.8496,15671.6504,15715.0,0.0
2022-03-08 13:00:00,15714.0,15836.4004,15673.2998,15833.7002,0.0
2022-03-08 14:00:00,15835.3496,16015.5996,15814.3496,16010.0996,0.0
2022-03-08 15:00:00,16008.75,16027.9004,15977.2002,16017.4004,0.0
2022-03-09 09:00:00,16080.75,16146.6504,15992.75,16127.2002,0.0
2022-03-09 10:00:00,16128.5498,16172.5,16121.7998,16158.5,0.0
2022-03-09 11:00:00,16158.4004,16194.7002,16102.25,16194.7002,0.0
2022-03-09 12:00:00,16194.3496,16298.5,16172.9004,16296.5996,0.0
2022-03-09 13:00:00,16296.75,16344.25,16240.7002,16340.6504,0.0
2022-03-09 14:00:00,16339.8496,16417.4492,16332.0498,16371.2998,0.0
2022-03-09 15:00:00,16371.1504,16375.7002,16329.5,16366.9004,0.0
2022-03-10 09:00:00,16709.4492,16720.9004,16604.9492,16690.3008,0.0
2022-03-10 10:00:00,16689.3496,16754.25,16689.0996,16721.6992,0.0
2022-03-10 11:00:00,16721.75,16742.25,16689.0508,16713.8008,0.0
2022-03-10 12:00:00,16714.3008,16720.5996,16613.8008,16659.1504,0.0
2022-03-10 13:00:00,16659.1992,16673.5996,16503.5508,16535.0,0.0
2022-03-10 14:00:00,16535.3496,16615.4492,16448.0996,16564.25,0.0
2022-03-10 15:00:00,16562.5508,16627.0508,16545.4492,16563.5996,0.0
2022-03-11 09:00:00,16532.6992,16679.25,16472.5508,16667.75,0.0
2022-03-11 10:00:00,16667.6504,16694.0,16542.6504,16615.6504,0.0
2022-03-11 11:00:00,16615.1992,16660.0508,16585.5996,16635.9492,0.0
2022-03-11 12:00:00,16636.0996,16663.0996,16604.0996,16624.6992,0.0
2022-03-11 13:00:00,16625.1504,16634.6504,16564.5996,16607.4492,0.0
2022-03-11 14:00:00,16606.4492,16645.8008,16582.1992,16623.4004,0.0
2022-03-11 15:00:00,16621.4004,16652.8008,16609.9004,16620.5,0.0
2022-03-14 09:00:00,16646.8496,16701.4492,16607.9492,16673.8496,0.0
2022-03-14 10:00:00,16673.4004,16713.9492,16647.5508,16711.1992,0.0
2022-03-14 11:00:00,16710.5996,16762.6992,16690.3496,16750.0996,0.0
2022-03-14 12:00:00,16750.1992,16781.8008,16719.0996,16770.0,0.0
2022-03-14 13:00:00,16768.75,16800.4492,16756.5,16792.1992,0.0
2022-03-14 14:00:00,16792.25,16880.1504,16784.3008,16876.6992,0.0
2022-03-14 15:00:00,16876.0,16887.9004,16851.8008,16886.4004,0.0
2022-03-15 09:00:00,16893.0508,16926.8496,16808.0,16821.4492,0.0
2022-03-15 10:00:00,16818.75,16892.4492,16811.1992,16838.0996,0.0
2022-03-15 11:00:00,16838.8008,16879.5,16828.5508,16879.5,0.0
2022-03-15 12:00:00,16879.1992,16887.1504,16748.3496,16764.5996,0.0
2022-03-15 13:00:00,16764.0508,16764.0508,16660.8496,16661.0508,0.0
2022-03-15 14:00:00,16661.25,16700.3496,16555.6992,16698.5,0.0
2022-03-15 15:00:00,16699.0,16708.1992,16638.9492,16645.0,0.0
2022-03-16 09:00:00,16863.75,16942.0996,16853.0508,16889.5996,0.0
2022-03-16 10:00:00,16889.9492,16907.6992,16840.5508,16882.6992,0.0
2022-03-16 11:00:00,16882.3496,16926.0996,16870.4492,16910.5508,0.0
2022-03-16 12:00:00,16911.1992,16940.1992,16894.0,16905.4004,0.0
2022-03-16 13:00:00,16905.6992,16922.0508,16848.4492,16892.8496,0.0
2022-03-16 14:00:00,16893.25,16939.8496,16871.6504,16935.3008,0.0
2022-03-16 15:00:00,16936.8496,16987.8008,16935.3008,16966.3496,0.0
2022-03-17 09:00:00,17201.3496,17243.4004,17176.0508,17240.9004,0.0
2022-03-17 10:00:00,17240.5996,17278.5996,17239.75,17263.6504,0.0
2022-03-17 11:00:00,17263.8008,17305.5,17251.0,17295.0508,0.0
2022-03-17 12:00:00,17295.0996,17328.75,17273.4492,17302.4492,0.0
2022-03-17 13:00:00,17303.0508,17319.25,17278.5996,17311.5508,0.0
2022-03-17 14:00:00,17311.75,17344.5996,17280.9004,17322.9004,0.0
2022-03-17 15:00:00,17322.6992,17322.8496,17259.0508,17299.4004,0.0
2022-03-21 09:00:00,17327.9004,17352.0996,17237.4492,17238.5508,0.0
2022-03-21 10:00:00,17238.0508,17266.75,17209.3008,17254.5,0.0
2022-03-21 11:00:00,17255.3008,17278.25,17231.9004,17234.1992,0.0
2022-03-21 12:00:00,17233.9492,17249.3008,17141.6992,17150.0,0.0
2022-03-21 13:00:00,17150.0,17173.9492,17112.9004,17149.0508,0.0
2022-03-21 14:00:00,17149.8008,17190.0996,17100.8496,17110.4004,0.0
2022-03-21 15:00:00,17110.5508,17140.9492,17097.3496,17113.8496,0.0
2022-03-22 09:00:00,17120.5508,17141.9004,17030.1504,17055.25,0.0
2022-03-22 10:00:00,17055.8008,17077.4004,17006.4004,17034.0508,0.0
2022-03-22 11:00:00,17033.9492,17083.9492,17021.1504,17021.1504,0.0
2022-03-22 12:00:00,17022.5996,17167.1504,17014.6504,17162.8008,0.0
2022-03-22 13:00:00,17162.9492,17310.9004,17162.8496,17310.9004,0.0
2022-03-22 14:00:00,17310.0996,17320.5508,17231.0508,17286.0996,0.0
2022-03-22 15:00:00,17285.0,17332.1992,17285.0,17328.75,0.0
2022-03-23 09:00:00,17410.5996,17441.6992,17356.0,17366.75,0.0
2022-03-23 10:00:00,17365.6992,17384.6504,17303.75,17384.6504,0.0
2022-03-23 11:00:00,17384.9004,17386.0,17290.6504,17296.0508,0.0
2022-03-23 12:00:00,17298.0,17299.3496,17215.9004,17236.3008,0.0
2022-03-23 13:00:00,17235.3008,17291.25,17200.8008,17233.1992,0.0
2022-03-23 14:00:00,17233.4004,17307.1992,17233.4004,17265.0508,0.0
2022-03-23 15:00:00,17264.5508,17282.3008,17217.4492,17223.5508,0.0
2022-03-24 09:00:00,17094.8008,17257.5996,17094.8008,17257.5996,0.0
2022-03-24 10:00:00,17256.9004,17262.6992,17205.0,17227.3008,0.0
2022-03-24 11:00:00,17227.0,17291.4492,17223.5996,17232.6992,0.0
2022-03-24 12:00:00,17232.8008,17236.8008,17147.5996,17172.0,0.0
2022-03-24 13:00:00,17172.4004,17223.4004,17148.9004,17180.4004,0.0
2022-03-24 14:00:00,17180.5,17248.4004,17180.5,17230.0,0.0
2022-03-24 15:00:00,17228.6992,17254.1992,17192.25,17197.3008,0.0
2022-03-25 09:00:00,17289.0,17287.0996,17169.4492,17231.25,0.0
2022-03-25 10:00:00,17231.5,17249.9492,17160.4492,17183.8008,0.0
2022-03-25 11:00:00,17183.5508,17195.4004,17162.8496,17187.0996,0.0
2022-03-25 12:00:00,17187.0996,17187.3496,17119.5996,17135.3008,0.0
2022-03-25 13:00:00,17135.1992,17164.0508,17087.1992,17102.3008,0.0
2022-03-25 14:00:00,17102.5996,17145.75,17077.0508,17111.1992,0.0
2022-03-25 15:00:00,17111.6992,17197.9004,17105.6504,17177.9492,0.0
2022-03-28 09:00:00,17181.85,17190.0508,17037.1992,17077.0996,0.0
2022-03-28 10:00:00,17077.5996,17082.9492,17004.0996,17041.0996,0.0
2022-03-28 11:00:00,17042.3008,17065.9492,17018.0,17028.25,0.0
2022-03-28 12:00:00,17027.8496,17196.75,17006.25,17196.75,0.0
2022-03-28 13:00:00,17196.6504,17225.4004,17136.1504,17175.8496,0.0
2022-03-28 14:00:00,17175.8496,17218.0,17155.3496,17209.5508,0.0
2022-03-28 15:00:00,17210.1504,17234.4004,17203.5,17214.6992,0.0
2022-03-29 09:00:00,17297.2,17322.1992,17261.5508,17273.3008,0.0
2022-03-29 10:00:00,17273.25,17301.5508,17242.0508,17283.3496,0.0
2022-03-29 11:00:00,17283.6504,17299.1504,17247.0508,17254.0508,0.0
2022-03-29 12:00:00,17253.9004,17306.8496,17248.0996,17300.0996,0.0
2022-03-29 13:00:00,17300.0996,17310.4492,17236.3008,17258.8008,0.0
2022-03-29 14:00:00,17257.5508,17313.4492,17257.5508,17307.5,0.0
2022-03-29 15:00:00,17308.25,17342.1504,17295.9004,17335.75,0.0
2022-03-30 09:00:00,17468.15,17459.1992,17387.9492,17455.9004,0.0
2022-03-30 10:00:00,17456.1504,17494.5508,17443.6992,17488.5508,0.0
2022-03-30 11:00:00,17489.3496,17513.8008,17483.9004,17500.4004,0.0
2022-03-30 12:00:00,17500.4492,17506.6504,17467.8008,17478.25,0.0
2022-03-30 13:00:00,17477.75,17508.5508,17421.5996,17466.75,0.0
2022-03-30 14:00:00,17466.5,17507.6504,17445.0996,17503.5,0.0
2022-03-30 15:00:00,17505.0,17522.1504,17456.8496,17471.5996,0.0
2022-03-31 09:00:00,17519.2,17558.9004,17486.6992,17544.4004,0.0
2022-03-31 10:00:00,17544.8496,17546.75,17503.0996,17526.0508,0.0
2022-03-31 11:00:00,17525.9492,17528.25,17464.25,17474.4492,0.0
2022-03-31 12:00:00,17474.75,17513.4492,17457.1992,17505.25,0.0
2022-03-31 13:00:00,17505.5508,17530.4004,17475.1992,17480.3496,0.0
2022-03-31 14:00:00,17481.8008,17490.9004,17435.5996,17445.1992,0.0
2022-03-31 15:00:00,17445.3496,17477.75,17445.3496,17468.75,0.0
2022-04-01 09:00:00,17436.9,17530.9004,17431.6992,17527.4492,0.0
2022-04-01 10:00:00,17527.4004,17547.0996,17522.6504,17528.0508,0.0
2022-04-01 11:00:00,17528.1992,17556.3496,17517.3008,17530.25,0.0
2022-04-01 12:00:00,17530.4492,17552.0508,17511.5,17539.8008,0.0
2022-04-01 13:00:00,17540.3496,17590.75,17530.4004,17580.0,0.0
2022-04-01 14:00:00,17579.8496,17595.4492,17570.0996,17592.4004,0.0
2022-04-01 15:00:00,17592.5508,17702.5,17592.5508,17688.3496,0.0
2022-04-04 09:00:00,17809.1,17996.5,17796.25,17985.5996,0.0
2022-04-04 10:00:00,17985.0,18087.25,17981.9492,17995.6992,0.0
2022-04-04 11:00:00,17995.6992,18029.8008,17953.5,17975.5996,0.0
2022-04-04 12:00:00,17976.1992,17982.5,17888.1992,17921.0,0.0
2022-04-04 13:00:00,17922.8496,18010.8008,17922.8496,18000.8008,0.0
2022-04-04 14:00:00,18000.9004,18069.4004,17986.4492,18056.3008,0.0
2022-04-04 15:00:00,18055.9492,18067.4492,18032.75,18036.0508,0.0
2022-04-05 09:00:00,18080.6,18086.8008,17972.8496,17991.0,0.0
2022-04-05 10:00:00,17990.25,18015.75,17961.0996,18005.6504,0.0
2022-04-05 11:00:00,18005.5996,18033.6504,17999.8496,18013.5508,0.0
2022-04-05 12:00:00,18012.8008,18028.0,17992.5508,18008.5,0.0
2022-04-05 13:00:00,18009.0508,18095.1504,18009.0508,18031.3008,0.0
2022-04-05 14:00:00,18027.75,18030.75,17982.1504,18005.3496,0.0
2022-04-05 15:00:00,18005.5,18015.5,17922.5996,17930.75,0.0
2022-04-06 09:00:00,17842.75,17900.3008,17818.3496,17822.1504,0.0
2022-04-06 10:00:00,17822.0508,17846.1504,17780.1992,17813.0996,0.0
2022-04-06 11:00:00,17813.5508,17865.3496,17803.5,17865.3496,0.0
2022-04-06 12:00:00,17865.5,17898.5,17850.3496,17853.9004,0.0
2022-04-06 13:00:00,17852.0508,17868.8008,17787.4492,17818.6504,0.0
2022-04-06 14:00:00,17818.8008,17844.5996,17781.0508,17783.9004,0.0
2022-04-06 15:00:00,17785.9004,17830.8008,17785.9004,17799.3008,0.0
2022-04-07 09:00:00,17723.3,17745.3496,17701.75,17722.8008,0.0
2022-04-07 10:00:00,17723.5,17735.0996,17672.5996,17679.3008,0.0
2022-04-07 11:00:00,17679.6992,17752.75,17679.6992,17752.5,0.0
2022-04-07 12:00:00,17752.4492,17786.9492,17736.8496,17762.5996,0.0
2022-04-07 13:00:00,17762.1504,17772.75,17656.6504,17671.3008,0.0
2022-04-07 14:00:00,17671.9492,17694.3496,17626.25,17640.9004,0.0
2022-04-07 15:00:00,17642.1504,17662.0996,17624.0996,17655.1504,0.0
2022-04-08 09:00:00,17698.15,17721.9492,17616.25,17657.1504,0.0
2022-04-08 10:00:00,17656.0508,17695.0996,17602.1992,17673.3496,0.0
2022-04-08 11:00:00,17674.0508,17687.4492,17622.1504,17682.0,0.0
2022-04-08 12:00:00,17681.6504,17750.5,17681.6504,17715.8008,0.0
2022-04-08 13:00:00,17715.0,17796.9004,17699.8008,17794.0,0.0
2022-04-08 14:00:00,17793.3496,17842.4004,17793.3496,17813.6992,0.0
2022-04-08 15:00:00,17813.5,17816.9492,17764.1504,17800.3008,0.0
2022-04-11 09:00:00,17740.9004,17754.9004,17655.0996,17698.3496,-1.0
2022-04-11 10:00:00,17698.8496,17729.9004,17667.4492,17682.9492,0.0
2022-04-11 11:00:00,17682.6504,17715.1504,17664.8496,17713.3496,0.0
2022-04-11 12:00:00,17713.0,17740.25,17677.3496,17739.75,0.0
2022-04-11 13:00:00,17740.3496,17778.9492,17720.3496,17722.1504,0.0
2022-04-11 14:00:00,17721.8008,17750.0508,17676.5508,17693.75,0.0
2022-04-11 15:00:00,17694.3008,17694.9004,17651.1504,17679.6504,3.0
2022-04-12 09:00:00,17584.8496,17593.6992,17512.8496,17516.0996,-1.0
2022-04-12 10:00:00,17516.0,17525.9492,17462.5508,17501.9004,0.0
2022-04-12 11:00:00,17501.5996,17529.5996,17488.1504,17526.6992,0.0
2022-04-12 12:00:00,17526.5508,17533.8008,17483.0996,17511.8008,0.0
2022-04-12 13:00:00,17511.75,17513.8008,17443.0996,17494.5996,0.0
2022-04-12 14:00:00,17494.5508,17595.1504,17494.5508,17564.8008,0.0
2022-04-12 15:00:00,17567.5996,17572.5996,17512.3008,17519.9492,3.0
2022-04-13 09:00:00,17599.9004,17662.9492,17585.4492,17602.8008,-1.0
2022-04-13 10:00:00,17602.8008,17605.1992,17524.0508,17546.1504,0.0
2022-04-13 11:00:00,17546.75,17563.5508,17494.8008,17526.6992,0.0
2022-04-13 12:00:00,17526.4492,17534.1504,17457.4492,17480.6992,0.0
2022-04-13 13:00:00,17481.8008,17519.5,17468.0,17491.3008,0.0
2022-04-13 14:00:00,17491.6992,17528.5508,17480.5996,17497.1504,0.0
2022-04-13 15:00:00,17498.0996,17505.6992,17463.0996,17467.4492,3.0
2022-04-18 09:00:00,17183.4492,17237.25,17160.6992,17206.9492,-1.0
2022-04-18 10:00:00,17209.0508,17213.1992,17129.9004,17142.1504,0.0
2022-04-18 11:00:00,17142.4492,17178.4004,17139.9004,17160.9492,0.0
2022-04-18 12:00:00,17160.1992,17162.5996,17075.5996,17083.8496,0.0
2022-04-18 13:00:00,17083.6504,17154.1504,17068.5,17148.5996,0.0
2022-04-18 14:00:00,17149.0,17194.1504,17123.75,17174.9004,0.0
2022-04-18 15:00:00,17174.0508,17199.75,17138.0996,17185.8008,3.0
2022-04-19 09:00:00,17258.9492,17273.1504,17153.0996,17180.75,-1.0
2022-04-19 10:00:00,17179.8008,17207.0,17165.0,17165.0,0.0
2022-04-19 11:00:00,17164.5996,17242.1992,17162.9492,17234.4004,0.0
2022-04-19 12:00:00,17234.25,17255.4004,17193.5508,17197.8496,0.0
2022-04-19 13:00:00,17197.5,17253.0996,17170.3008,17239.5996,0.0
2022-04-19 14:00:00,17238.8496,17269.5996,17121.8008,17133.8008,0.0
2022-04-19 15:00:00,17134.1992,17134.6504,16826.0508,16869.1504,3.0
2022-04-20 09:00:00,17045.25,17131.5508,16979.0996,17115.8008,-1.0
2022-04-20 10:00:00,17116.8008,17137.0508,17076.1504,17083.0996,0.0
2022-04-20 11:00:00,17084.3008,17131.0,17063.1992,17065.5996,0.0
2022-04-20 12:00:00,17065.3008,17182.0,17063.0,17181.25,0.0
2022-04-20 13:00:00,17180.0508,17186.5,17061.8008,17083.3496,0.0
2022-04-20 14:00:00,17084.9492,17164.4492,17064.4004,17101.9004,0.0
2022-04-20 15:00:00,17099.0,17152.5996,17099.0,17149.5996,3.0
2022-04-21 09:00:00,17234.5996,17269.5996,17216.1992,17247.1992,-1.0
2022-04-21 10:00:00,17247.25,17287.0996,17241.0508,17284.0,0.0
2022-04-21 11:00:00,17284.3496,17350.3496,17283.5508,17341.0508,0.0
2022-04-21 12:00:00,17340.0508,17366.9492,17328.75,17357.0996,0.0
2022-04-21 13:00:00,17356.3008,17388.0996,17348.9492,17359.5996,0.0
2022-04-21 14:00:00,17360.75,17414.3496,17357.0,17403.5,0.0
2022-04-21 15:00:00,17404.6992,17413.6504,17371.75,17400.0996,3.0
2022-04-22 09:00:00,17242.75,17258.9492,17197.5996,17235.6992,-1.0
2022-04-22 10:00:00,17237.0508,17261.4492,17212.1992,17261.1504,0.0
2022-04-22 11:00:00,17261.1504,17313.5996,17253.0996,17304.4492,0.0
2022-04-22 12:00:00,17304.3496,17315.0996,17265.1992,17280.75,0.0
2022-04-22 13:00:00,17280.0508,17307.5508,17257.8496,17268.4004,0.0
2022-04-22 14:00:00,17268.5996,17274.1992,17149.75,17165.4492,0.0
2022-04-22 15:00:00,17170.3008,17200.25,17159.3008,17172.0996,3.0
2022-04-25 09:00:00,17009.0508,17020.8496,16933.0,16987.3008,-1.0
2022-04-25 10:00:00,16986.5996,17053.9492,16961.5,17003.5996,0.0
2022-04-25 11:00:00,17003.0,17024.4004,16973.9004,17004.6992,0.0
2022-04-25 12:00:00,17004.9004,17007.75,16905.1992,16956.25,0.0
2022-04-25 13:00:00,16956.3496,17008.4492,16947.3008,16955.4004,0.0
2022-04-25 14:00:00,16955.0,17004.8496,16888.8496,16949.5508,0.0
2022-04-25 15:00:00,16948.6504,16986.3008,16940.9492,16983.1992,3.0
2022-04-26 09:00:00,17121.3008,17181.4004,17114.1992,17161.5,-1.0
2022-04-26 10:00:00,17161.1992,17181.0,17134.6992,17140.9492,0.0
2022-04-26 11:00:00,17141.3008,17178.0508,17125.0,17175.5996,0.0
2022-04-26 12:00:00,17175.25,17177.3008,17076.8008,17080.9492,0.0
2022-04-26 13:00:00,17081.0996,17150.5,17065.3008,17139.3008,0.0
2022-04-26 14:00:00,17138.5996,17163.5996,17105.8008,17120.4004,0.0
2022-04-26 15:00:00,17120.0996,17223.4004,17120.0996,17201.4492,3.0
2022-04-27 09:00:00,17073.3496,17109.5,17040.5996,17084.4492,-1.0
2022-04-27 10:00:00,17084.9004,17086.6504,17031.6992,17048.9492,0.0
2022-04-27 11:00:00,17048.3008,17067.3496,17016.75,17039.9004,0.0
2022-04-27 12:00:00,17040.6504,17049.75,16970.6992,16970.6992,0.0
2022-04-27 13:00:00,16970.1992,17079.4004,16958.6504,17048.9004,0.0
2022-04-27 14:00:00,17049.0508,17091.5508,17019.0,17078.4492,0.0
2022-04-27 15:00:00,17079.6992,17080.5508,17021.25,17037.6504,3.0
2022-04-28 09:00:00,17189.5,17189.5,17088.4492,17106.3496,-1.0
2022-04-28 10:00:00,17106.1504,17117.75,17071.1992,17109.5508,0.0
2022-04-28 11:00:00,17109.4492,17170.4492,17098.75,17165.1992,0.0
2022-04-28 12:00:00,17164.8008,17221.3496,17164.8008,17221.3496,0.0
2022-04-28 13:00:00,17221.1992,17285.6504,17221.0,17284.8496,0.0
2022-04-28 14:00:00,17285.5996,17322.5,17278.4492,17292.75,0.0
2022-04-28 15:00:00,17293.5508,17294.5,17217.0,17231.3496,3.0
2022-04-29 09:00:00,17329.25,17347.9492,17241.9004,17269.0,-1.0
2022-04-29 10:00:00,17271.8496,17330.6992,17262.3496,17310.9492,0.0
2022-04-29 11:00:00,17311.4004,17357.3496,17303.8008,17344.5,0.0
2022-04-29 12:00:00,17344.3496,17365.75,17330.9004,17362.0,0.0
2022-04-29 13:00:00,17361.8008,17377.3008,17323.75,17340.5508,0.0
2022-04-29 14:00:00,17340.9492,17342.5,17190.5508,17277.4492,0.0
2022-04-29 15:00:00,17276.6504,17277.1992,17054.0,17111.5996,3.0
2022-05-02 09:00:00,16924.4492,17014.4004,16919.4004,16974.6992,-1.0
2022-05-02 10:00:00,16974.8496,17023.5,16958.3008,16958.3008,0.0
2022-05-02 11:00:00,16957.6992,17007.5996,16952.8496,17004.0508,0.0
2022-05-02 12:00:00,17004.9004,17045.5508,16983.8496,17021.8008,0.0
2022-05-02 13:00:00,17020.75,17037.5508,16987.0996,17012.1992,0.0
2022-05-02 14:00:00,17011.6992,17080.4492,16971.9004,17059.5996,0.0
2022-05-02 15:00:00,17060.3008,17091.8496,17051.5508,17064.6992,3.0
2022-05-04 09:00:00,17096.5996,17129.25,17040.1992,17043.5996,-1.0
2022-05-04 10:00:00,17043.8008,17050.1992,16920.8008,16952.0,0.0
2022-05-04 11:00:00,16952.3008,16969.6504,16914.4004,16935.8496,0.0
2022-05-04 12:00:00,16936.0,16938.6504,16824.0996,16855.75,0.0
2022-05-04 13:00:00,16855.3008,16920.0,16845.6504,16884.8008,0.0
2022-05-04 14:00:00,16885.3008,16964.1504,16624.6992,16675.6504,0.0
2022-05-04 15:00:00,16670.4004,16725.25,16642.1992,16694.6992,3.0
2022-05-05 09:00:00,16854.75,16862.75,16779.0508,16828.6992,-1.0
2022-05-05 10:00:00,16829.0508,16944.4004,16829.0508,16895.5508,0.0
2022-05-05 11:00:00,16896.3496,16927.6992,16837.6504,16837.75,0.0
2022-05-05 12:00:00,16837.25,16896.5508,16826.25,16866.0996,0.0
2022-05-05 13:00:00,16865.4004,16873.9004,16750.4492,16751.8008,0.0
2022-05-05 14:00:00,16750.5,16752.4004,16652.8008,16714.3008,0.0
2022-05-05 15:00:00,16712.8496,16722.3008,16662.6504,16669.1992,3.0
2022-05-06 09:00:00,16415.5508,16482.5996,16386.8008,16437.6992,-1.0
2022-05-06 10:00:00,16436.8496,16436.8496,16352.25,16382.5,0.0
2022-05-06 11:00:00,16381.8496,16430.6504,16342.4502,16376.25,0.0
2022-05-06 12:00:00,16377.3496,16424.5508,16359.7002,16394.9492,0.0
2022-05-06 13:00:00,16395.0508,16447.5,16354.9502,16414.1504,0.0
2022-05-06 14:00:00,16414.25,16483.9492,16379.75,16391.0996,0.0
2022-05-06 15:00:00,16390.8496,16440.8496,16376.7998,16438.25,3.0
2022-05-09 09:00:00,16227.7002,16270.2002,16142.6504,16242.5,-1.0
2022-05-09 10:00:00,16242.9502,16270.0498,16216.2002,16227.7002,0.0
2022-05-09 11:00:00,16227.25,16324.0498,16226.4004,16304.4004,0.0
2022-05-09 12:00:00,16303.9004,16403.1504,16288.3496,16333.4502,0.0
2022-05-09 13:00:00,16332.6504,16371.4004,16289.5996,16307.2998,0.0
2022-05-09 14:00:00,16309.5498,16401.3496,16231.1504,16328.0498,0.0
2022-05-09 15:00:00,16324.3496,16340.3496,16276.5498,16310.0498,3.0
2022-05-10 09:00:00,16248.9004,16351.4004,16245.25,16279.1504,-1.0
2022-05-10 10:00:00,16279.9502,16331.7998,16253.1504,16316.0498,0.0
2022-05-10 11:00:00,16315.5,16356.2998,16286.6504,16354.9004,0.0
2022-05-10 12:00:00,16355.2998,16404.4492,16354.2002,16390.5,0.0
2022-05-10 13:00:00,16390.6504,16390.6504,16308.1504,16328.4502,0.0
2022-05-10 14:00:00,16326.2002,16385.0508,16275.6504,16278.3496,0.0
2022-05-10 15:00:00,16280.0996,16298.2002,16198.5498,16207.75,3.0
2022-05-11 09:00:00,16270.0498,16316.7002,16158.0,16178.3496,-1.0
2022-05-11 10:00:00,16178.25,16192.75,16072.0498,16119.5996,0.0
2022-05-11 11:00:00,16120.0996,16164.0,16085.5996,16141.9004,0.0
2022-05-11 12:00:00,16141.5996,16153.7998,16027.7002,16038.7998,0.0
2022-05-11 13:00:00,16039.8496,16128.25,15993.0,16116.4004,0.0
2022-05-11 14:00:00,16119.0498,16223.75,16119.0498,16195.2998,0.0
2022-05-11 15:00:00,16193.4502,16203.5,16137.5996,16202.25,3.0
2022-05-12 09:00:00,16021.0996,16037.6504,15849.75,15890.0,-1.0
2022-05-12 10:00:00,15892.0,15925.9502,15846.5,15863.0498,0.0
2022-05-12 11:00:00,15860.1504,15889.8496,15825.7002,15858.4004,0.0
2022-05-12 12:00:00,15857.75,15884.75,15808.0,15842.4502,0.0
2022-05-12 13:00:00,15842.4502,15890.0498,15801.2002,15816.7002,0.0
2022-05-12 14:00:00,15817.5,15839.3496,15737.3496,15825.0996,0.0
2022-05-12 15:00:00,15824.4004,15829.7998,15761.75,15826.4502,3.0
2022-05-13 09:00:00,15977.0,16031.2002,15912.0,15915.5498,-1.0
2022-05-13 10:00:00,15914.0996,15996.7998,15887.4502,15981.7002,0.0
2022-05-13 11:00:00,15981.6504,16056.2002,15969.3496,16030.5,0.0
2022-05-13 12:00:00,16029.3496,16052.9004,15996.7002,16039.5498,0.0
2022-05-13 13:00:00,16040.4004,16083.2002,16021.5498,16023.0,0.0
2022-05-13 14:00:00,16022.7002,16034.5,15826.9502,15850.2998,0.0
2022-05-13 15:00:00,15853.4502,15875.75,15741.0498,15767.1504,3.0
2022-05-16 09:00:00,15845.0996,15977.25,15741.3496,15939.7998,-1.0
2022-05-16 10:00:00,15939.9004,15962.3496,15887.5498,15911.2998,0.0
2022-05-16 11:00:00,15911.0498,15939.9004,15839.6504,15843.6504,0.0
2022-05-16 12:00:00,15843.0996,15863.2998,15767.5996,15829.5996,0.0
2022-05-16 13:00:00,15830.7998,15886.0996,15802.8496,15872.6504,0.0
2022-05-16 14:00:00,15872.1504,15904.5,15837.0,15854.4502,0.0
2022-05-16 15:00:00,15853.5,15866.9502,15809.1504,15864.5,3.0
2022-05-17 09:00:00,15912.5996,15977.1504,15907.5498,15954.7998,-1.0
2022-05-17 10:00:00,15954.0498,16111.2998,15937.4004,16097.9004,0.0
2022-05-17 11:00:00,16098.2002,16152.3496,16071.0,16115.9004,0.0
2022-05-17 12:00:00,16115.0498,16168.7998,16102.9004,16148.75,0.0
2022-05-17 13:00:00,16149.4004,16184.4502,16124.2998,16180.2002,0.0
2022-05-17 14:00:00,16180.5,16252.6504,16178.5498,16248.9004,0.0
2022-05-17 15:00:00,16249.0498,16282.5996,16226.0498,16282.5996,3.0
2022-05-18 09:00:00,16318.1504,16399.5508,16282.25,16381.3496,-1.0
2022-05-18 10:00:00,16380.6504,16382.5996,16302.4502,16335.0,0.0
2022-05-18 11:00:00,16334.9004,16365.3496,16308.5,16351.6504,0.0
2022-05-18 12:00:00,16352.25,16357.9004,16211.7998,16257.6504,0.0
2022-05-18 13:00:00,16257.0498,16354.7002,16227.4004,16329.9004,0.0
2022-05-18 14:00:00,16330.1504,16330.6504,16232.5996,16268.2002,0.0
2022-05-18 15:00:00,16268.4004,16268.4004,16226.8496,16256.4502,3.0
2022-05-19 09:00:00,15917.4004,15983.4502,15905.2998,15948.7002,-1.0
2022-05-19 10:00:00,15948.7002,15966.7998,15921.75,15946.5996,0.0
2022-05-19 11:00:00,15946.2998,15954.7998,15868.7998,15874.9004,0.0
2022-05-19 12:00:00,15874.7002,15889.5996,15837.0996,15837.9502,0.0
2022-05-19 13:00:00,15838.5498,15864.3496,15811.6504,15847.5996,0.0
2022-05-19 14:00:00,15850.9004,15856.2002,15783.25,15806.6504,0.0
2022-05-19 15:00:00,15807.0498,15839.5996,15776.0,15828.4502,3.0
2022-05-20 09:00:00,16043.7998,16177.9502,16004.8496,16167.4004,1.0
2022-05-20 10:00:00,16167.9004,16178.75,16146.5,16174.3496,-2.0
2022-05-20 11:00:00,16174.7002,16210.0498,16169.4004,16172.0996,0.0
2022-05-20 12:00:00,16171.4502,16186.9502,16116.0996,16175.1504,0.0
2022-05-20 13:00:00,16175.4004,16224.5498,16168.5996,16200.2998,0.0
2022-05-20 14:00:00,16200.7998,16248.75,16183.7002,16248.4502,0.0
2022-05-20 15:00:00,16248.75,16282.4004,16248.75,16278.7002,3.0
2022-05-23 09:00:00,16290.9502,16347.5996,16207.75,16311.5,-1.0
2022-05-23 10:00:00,16311.7998,16357.2998,16296.5,16344.5498,0.0
2022-05-23 11:00:00,16344.6504,16381.8496,16332.0996,16365.5996,0.0
2022-05-23 12:00:00,16365.0498,16393.3008,16338.7998,16358.1504,0.0
2022-05-23 13:00:00,16358.2998,16414.3496,16334.75,16336.0498,0.0
2022-05-23 14:00:00,16335.1504,16335.7002,16233.8496,16260.0498,0.0
2022-05-23 15:00:00,16259.5498,16268.7002,16187.4502,16191.6504,3.0
2022-05-24 09:00:00,16225.5498,16261.7002,16142.5498,16142.5498,-1.0
2022-05-24 10:00:00,16141.6504,16186.1504,16117.5996,16162.7998,0.0
2022-05-24 11:00:00,16163.2002,16242.5,16144.8496,16228.3496,0.0
2022-05-24 12:00:00,16228.2998,16238.9502,16171.0996,16229.3496,0.0
2022-05-24 13:00:00,16229.4004,16261.3496,16145.7002,16168.5996,0.0
2022-05-24 14:00:00,16168.0996,16184.5996,16079.0996,16130.7998,0.0
2022-05-24 15:00:00,16133.25,16146.0996,16111.6504,16139.5,3.0
2022-05-25 09:00:00,16196.3496,16222.9502,16120.8496,16134.8496,-1.0
2022-05-25 10:00:00,16135.0498,16156.8496,16115.2998,16138.9004,0.0
2022-05-25 11:00:00,16138.5498,16167.5,16067.0498,16071.75,0.0
2022-05-25 12:00:00,16072.0996,16101.7998,16050.2002,16058.5996,0.0
2022-05-25 13:00:00,16058.75,16076.4004,16009.3496,16032.25,0.0
2022-05-25 14:00:00,16031.7002,16097.5498,16008.4502,16032.7002,0.0
2022-05-25 15:00:00,16032.9502,16041.0,16007.25,16037.7998,3.0
2022-05-26 09:00:00,16105.0,16129.4502,16026.6504,16044.2998,-1.0
2022-05-26 10:00:00,16045.5,16045.5996,15910.75,15929.9502,0.0
2022-05-26 11:00:00,15933.6504,15951.4502,15904.1504,15922.7002,0.0
2022-05-26 12:00:00,15922.9502,16002.9502,15917.4502,15996.0498,0.0
2022-05-26 13:00:00,15994.5498,16164.0,15994.5498,16090.9502,0.0
2022-05-26 14:00:00,16094.2002,16186.1504,16063.7998,16181.7998,0.0
2022-05-26 15:00:00,16182.4502,16203.4004,16131.7002,16201.5498,3.0
2022-05-27 09:00:00,16296.5996,16328.8496,16275.9502,16311.75,-1.0
2022-05-27 10:00:00,16312.2998,16312.7002,16235.0996,16245.7002,0.0
2022-05-27 11:00:00,16245.7002,16279.0996,16236.2998,16253.0,0.0
2022-05-27 12:00:00,16253.7002,16303.2002,16223.7002,16298.75,0.0
2022-05-27 13:00:00,16299.5498,16365.6504,16288.25,16358.7998,0.0
2022-05-27 14:00:00,16358.7002,16370.4502,16296.4004,16338.2002,0.0
2022-05-27 15:00:00,16335.8496,16366.7998,16326.25,16356.0996,3.0
2022-05-30 09:00:00,16527.9004,16625.0508,16506.1504,16609.0,0.0
2022-05-30 10:00:00,16610.0508,16655.3008,16606.75,16651.9004,0.0
2022-05-30 11:00:00,16652.1504,16695.1992,16652.1504,16674.9004,0.0
2022-05-30 12:00:00,16674.4004,16681.5508,16637.0996,16651.75,0.0
2022-05-30 13:00:00,16651.6504,16675.25,16634.8008,16661.75,0.0
2022-05-30 14:00:00,16661.8008,16670.3008,16612.1992,16662.75,0.0
2022-05-30 15:00:00,16663.0996,16672.6992,16652.6992,16668.1992,0.0
2022-05-31 09:00:00,16578.4492,16599.4492,16522.1992,16568.3008,0.0
2022-05-31 10:00:00,16568.6992,16659.5996,16566.3008,16654.8496,0.0
2022-05-31 11:00:00,16655.25,16662.3008,16611.0508,16656.6504,0.0
2022-05-31 12:00:00,16656.75,16670.25,16615.5,16632.4492,0.0
2022-05-31 13:00:00,16632.75,16683.8008,16601.0508,16681.0508,0.0
2022-05-31 14:00:00,16680.9004,16690.6504,16636.6992,16637.25,0.0
2022-05-31 15:00:00,16637.25,16637.5,16532.4492,16578.25,0.0
2022-06-01 09:00:00,16594.4004,16648.5,16538.1504,16551.9004,0.0
2022-06-01 10:00:00,16552.75,16632.25,16546.1992,16612.4004,0.0
2022-06-01 11:00:00,16612.5996,16618.5,16568.1992,16588.0996,0.0
2022-06-01 12:00:00,16587.8496,16594.75,16560.8496,16574.3008,0.0
2022-06-01 13:00:00,16574.1992,16583.5508,16477.9004,16501.6504,0.0
2022-06-01 14:00:00,16501.6504,16521.75,16439.0508,16457.5,0.0
2022-06-01 15:00:00,16457.4492,16549.8008,16457.4492,16540.8008,0.0
2022-06-02 09:00:00,16481.6504,16534.5996,16445.1992,16524.25,0.0
2022-06-02 10:00:00,16524.5508,16585.1504,16502.25,16516.8496,0.0
2022-06-02 11:00:00,16518.0508,16565.6504,16494.25,16552.3496,0.0
2022-06-02 12:00:00,16552.3008,16598.3008,16538.3496,16586.75,0.0
2022-06-02 13:00:00,16586.6992,16621.4004,16546.1992,16610.3008,0.0
2022-06-02 14:00:00,16610.0,16645.75,16606.4004,16632.6992,0.0
2022-06-02 15:00:00,16633.25,16641.1992,16596.0508,16637.4004,0.0
2022-06-03 09:00:00,16761.6504,16793.25,16751.3008,16773.5508,0.0
2022-06-03 10:00:00,16774.75,16783.5996,16711.0996,16740.6504,0.0
2022-06-03 11:00:00,16740.3008,16760.5508,16718.4004,16755.0,0.0
2022-06-03 12:00:00,16753.4492,16764.1992,16696.5508,16708.8496,0.0
2022-06-03 13:00:00,16709.6992,16728.1504,16659.4004,16690.0508,0.0
2022-06-03 14:00:00,16688.8008,16720.0,16588.0,16589.0,0.0
2022-06-03 15:00:00,16587.5996,16607.6504,16568.5,16583.5996,0.0
2022-06-06 09:00:00,16530.6992,16577.4492,16445.6504,16516.5508,0.0
2022-06-06 10:00:00,16514.9492,16540.1504,16485.5,16512.6992,0.0
2022-06-06 11:00:00,16513.6992,16528.9492,16482.1504,16524.0996,0.0
2022-06-06 12:00:00,16523.9004,16584.9492,16519.3496,16570.6504,0.0
2022-06-06 13:00:00,16571.9492,16601.1504,16551.1504,16601.1504,0.0
2022-06-06 14:00:00,16601.3008,16610.8496,16554.25,16594.4492,0.0
2022-06-06 15:00:00,16592.9004,16596.6992,16556.75,16563.6504,0.0
2022-06-07 09:00:00,16469.5996,16487.25,16400.0,16401.5,0.0
2022-06-07 10:00:00,16401.8008,16444.0996,16383.25,16392.1992,0.0
2022-06-07 11:00:00,16391.9004,16399.8496,16347.7998,16386.3008,0.0
2022-06-07 12:00:00,16385.9492,16416.9004,16378.75,16399.1504,0.0
2022-06-07 13:00:00,16399.1992,16415.0,16374.8496,16377.7002,0.0
2022-06-07 14:00:00,16378.2998,16425.9492,16375.5,16389.25,0.0
2022-06-07 15:00:00,16388.0508,16427.3008,16388.0508,16404.4492,0.0
2022-06-08 09:00:00,16474.9492,16484.4492,16332.9004,16339.2998,0.0
2022-06-08 10:00:00,16339.25,16513.4492,16294.25,16453.1992,0.0
2022-06-08 11:00:00,16452.6992,16468.9492,16424.0,16464.75,0.0
2022-06-08 12:00:00,16465.0996,16484.6504,16434.5,16439.4492,0.0
2022-06-08 13:00:00,16438.75,16444.4492,16327.2998,16367.3496,0.0
2022-06-08 14:00:00,16368.2002,16373.6504,16310.2002,16334.1504,0.0
2022-06-08 15:00:00,16334.6504,16376.6504,16334.6504,16335.4004,0.0
2022-06-09 09:00:00,16263.8496,16336.7002,16246.0996,16324.0498,0.0
2022-06-09 10:00:00,16324.0996,16381.6504,16296.8496,16380.3496,0.0
2022-06-09 11:00:00,16380.4004,16393.4492,16336.8496,16346.4502,0.0
2022-06-09 12:00:00,16346.25,16420.0,16345.0498,16372.7998,0.0
2022-06-09 13:00:00,16373.2998,16380.0996,16332.4502,16374.5498,0.0
2022-06-09 14:00:00,16373.0,16468.5996,16368.4004,16452.0508,0.0
2022-06-09 15:00:00,16454.0,16492.5,16454.0,16481.8008,0.0
2022-06-10 09:00:00,16283.9502,16324.4004,16258.5996,16274.7002,0.0
2022-06-10 10:00:00,16272.1504,16302.0,16252.4502,16281.5996,0.0
2022-06-10 11:00:00,16281.1504,16288.7998,16227.7998,16244.9004,0.0
2022-06-10 12:00:00,16244.7998,16258.7002,16208.3496,16209.0996,0.0
2022-06-10 13:00:00,16209.0,16235.7998,16191.75,16213.5498,0.0
2022-06-10 14:00:00,16213.25,16214.0996,16173.25,16200.1504,0.0
2022-06-10 15:00:00,16199.5,16229.25,16177.75,16191.4502,0.0
2022-06-13 09:00:00,15877.5498,15882.5,15769.0996,15795.9502,0.0
2022-06-13 10:00:00,15796.8496,15802.2002,15750.4004,15796.2998,0.0
2022-06-13 11:00:00,15797.0,15820.2998,15781.0996,15787.1504,0.0
2022-06-13 12:00:00,15787.2002,15808.0498,15761.2002,15763.2002,0.0
2022-06-13 13:00:00,15762.75,15778.1504,15684.4004,15699.75,0.0
2022-06-13 14:00:00,15699.2998,15777.3496,15685.4502,15758.8496,0.0
2022-06-13 15:00:00,15757.5996,15805.0996,15740.25,15800.9502,0.0
2022-06-14 09:00:00,15674.25,15783.4004,15660.9502,15759.8496,0.0
2022-06-14 10:00:00,15759.5996,15818.1504,15747.75,15813.5,0.0
2022-06-14 11:00:00,15813.1504,15857.8496,15809.6504,15816.2002,0.0
2022-06-14 12:00:00,15816.0996,15831.0,15727.4004,15732.7002,0.0
2022-06-14 13:00:00,15733.5996,15805.4502,15723.25,15757.5,0.0
2022-06-14 14:00:00,15756.7002,15758.5498,15679.7002,15699.0498,0.0
2022-06-14 15:00:00,15698.3496,15752.5498,15696.9502,15741.9502,0.0
2022-06-15 09:00:00,15729.25,15775.5996,15683.5498,15707.5498,0.0
2022-06-15 10:00:00,15707.7002,15756.3496,15691.5996,15703.9502,0.0
2022-06-15 11:00:00,15703.6504,15748.75,15690.0996,15746.6504,0.0
2022-06-15 12:00:00,15746.3496,15783.4502,15723.9502,15745.2002,0.0
2022-06-15 13:00:00,15744.7998,15775.2002,15735.1504,15767.2998,0.0
2022-06-15 14:00:00,15767.1504,15768.0498,15710.3496,15730.0996,0.0
2022-06-15 15:00:00,15730.5498,15730.5498,15679.7002,15682.9004,0.0
2022-06-16 09:00:00,15832.25,15862.25,15765.1504,15768.7002,0.0
2022-06-16 10:00:00,15768.6504,15783.9004,15706.0996,15729.5996,0.0
2022-06-16 11:00:00,15730.1504,15735.1504,15588.0498,15598.6504,0.0
2022-06-16 12:00:00,15599.2002,15611.3496,15506.3496,15536.6504,0.0
2022-06-16 13:00:00,15537.5498,15537.5498,15370.3496,15455.25,0.0
2022-06-16 14:00:00,15454.7998,15456.3496,15344.75,15381.25,0.0
2022-06-16 15:00:00,15379.5,15396.0996,15335.7998,15348.2002,0.0
2022-06-17 09:00:00,15272.6504,15399.0498,15185.5498,15350.8496,0.0
2022-06-17 10:00:00,15354.7002,15366.4502,15269.4502,15319.0,0.0
2022-06-17 11:00:00,15318.7002,15331.1504,15222.2998,15260.6504,0.0
2022-06-17 12:00:00,15259.2998,15328.5996,15245.5996,15279.8496,0.0
2022-06-17 13:00:00,15280.5996,15327.4004,15258.0996,15316.3496,0.0
2022-06-17 14:00:00,15316.3496,15387.0,15250.0498,15379.1504,0.0
2022-06-17 15:00:00,15379.75,15383.2002,15250.4502,15335.5996,0.0
2022-06-20 09:00:00,15334.5,15362.0996,15192.5,15265.4502,0.0
2022-06-20 10:00:00,15266.25,15332.9004,15252.7002,15273.2998,0.0
2022-06-20 11:00:00,15273.5498,15349.0,15263.4004,15331.8496,0.0
2022-06-20 12:00:00,15332.8496,15382.0498,15317.5,15335.25,0.0
2022-06-20 13:00:00,15335.5498,15339.6504,15273.1504,15292.5,0.0
2022-06-20 14:00:00,15293.1504,15317.3496,15250.2002,15282.6504,0.0
2022-06-20 15:00:00,15282.9004,15379.9502,15275.0996,15368.9004,0.0
2022-06-21 09:00:00,15455.9502,15548.6504,15420.4004,15541.7002,0.0
2022-06-21 10:00:00,15542.75,15593.2002,15539.75,15574.9004,0.0
2022-06-21 11:00:00,15574.7998,15614.7002,15563.0,15605.5996,0.0
2022-06-21 12:00:00,15604.9004,15648.9004,15581.0996,15640.9502,0.0
2022-06-21 13:00:00,15640.75,15707.25,15640.75,15701.7002,0.0
2022-06-21 14:00:00,15700.3496,15705.7998,15626.7998,15637.4004,0.0
2022-06-21 15:00:00,15638.3496,15653.0498,15619.9502,15634.1504,0.0
2022-06-22 09:00:00,15545.6504,15563.2998,15446.1504,15459.5498,0.0
2022-06-22 10:00:00,15460.4004,15522.0498,15426.9502,15519.75,0.0
2022-06-22 11:00:00,15519.9004,15533.2998,15458.6504,15460.7998,0.0
2022-06-22 12:00:00,15460.75,15482.4502,15408.0,15422.1504,0.0
2022-06-22 13:00:00,15421.75,15439.7002,15386.4004,15402.4502,0.0
2022-06-22 14:00:00,15403.0498,15470.5498,15400.3496,15444.8496,0.0
2022-06-22 15:00:00,15444.2998,15451.9004,15398.0,15401.0996,0.0
2022-06-23 09:00:00,15451.5498,15577.75,15412.75,15563.2998,0.0
2022-06-23 10:00:00,15562.0498,15608.7002,15549.5498,15607.4502,0.0
2022-06-23 11:00:00,15607.3496,15628.25,15510.7998,15521.5,0.0
2022-06-23 12:00:00,15522.0,15546.5,15404.2998,15425.0996,0.0
2022-06-23 13:00:00,15424.4004,15579.75,15368.4502,15571.5996,0.0
2022-06-23 14:00:00,15571.2998,15591.7998,15493.6504,15583.0498,0.0
2022-06-23 15:00:00,15582.6504,15584.7998,15543.9004,15577.5498,0.0
2022-06-24 09:00:00,15657.4004,15747.4004,15651.5996,15709.6504,0.0
2022-06-24 10:00:00,15709.7002,15728.6504,15646.9004,15691.5498,0.0
2022-06-24 11:00:00,15691.0,15695.25,15622.8496,15627.1504,0.0
2022-06-24 12:00:00,15627.3496,15671.9004,15619.7998,15659.2002,0.0
2022-06-24 13:00:00,15659.2002,15692.5498,15637.1504,15683.0498,0.0
2022-06-24 14:00:00,15683.4502,15717.0498,15672.0,15693.0996,0.0
2022-06-24 15:00:00,15693.0996,15712.0,15676.0996,15698.9502,0.0
2022-06-27 09:00:00,15926.2002,15926.5,15863.5,15875.4502,0.0
2022-06-27 10:00:00,15876.25,15897.5,15853.5,15864.2998,0.0
2022-06-27 11:00:00,15864.9004,15881.5996,15832.0498,15842.75,0.0
2022-06-27 12:00:00,15842.2998,15901.0,15838.2998,15893.0498,0.0
2022-06-27 13:00:00,15892.7998,15911.5498,15880.0,15887.0,0.0
2022-06-27 14:00:00,15886.8496,15907.2002,15833.5498,15864.0996,0.0
2022-06-27 15:00:00,15863.25,15863.7998,15816.25,15836.0996,0.0
2022-06-28 09:00:00,15757.4502,15790.9502,15714.4502,15716.8496,0.0
2022-06-28 10:00:00,15717.5498,15748.2002,15710.3496,15731.0996,0.0
2022-06-28 11:00:00,15730.9004,15809.5498,15729.5498,15802.5,0.0
2022-06-28 12:00:00,15802.6504,15837.2998,15776.1504,15804.5498,0.0
2022-06-28 13:00:00,15804.2002,15815.0,15759.0,15798.4004,0.0
2022-06-28 14:00:00,15798.2998,15841.7998,15780.5498,15822.7998,0.0
2022-06-28 15:00:00,15822.0498,15887.75,15822.0498,15874.75,0.0
2022-06-29 09:00:00,15701.7002,15759.2002,15689.0996,15758.5498,0.0
2022-06-29 10:00:00,15759.7002,15787.4502,15745.0996,15749.0498,0.0
2022-06-29 11:00:00,15748.6504,15805.3496,15743.3496,15804.7002,0.0
2022-06-29 12:00:00,15804.5498,15829.8496,15779.7002,15823.2002,0.0
2022-06-29 13:00:00,15822.7998,15853.0498,15810.2998,15833.0498,0.0
2022-06-29 14:00:00,15832.4502,15861.2998,15801.5,15840.0498,0.0
2022-06-29 15:00:00,15841.0,15841.0,15775.8496,15783.3496,0.0
2022-06-30 09:00:00,15774.5,15889.6504,15769.9502,15873.4502,0.0
2022-06-30 10:00:00,15873.2002,15876.0498,15785.8496,15805.0,0.0
2022-06-30 11:00:00,15805.0498,15812.75,15766.0996,15794.0,0.0
2022-06-30 12:00:00,15792.4502,15820.0996,15735.5498,15770.75,0.0
2022-06-30 13:00:00,15769.9502,15840.1504,15762.1504,15810.9502,0.0
2022-06-30 14:00:00,15812.5498,15852.4004,15793.5996,15828.2998,0.0
2022-06-30 15:00:00,15827.8496,15828.25,15730.4004,15735.9004,0.0
2022-07-01 09:00:00,15703.7002,15718.25,15606.5,15614.1504,0.0
2022-07-01 10:00:00,15614.75,15631.9004,15511.8496,15618.8496,0.0
2022-07-01 11:00:00,15618.5,15648.5996,15590.5996,15636.0,0.0
2022-07-01 12:00:00,15637.2002,15666.2002,15626.8496,15658.3496,0.0
2022-07-01 13:00:00,15658.4502,15702.0498,15647.4502,15666.2998,0.0
2022-07-01 14:00:00,15666.25,15727.6504,15634.0,15703.7002,0.0
2022-07-01 15:00:00,15703.1504,15791.5996,15691.6504,15764.0,0.0
2022-07-04 09:00:00,15710.5,15793.9502,15679.75,15691.5996,0.0
2022-07-04 10:00:00,15691.2002,15736.2998,15662.5,15732.6504,0.0
2022-07-04 11:00:00,15732.9502,15765.7998,15722.0,15761.9004,0.0
2022-07-04 12:00:00,15761.5996,15782.7002,15752.0996,15782.2002,0.0
2022-07-04 13:00:00,15782.5,15794.75,15735.2002,15750.25,0.0
2022-07-04 14:00:00,15750.75,15826.1504,15746.0,15820.2002,0.0
2022-07-04 15:00:00,15818.7998,15852.2998,15807.5,15829.1504,0.0
2022-07-05 09:00:00,15909.1504,15973.2998,15896.25,15967.5,0.0
2022-07-05 10:00:00,15968.2002,16001.75,15962.2998,16001.4502,0.0
2022-07-05 11:00:00,16001.3496,16020.6504,15981.2002,16012.0996,0.0
2022-07-05 12:00:00,16011.5498,16025.75,15979.1504,15979.6504,0.0
2022-07-05 13:00:00,15978.75,15989.9502,15860.6504,15879.6504,0.0
2022-07-05 14:00:00,15878.8496,15893.7002,15816.75,15818.9004,0.0
2022-07-05 15:00:00,15818.5996,15832.8496,15785.7002,15799.9502,0.0
2022-07-06 09:00:00,15818.2002,15904.8496,15801.5,15871.7002,0.0
2022-07-06 10:00:00,15871.4502,15926.8496,15860.2998,15916.0498,0.0
2022-07-06 11:00:00,15916.4502,15917.5996,15850.8496,15877.7002,0.0
2022-07-06 12:00:00,15877.3496,15973.9004,15862.0,15973.2998,0.0
2022-07-06 13:00:00,15973.5996,16001.0498,15956.0996,15962.5996,0.0
2022-07-06 14:00:00,15962.2002,15978.0,15907.9502,15977.2998,0.0
2022-07-06 15:00:00,15977.1504,16010.7998,15957.0498,16008.0498,0.0
2022-07-07 09:00:00,16113.75,16138.0498,16066.0,16070.5,0.0
2022-07-07 10:00:00,16069.8496,16126.1504,16064.1504,16108.1504,0.0
2022-07-07 11:00:00,16107.5996,16118.5498,16085.25,16116.6504,0.0
2022-07-07 12:00:00,16116.5996,16118.2002,16090.1504,16103.0,0.0
2022-07-07 13:00:00,16102.7998,16142.9502,16101.9004,16107.7998,0.0
2022-07-07 14:00:00,16106.1504,16138.3496,16047.0498,16127.9502,0.0
2022-07-07 15:00:00,16127.7998,16150.0498,16112.3496,16138.9004,0.0
2022-07-08 09:00:00,16273.6504,16275.5,16186.3496,16202.7002,0.0
2022-07-08 10:00:00,16203.3496,16218.7998,16177.6504,16214.4502,0.0
2022-07-08 11:00:00,16214.3496,16218.75,16178.2002,16178.25,0.0
2022-07-08 12:00:00,16178.4502,16210.9502,16173.5498,16194.9004,0.0
2022-07-08 13:00:00,16195.1504,16226.4004,16180.5498,16189.7002,0.0
2022-07-08 14:00:00,16188.75,16194.0498,16157.9004,16188.4502,0.0
2022-07-08 15:00:00,16190.0996,16236.5498,16188.7002,16217.5,0.0
2022-07-11 09:00:00,16136.1504,16166.5,16115.6504,16144.6504,0.0
2022-07-11 10:00:00,16144.7998,16175.0,16143.2002,16156.3496,0.0
2022-07-11 11:00:00,16155.7998,16166.8496,16128.2998,16144.9004,0.0
2022-07-11 12:00:00,16144.5498,16156.9004,16117.2002,16156.6504,0.0
2022-07-11 13:00:00,16156.4502,16203.7998,16150.2002,16189.0498,0.0
2022-07-11 14:00:00,16189.1504,16248.4004,16188.4502,16227.0,0.0
2022-07-11 15:00:00,16224.6504,16239.75,16194.25,16199.0498,0.0
2022-07-12 09:00:00,16126.2002,16152.25,16104.4004,16140.9004,0.0
2022-07-12 10:00:00,16140.6504,16158.6504,16132.5996,16156.0996,0.0
2022-07-12 11:00:00,16155.5996,16156.5498,16107.4004,16124.75,0.0
2022-07-12 12:00:00,16124.6504,16129.9502,16071.8496,16078.4004,0.0
2022-07-12 13:00:00,16077.7002,16116.4004,16070.25,16096.7002,0.0
2022-07-12 14:00:00,16096.8496,16144.5498,16076.9502,16077.0498,0.0
2022-07-12 15:00:00,16077.8496,16086.1504,16032.25,16037.75,0.0
2022-07-13 09:00:00,16128.2002,16138.6504,16103.0498,16121.4502,0.0
2022-07-13 10:00:00,16121.4502,16139.8496,16056.7998,16077.5996,0.0
2022-07-13 11:00:00,16078.2002,16102.7002,16065.2998,16084.4502,0.0
2022-07-13 12:00:00,16084.2002,16094.7998,16005.2998,16016.0996,0.0
2022-07-13 13:00:00,16016.25,16022.0498,15968.5,15976.7998,0.0
2022-07-13 14:00:00,15977.0996,16007.7998,15972.9502,15988.5,0.0
2022-07-13 15:00:00,15989.5996,15993.3496,15950.5498,15975.75,0.0
2022-07-14 09:00:00,16018.8496,16070.5,15995.1504,16066.2998,0.0
2022-07-14 10:00:00,16066.0996,16067.25,16012.8496,16034.25,0.0
2022-07-14 11:00:00,16034.1504,16041.8496,15953.5996,15964.0996,0.0
2022-07-14 12:00:00,15963.9502,15985.4004,15937.7998,15983.0,0.0
2022-07-14 13:00:00,15981.9004,16002.1504,15906.25,15906.25,0.0
2022-07-14 14:00:00,15906.2998,15920.9004,15859.2002,15898.4502,0.0
2022-07-14 15:00:00,15898.3496,15955.0996,15898.3496,15947.9502,0.0
2022-07-15 09:00:00,16010.7998,16038.1504,15970.5498,15977.0498,0.0
2022-07-15 10:00:00,15976.8496,16002.4004,15959.7002,15976.5996,0.0
2022-07-15 11:00:00,15976.6504,15984.7998,15935.0498,15974.75,0.0
2022-07-15 12:00:00,15975.0498,15976.75,15927.4502,15967.5996,0.0
2022-07-15 13:00:00,15969.0498,15986.5,15945.0996,15973.0996,0.0
2022-07-15 14:00:00,15973.5498,16029.2002,15959.1504,16016.7998,0.0
2022-07-15 15:00:00,16016.5498,16066.4502,16016.5498,16052.8496,0.0
2022-07-18 09:00:00,16151.4004,16198.2998,16142.2002,16173.9502,0.0
2022-07-18 10:00:00,16173.75,16212.2998,16167.0498,16212.2998,0.0
2022-07-18 11:00:00,16213.1504,16220.0498,16191.75,16202.2002,0.0
2022-07-18 12:00:00,16201.9004,16227.2002,16201.2998,16226.1504,0.0
2022-07-18 13:00:00,16226.7998,16238.25,16197.0498,16234.8496,0.0
2022-07-18 14:00:00,16235.0996,16262.9004,16223.0498,16256.0498,0.0
2022-07-18 15:00:00,16255.9004,16286.7998,16255.9004,16281.4004,0.0
2022-07-19 09:00:00,16187.0498,16288.5996,16187.0498,16276.7998,0.0
2022-07-19 10:00:00,16277.7998,16315.5,16267.0498,16314.0996,0.0
2022-07-19 11:00:00,16314.9502,16328.0498,16255.1504,16281.6504,0.0
2022-07-19 12:00:00,16281.0,16322.25,16280.7998,16313.1504,0.0
2022-07-19 13:00:00,16313.25,16314.25,16265.8496,16302.6504,0.0
2022-07-19 14:00:00,16301.5996,16350.75,16279.25,16342.75,0.0
2022-07-19 15:00:00,16342.3496,16359.1504,16323.75,16329.2998,0.0
2022-07-20 09:00:00,16562.8008,16565.4492,16502.0508,16523.25,0.0
2022-07-20 10:00:00,16522.5508,16556.6992,16520.3008,16555.8496,0.0
2022-07-20 11:00:00,16555.9004,16568.6992,16533.8496,16552.1504,0.0
2022-07-20 12:00:00,16552.75,16588.0,16547.9492,16581.0508,0.0
2022-07-20 13:00:00,16580.9004,16582.4004,16522.0508,16559.25,0.0
2022-07-20 14:00:00,16559.4492,16565.0,16515.5508,16524.3496,0.0
2022-07-20 15:00:00,16524.0996,16542.4004,16491.1504,16495.8008,0.0
2022-07-21 09:00:00,16523.5508,16561.8496,16485.8496,16556.9492,0.0
2022-07-21 10:00:00,16556.9004,16578.3496,16552.3496,16564.5508,0.0
2022-07-21 11:00:00,16564.5996,16591.5996,16550.1992,16573.3496,0.0
2022-07-21 12:00:00,16572.25,16586.3496,16558.1504,16567.3008,0.0
2022-07-21 13:00:00,16567.25,16567.8496,16517.3008,16530.0508,0.0
2022-07-21 14:00:00,16529.8496,16601.6504,16528.5,16563.4004,0.0
2022-07-21 15:00:00,16563.5,16624.1504,16558.9004,16609.8008,0.0
2022-07-22 09:00:00,16661.25,16704.1504,16632.6504,16632.6504,0.0
2022-07-22 10:00:00,16633.3008,16652.25,16611.0,16632.75,0.0
2022-07-22 11:00:00,16632.4492,16674.1504,16623.0508,16670.4492,0.0
2022-07-22 12:00:00,16670.0996,16707.1504,16666.3496,16693.4492,0.0
2022-07-22 13:00:00,16694.0,16718.0996,16664.3496,16706.0,0.0
2022-07-22 14:00:00,16706.0996,16752.25,16699.1992,16722.5,0.0
2022-07-22 15:00:00,16722.75,16736.4004,16705.9492,16714.3008,0.0
2022-07-25 09:00:00,16662.5508,16704.9492,16590.75,16612.5508,0.0
2022-07-25 10:00:00,16613.25,16631.4004,16587.75,16606.3008,0.0
2022-07-25 11:00:00,16607.25,16608.3496,16564.5,16606.75,0.0
2022-07-25 12:00:00,16607.3496,16610.0,16581.4004,16596.4004,0.0
2022-07-25 13:00:00,16596.6504,16628.5508,16589.4004,16613.4492,0.0
2022-07-25 14:00:00,16614.4492,16684.0508,16607.6992,16665.0508,0.0
2022-07-25 15:00:00,16666.0996,16666.4492,16603.1992,16610.0508,0.0
2022-07-26 09:00:00,16632.9004,16636.0996,16519.3008,16523.3008,0.0
2022-07-26 10:00:00,16523.8008,16538.5996,16496.0,16522.9004,0.0
2022-07-26 11:00:00,16522.8008,16538.8496,16498.6504,16533.0996,0.0
2022-07-26 12:00:00,16533.1992,16557.3008,16530.0508,16552.0,0.0
2022-07-26 13:00:00,16553.1992,16572.9492,16509.1992,16510.6992,0.0
2022-07-26 14:00:00,16510.8496,16547.3496,16483.6992,16495.4004,0.0
2022-07-26 15:00:00,16495.6992,16499.9492,16463.5508,16466.5508,0.0
2022-07-27 09:00:00,16475.3496,16512.0996,16439.6992,16490.5996,0.0
2022-07-27 10:00:00,16491.0996,16550.4004,16490.5996,16549.8008,0.0
2022-07-27 11:00:00,16549.4492,16568.6504,16535.9004,16565.4492,0.0
2022-07-27 12:00:00,16565.0996,16597.8496,16543.8008,16595.9004,0.0
2022-07-27 13:00:00,16595.8008,16616.8496,16575.8008,16586.9492,0.0
2022-07-27 14:00:00,16585.8496,16617.4492,16578.1504,16616.8496,0.0
2022-07-27 15:00:00,16616.5508,16652.5508,16616.5508,16642.75,0.0
2022-07-28 09:00:00,16774.8496,16793.8008,16748.3008,16791.6504,0.0
2022-07-28 10:00:00,16791.75,16856.5508,16791.75,16850.9492,0.0
2022-07-28 11:00:00,16850.0508,16889.9004,16848.5,16872.8008,0.0
2022-07-28 12:00:00,16873.1504,16920.1504,16869.3008,16900.5996,0.0
2022-07-28 13:00:00,16900.4004,16930.1992,16884.0,16928.0,0.0
2022-07-28 14:00:00,16928.0996,16928.4004,16869.8496,16878.25,0.0
2022-07-28 15:00:00,16879.3496,16943.5996,16879.3496,16922.0508,0.0
2022-07-29 09:00:00,17079.5,17140.75,17064.75,17136.9492,0.0
2022-07-29 10:00:00,17137.0,17141.25,17018.3496,17064.5996,0.0
2022-07-29 11:00:00,17064.5,17109.0508,17048.6504,17101.25,0.0
2022-07-29 12:00:00,17101.0,17121.9492,17084.6504,17114.8496,0.0
2022-07-29 13:00:00,17114.75,17118.6992,17072.0996,17103.0,0.0
2022-07-29 14:00:00,17103.3008,17117.4492,17061.5,17111.8496,0.0
2022-07-29 15:00:00,17110.75,17172.1992,17110.75,17157.9492,0.0
2022-08-01 09:00:00,17243.1992,17263.0508,17156.3008,17252.4492,0.0
2022-08-01 10:00:00,17252.3008,17286.5996,17249.4004,17270.75,0.0
2022-08-01 11:00:00,17270.5,17282.9492,17249.1504,17266.9492,0.0
2022-08-01 12:00:00,17266.75,17297.3008,17249.75,17295.0996,0.0
2022-08-01 13:00:00,17294.8496,17310.3496,17276.8008,17308.3496,0.0
2022-08-01 14:00:00,17308.9004,17331.8008,17295.25,17327.9492,0.0
2022-08-01 15:00:00,17326.5996,17355.6504,17322.9492,17332.3008,0.0
2022-08-02 09:00:00,17310.1504,17330.0996,17236.5508,17240.6504,0.0
2022-08-02 10:00:00,17241.3008,17273.9004,17217.4004,17259.6504,0.0
2022-08-02 11:00:00,17259.8008,17304.3008,17239.1504,17292.1504,0.0
2022-08-02 12:00:00,17291.75,17304.4492,17234.5996,17266.3496,0.0
2022-08-02 13:00:00,17267.0,17323.5,17252.5996,17315.0508,0.0
2022-08-02 14:00:00,17314.9492,17389.6992,17310.9004,17373.3008,0.0
2022-08-02 15:00:00,17373.1992,17380.9492,17287.5508,17294.8496,0.0
2022-08-03 09:00:00,17349.25,17384.5996,17263.0996,17317.5,0.0
2022-08-03 10:00:00,17317.9004,17326.4004,17251.0996,17261.6504,0.0
2022-08-03 11:00:00,17261.4492,17279.6992,17226.0,17253.3008,0.0
2022-08-03 12:00:00,17252.5,17305.5,17232.75,17294.0508,0.0
2022-08-03 13:00:00,17294.1504,17302.1504,17260.3008,17288.0508,0.0
2022-08-03 14:00:00,17288.3008,17341.1992,17282.25,17335.3496,0.0
2022-08-03 15:00:00,17336.5,17406.4004,17336.5,17392.9004,0.0
2022-08-04 09:00:00,17463.0996,17489.25,17447.6992,17464.9004,0.0
2022-08-04 10:00:00,17465.75,17471.5996,17410.25,17426.9004,0.0
2022-08-04 11:00:00,17426.5,17428.5996,17161.8008,17238.3008,0.0
2022-08-04 12:00:00,17236.5996,17328.0996,17224.5996,17327.5996,0.0
2022-08-04 13:00:00,17327.9004,17348.9492,17292.3496,17310.4004,0.0
2022-08-04 14:00:00,17309.8008,17364.1504,17265.1992,17349.1992,0.0
2022-08-04 15:00:00,17349.0508,17406.6992,17348.9004,17364.0,0.0
2022-08-05 09:00:00,17423.6504,17455.0996,17389.5,17448.6504,0.0
2022-08-05 10:00:00,17448.5,17461.25,17392.9492,17444.75,0.0
2022-08-05 11:00:00,17444.3008,17474.0996,17423.5508,17428.75,0.0
2022-08-05 12:00:00,17427.9004,17460.5996,17410.75,17413.0996,0.0
2022-08-05 13:00:00,17411.5,17436.25,17381.8496,17417.1992,0.0
2022-08-05 14:00:00,17416.6504,17420.3496,17349.5996,17387.8008,0.0
2022-08-05 15:00:00,17388.9004,17416.8008,17383.25,17389.0508,0.0
2022-08-08 09:00:00,17401.5,17443.5508,17361.0,17425.75,0.0
2022-08-08 10:00:00,17425.6504,17478.25,17414.8496,17462.5508,0.0
2022-08-08 11:00:00,17462.1504,17485.8496,17449.75,17471.75,0.0
2022-08-08 12:00:00,17472.8008,17528.0996,17471.0996,17518.1992,0.0
2022-08-08 13:00:00,17518.1992,17548.6992,17506.3496,17536.1504,0.0
2022-08-08 14:00:00,17536.25,17540.9004,17485.8496,17519.3008,0.0
2022-08-08 15:00:00,17517.1992,17538.75,17513.5996,17527.8496,0.0
2022-08-10 09:00:00,17566.0996,17566.0996,17451.4004,17451.4004,0.0
2022-08-10 10:00:00,17450.9004,17542.3496,17443.5508,17515.0508,0.0
2022-08-10 11:00:00,17515.1992,17523.6504,17487.25,17498.0,0.0
2022-08-10 12:00:00,17497.9004,17521.4492,17482.0,17511.75,0.0
2022-08-10 13:00:00,17512.1504,17521.3008,17479.5508,17499.0508,0.0
2022-08-10 14:00:00,17500.6992,17543.5508,17498.9004,17526.5508,0.0
2022-08-10 15:00:00,17527.8008,17546.8008,17520.4004,17523.75,0.0
2022-08-11 09:00:00,17711.6504,17717.5,17668.4004,17692.0508,0.0
2022-08-11 10:00:00,17692.9492,17698.5,17672.3496,17683.9004,0.0
2022-08-11 11:00:00,17684.0,17688.0996,17645.8496,17664.5996,0.0
2022-08-11 12:00:00,17664.1504,17684.5996,17653.0996,17667.8496,0.0
2022-08-11 13:00:00,17666.8496,17678.0,17632.3496,17663.0508,0.0
2022-08-11 14:00:00,17661.9492,17678.4492,17638.6992,17659.8008,0.0
2022-08-11 15:00:00,17659.1992,17676.3008,17638.3008,17638.6504,0.0
2022-08-12 09:00:00,17659.6504,17662.9004,17598.1504,17655.0508,0.0
2022-08-12 10:00:00,17655.9004,17687.6504,17647.1992,17675.25,0.0
2022-08-12 11:00:00,17674.4492,17699.25,17671.1992,17676.5996,0.0
2022-08-12 12:00:00,17676.6992,17708.6504,17667.25,17707.5,0.0
2022-08-12 13:00:00,17707.0996,17724.25,17690.9004,17706.9492,0.0
2022-08-12 14:00:00,17706.8496,17712.5508,17661.9004,17670.4492,0.0
2022-08-12 15:00:00,17670.75,17713.5,17670.5996,17698.6504,0.0
2022-08-16 09:00:00,17797.1992,17826.1992,17764.5996,17819.5508,0.0
2022-08-16 10:00:00,17820.1992,17832.5996,17811.1992,17829.9492,0.0
2022-08-16 11:00:00,17828.9004,17838.75,17781.3496,17790.25,0.0
2022-08-16 12:00:00,17790.25,17814.1504,17784.6992,17797.8496,0.0
2022-08-16 13:00:00,17798.3496,17807.9004,17768.1992,17787.4492,0.0
2022-08-16 14:00:00,17787.4004,17817.1504,17782.25,17790.4492,0.0
2022-08-16 15:00:00,17790.9004,17836.6504,17788.6992,17828.3008,0.0
2022-08-17 09:00:00,17868.1504,17898.0,17834.5996,17887.6504,0.0
2022-08-17 10:00:00,17888.0508,17920.5508,17887.25,17917.5,0.0
2022-08-17 11:00:00,17917.0508,17936.8496,17907.75,17925.0996,0.0
2022-08-17 12:00:00,17925.5508,17944.75,17922.25,17940.3496,0.0
2022-08-17 13:00:00,17940.25,17944.0996,17919.6992,17930.0508,0.0
2022-08-17 14:00:00,17929.6992,17953.0996,17916.4004,17949.9004,0.0
2022-08-17 15:00:00,17949.4492,17965.4004,17927.4004,17929.0508,0.0
2022-08-18 09:00:00,17898.6504,17942.1992,17863.8496,17940.1992,0.0
2022-08-18 10:00:00,17939.6992,17954.0,17890.1992,17920.5996,0.0
2022-08-18 11:00:00,17921.3008,17921.3008,17862.0,17864.1504,0.0
2022-08-18 12:00:00,17864.25,17898.3008,17852.5,17890.8496,0.0
2022-08-18 13:00:00,17890.9492,17912.8496,17885.0,17893.4492,0.0
2022-08-18 14:00:00,17893.4492,17951.8496,17884.1504,17946.9004,0.0
2022-08-18 15:00:00,17946.5996,17967.5508,17940.9492,17964.4492,0.0
2022-08-19 09:00:00,17966.5508,17989.1504,17934.25,17952.5,0.0
2022-08-19 10:00:00,17952.75,17969.3008,17917.4004,17924.0,0.0
2022-08-19 11:00:00,17923.75,17935.5,17783.3496,17815.3496,0.0
2022-08-19 12:00:00,17815.3008,17816.5,17728.0508,17772.0996,0.0
2022-08-19 13:00:00,17771.75,17822.1992,17731.3496,17750.75,0.0
2022-08-19 14:00:00,17750.8496,17804.1992,17711.1504,17775.9492,0.0
2022-08-19 15:00:00,17775.5,17790.5508,17725.6992,17726.9492,0.0
2022-08-22 09:00:00,17682.9004,17690.0508,17583.1992,17618.0996,0.0
2022-08-22 10:00:00,17618.4004,17620.4004,17552.6992,17558.5,0.0
2022-08-22 11:00:00,17558.5508,17578.9492,17544.75,17569.5,0.0
2022-08-22 12:00:00,17569.9004,17597.0,17536.8496,17541.3496,0.0
2022-08-22 13:00:00,17540.6992,17564.4492,17523.4004,17531.1504,0.0
2022-08-22 14:00:00,17531.0996,17560.4492,17497.5508,17507.6504,0.0
2022-08-22 15:00:00,17508.8008,17512.0996,17468.0996,17494.3496,0.0
2022-08-23 09:00:00,17357.3496,17582.8496,17346.9492,17581.4492,0.0
2022-08-23 10:00:00,17581.6992,17587.8008,17417.5508,17450.9004,0.0
2022-08-23 11:00:00,17451.75,17509.0,17411.6992,17476.0508,0.0
2022-08-23 12:00:00,17476.8008,17536.4004,17448.5996,17529.0996,0.0
2022-08-23 13:00:00,17528.75,17577.0996,17508.0996,17565.0,0.0
2022-08-23 14:00:00,17564.8496,17593.4004,17543.9004,17557.4004,0.0
2022-08-23 15:00:00,17557.9004,17624.5,17525.1504,17623.3496,0.0
2022-08-24 09:00:00,17525.4492,17605.3496,17499.9004,17536.3008,0.0
2022-08-24 10:00:00,17536.0508,17599.3008,17531.0,17587.4004,0.0
2022-08-24 11:00:00,17587.75,17621.75,17568.1992,17569.1504,0.0
2022-08-24 12:00:00,17568.1504,17598.1504,17533.25,17538.5508,0.0
2022-08-24 13:00:00,17537.3496,17579.6504,17524.1992,17551.0996,0.0
2022-08-24 14:00:00,17551.3496,17591.8008,17550.6504,17584.4492,0.0
2022-08-24 15:00:00,17584.6504,17622.1504,17581.6504,17607.5508,0.0
2022-08-25 09:00:00,17679.0,17708.5,17659.9004,17706.4492,0.0
2022-08-25 10:00:00,17707.25,17716.0508,17677.1992,17701.1992,0.0
2022-08-25 11:00:00,17701.3008,17702.3008,17639.5,17690.5508,0.0
2022-08-25 12:00:00,17690.3496,17725.0,17685.1504,17724.3496,0.0
2022-08-25 13:00:00,17724.6504,17726.4004,17691.75,17694.5996,0.0
2022-08-25 14:00:00,17695.0996,17699.9004,17567.0,17570.0508,0.0
2022-08-25 15:00:00,17569.3496,17577.75,17488.3496,17508.1992,0.0
2022-08-26 09:00:00,17619.3008,17685.1992,17615.0996,17661.3008,0.0
2022-08-26 10:00:00,17661.8008,17664.9492,17587.0508,17591.9004,0.0
2022-08-26 11:00:00,17593.25,17619.9492,17581.5996,17604.5,0.0
2022-08-26 12:00:00,17604.8496,17635.6504,17587.0996,17605.3008,0.0
2022-08-26 13:00:00,17605.3008,17608.8008,17564.3496,17587.8008,0.0
2022-08-26 14:00:00,17587.6992,17611.1992,17573.8496,17592.0508,0.0
2022-08-26 15:00:00,17593.5996,17595.75,17520.1504,17582.9004,0.0
2022-08-29 09:00:00,17188.6504,17317.0996,17168.25,17315.75,0.0
2022-08-29 10:00:00,17315.4004,17328.6504,17300.8008,17305.3496,0.0
2022-08-29 11:00:00,17305.0996,17342.8496,17280.9492,17328.6992,0.0
2022-08-29 12:00:00,17328.9492,17369.75,17312.8008,17324.6992,0.0
2022-08-29 13:00:00,17323.9004,17379.5996,17318.3496,17361.8008,0.0
2022-08-29 14:00:00,17361.6504,17373.5,17293.1992,17304.75,0.0
2022-08-29 15:00:00,17304.0996,17339.25,17291.75,17339.0996,0.0
2022-08-30 09:00:00,17414.9492,17481.3008,17408.75,17474.8496,0.0
2022-08-30 10:00:00,17474.5508,17530.4492,17468.5996,17525.3008,0.0
2022-08-30 11:00:00,17525.6992,17564.6504,17520.4004,17561.6992,0.0
2022-08-30 12:00:00,17561.8496,17627.6504,17558.6992,17620.1504,0.0
2022-08-30 13:00:00,17620.4004,17671.1992,17619.0996,17659.5996,0.0
2022-08-30 14:00:00,17659.5,17717.5,17647.9492,17703.1504,0.0
2022-08-30 15:00:00,17702.8496,17776.8496,17701.6504,17744.1992,0.0
2022-09-01 09:00:00,17485.6992,17648.4004,17485.5508,17609.6992,0.0
2022-09-01 10:00:00,17609.8496,17695.5,17609.8496,17657.9492,0.0
2022-09-01 11:00:00,17658.6504,17667.9492,17568.3496,17588.9004,0.0
2022-09-01 12:00:00,17589.5996,17622.4004,17563.1992,17566.5,0.0
2022-09-01 13:00:00,17563.9492,17581.1992,17471.5,17472.4492,0.0
2022-09-01 14:00:00,17472.6504,17570.8008,17469.0,17542.9004,0.0
2022-09-01 15:00:00,17542.9004,17572.0508,17507.6504,17563.25,0.0
2022-09-02 09:00:00,17598.4004,17643.0,17493.9004,17510.0508,0.0
2022-09-02 10:00:00,17510.25,17549.5508,17477.0996,17519.4004,0.0
2022-09-02 11:00:00,17519.1992,17549.3496,17500.9004,17541.0508,0.0
2022-09-02 12:00:00,17540.25,17585.5,17538.8008,17576.9492,0.0
2022-09-02 13:00:00,17577.5,17597.4004,17567.6504,17591.6992,0.0
2022-09-02 14:00:00,17591.9492,17623.5508,17534.0,17545.3496,0.0
2022-09-02 15:00:00,17546.0508,17560.5996,17518.8496,17527.8496,0.0
2022-09-05 09:00:00,17546.4492,17646.0996,17541.0508,17634.5,0.0
2022-09-05 10:00:00,17634.3496,17657.5508,17625.25,17626.75,0.0
2022-09-05 11:00:00,17627.4004,17646.25,17618.6992,17641.8496,0.0
2022-09-05 12:00:00,17642.9492,17681.1992,17638.6992,17656.75,0.0
2022-09-05 13:00:00,17656.6992,17669.6992,17629.6992,17655.25,0.0
2022-09-05 14:00:00,17655.6504,17682.9492,17653.4004,17654.0,0.0
2022-09-05 15:00:00,17654.4492,17680.4492,17651.1992,17653.9004,0.0
2022-09-06 09:00:00,17695.6992,17764.0,17655.4004,17678.5,0.0
2022-09-06 10:00:00,17678.5996,17679.1992,17587.9492,17633.75,0.0
2022-09-06 11:00:00,17634.4492,17691.9004,17629.1992,17690.5508,0.0
2022-09-06 12:00:00,17691.4492,17715.6992,17681.1992,17706.0996,0.0
2022-09-06 13:00:00,17706.0508,17714.4004,17672.3008,17696.25,0.0
2022-09-06 14:00:00,17696.0996,17705.4492,17637.5,17654.5,0.0
2022-09-06 15:00:00,17653.5508,17680.5996,17641.5,17651.5996,0.0
2022-09-07 09:00:00,17519.4004,17593.3008,17519.1504,17568.3496,0.0
2022-09-07 10:00:00,17567.6504,17592.8008,17545.3008,17548.5508,0.0
2022-09-07 11:00:00,17549.3008,17608.6992,17533.3008,17604.3496,0.0
2022-09-07 12:00:00,17604.3008,17636.5508,17597.9492,17621.4004,0.0
2022-09-07 13:00:00,17621.1504,17650.6992,17610.5996,17636.8496,0.0
2022-09-07 14:00:00,17636.8496,17646.6992,17599.0,17615.9004,0.0
2022-09-07 15:00:00,17614.6992,17638.5996,17610.5,17629.5,0.0
2022-09-08 09:00:00,17748.1504,17791.1504,17732.8008,17766.4492,0.0
2022-09-08 10:00:00,17766.3496,17787.1504,17731.3008,17750.6504,0.0
2022-09-08 11:00:00,17750.9004,17758.0,17723.1504,17751.0996,0.0
2022-09-08 12:00:00,17751.6504,17761.5508,17707.5,17707.5,0.0
2022-09-08 13:00:00,17712.1504,17749.6992,17692.9004,17728.75,0.0
2022-09-08 14:00:00,17728.6504,17804.3008,17727.8008,17796.0,0.0
2022-09-08 15:00:00,17794.75,17806.9492,17789.0,17800.0996,0.0
2022-09-09 09:00:00,17923.3496,17925.3008,17868.75,17896.0996,0.0
2022-09-09 10:00:00,17896.25,17919.4492,17885.1992,17899.5,0.0
2022-09-09 11:00:00,17898.5,17899.9004,17852.5508,17860.9004,0.0
2022-09-09 12:00:00,17860.6992,17862.0508,17816.75,17852.8008,0.0
2022-09-09 13:00:00,17853.1992,17860.0508,17786.1504,17847.5508,0.0
2022-09-09 14:00:00,17847.9004,17868.3008,17831.5508,17856.9492,0.0
2022-09-09 15:00:00,17858.9004,17867.4004,17809.6992,17829.3008,0.0
2022-09-12 09:00:00,17890.8496,17955.5508,17889.1504,17942.25,0.0
2022-09-12 10:00:00,17942.5996,17970.1992,17931.1504,17938.6504,0.0
2022-09-12 11:00:00,17938.6504,17964.9004,17938.5508,17959.1992,0.0
2022-09-12 12:00:00,17958.8008,17970.75,17946.5996,17953.1992,0.0
2022-09-12 13:00:00,17954.0996,17958.3008,17936.1504,17942.4004,0.0
2022-09-12 14:00:00,17942.8008,17980.1992,17942.8008,17955.0996,0.0
2022-09-12 15:00:00,17956.0996,17960.3496,17924.1504,17931.5996,0.0
2022-09-13 09:00:00,18044.4492,18062.8496,18021.3496,18055.3008,0.0
2022-09-13 10:00:00,18055.6504,18065.25,18016.0508,18048.4004,0.0
2022-09-13 11:00:00,18048.8496,18071.5508,18033.5,18065.1504,0.0
2022-09-13 12:00:00,18064.1504,18079.75,18057.1992,18076.3496,0.0
2022-09-13 13:00:00,18075.6504,18086.25,18058.9004,18077.0996,0.0
2022-09-13 14:00:00,18076.4492,18087.9492,18060.5508,18067.9492,0.0
2022-09-13 15:00:00,18067.5996,18084.0996,18058.4492,18066.5,0.0
2022-09-14 09:00:00,17771.1504,17945.5,17771.1504,17903.4492,0.0
2022-09-14 10:00:00,17903.75,17945.5,17897.9492,17944.5,0.0
2022-09-14 11:00:00,17944.9492,17987.75,17935.8496,17985.0996,0.0
2022-09-14 12:00:00,17984.4004,18047.1504,17984.4004,18018.9492,0.0
2022-09-14 13:00:00,18019.0996,18064.75,18003.9492,18020.9004,0.0
2022-09-14 14:00:00,18019.5996,18090.6504,18019.5996,18065.3008,0.0
2022-09-14 15:00:00,18066.1504,18075.3496,17971.0996,18000.6504,0.0
2022-09-15 09:00:00,18046.3496,18095.4004,17972.4004,17976.6992,0.0
2022-09-15 10:00:00,17975.8008,17997.0,17885.0508,17914.8008,0.0
2022-09-15 11:00:00,17914.5508,17940.75,17865.6504,17897.75,0.0
2022-09-15 12:00:00,17898.3496,17920.75,17877.25,17914.4004,0.0
2022-09-15 13:00:00,17914.0996,17941.1504,17863.1992,17906.3008,0.0
2022-09-15 14:00:00,17906.3008,17962.4004,17884.5508,17912.5996,0.0
2022-09-15 15:00:00,17912.8008,17921.3496,17861.9492,17872.3008,0.0
2022-09-16 09:00:00,17796.8008,17818.5996,17656.8008,17662.1504,0.0
2022-09-16 10:00:00,17661.0996,17727.9004,17643.8008,17712.0508,0.0
2022-09-16 11:00:00,17712.8496,17713.3008,17666.5508,17679.1992,0.0
2022-09-16 12:00:00,17679.4492,17684.75,17638.8008,17655.3008,0.0
2022-09-16 13:00:00,17655.4004,17656.6504,17545.5996,17560.9492,0.0
2022-09-16 14:00:00,17560.9004,17609.1992,17505.6504,17595.0508,0.0
2022-09-16 15:00:00,17593.5996,17618.9004,17498.6992,17550.0996,0.0
2022-09-19 09:00:00,17540.6504,17627.8496,17431.0,17610.8496,0.0
2022-09-19 10:00:00,17610.9492,17665.9492,17610.9492,17649.4004,0.0
2022-09-19 11:00:00,17650.0,17665.4492,17579.3496,17613.75,0.0
2022-09-19 12:00:00,17613.1504,17654.8008,17608.0,17619.1992,0.0
2022-09-19 13:00:00,17620.5,17662.6992,17585.5508,17655.9492,0.0
2022-09-19 14:00:00,17656.1504,17664.25,17610.25,17627.75,0.0
2022-09-19 15:00:00,17628.5,17641.75,17587.4492,17631.8496,0.0
2022-09-20 09:00:00,17770.4004,17856.0996,17744.4004,17834.5996,0.0
2022-09-20 10:00:00,17833.5508,17874.9492,17833.4004,17869.4004,0.0
2022-09-20 11:00:00,17868.3496,17879.3008,17844.1504,17862.5,0.0
2022-09-20 12:00:00,17862.6504,17918.4492,17861.6992,17902.6992,0.0
2022-09-20 13:00:00,17902.0996,17916.75,17853.5996,17892.8496,0.0
2022-09-20 14:00:00,17894.5,17903.0996,17838.9004,17864.0508,0.0
2022-09-20 15:00:00,17866.9004,17868.8496,17780.5,17791.25,0.0
2022-09-21 09:00:00,17766.3496,17838.6992,17756.3008,17770.0508,0.0
2022-09-21 10:00:00,17770.25,17820.3008,17739.5,17810.8008,0.0
2022-09-21 11:00:00,17811.0,17813.75,17698.0996,17698.4004,0.0
2022-09-21 12:00:00,17699.0508,17747.0508,17663.6992,17737.8008,0.0
2022-09-21 13:00:00,17738.5,17778.0996,17706.3496,17757.1992,0.0
2022-09-21 14:00:00,17757.0,17793.9004,17723.4492,17734.75,0.0
2022-09-21 15:00:00,17735.0508,17748.0508,17707.75,17715.9004,0.0
2022-09-22 09:00:00,17609.6504,17707.5508,17583.3008,17704.1504,0.0
2022-09-22 10:00:00,17703.3008,17705.0996,17597.5996,17630.75,0.0
2022-09-22 11:00:00,17631.5996,17647.5996,17563.5,17576.3496,0.0
2022-09-22 12:00:00,17576.8496,17593.9492,17532.6992,17580.9492,0.0
2022-09-22 13:00:00,17580.25,17696.1992,17577.6504,17681.75,0.0
2022-09-22 14:00:00,17681.75,17722.6504,17634.8008,17654.75,0.0
2022-09-22 15:00:00,17653.3496,17666.3496,17612.3008,17631.5508,0.0
2022-09-23 09:00:00,17593.8496,17640.4492,17436.4004,17481.25,0.0
2022-09-23 10:00:00,17481.6504,17497.8496,17421.1504,17451.8496,0.0
2022-09-23 11:00:00,17451.9492,17473.4492,17413.8008,17461.9004,0.0
2022-09-23 12:00:00,17462.5,17466.0,17384.75,17409.5508,0.0
2022-09-23 13:00:00,17408.0508,17418.9492,17366.5,17373.8496,0.0
2022-09-23 14:00:00,17372.9004,17374.75,17293.0,17350.6992,0.0
2022-09-23 15:00:00,17347.5508,17355.1992,17313.0996,17332.25,0.0
2022-09-26 09:00:00,17156.3008,17195.75,17046.3008,17046.6504,0.0
2022-09-26 10:00:00,17045.3496,17066.4004,17003.4492,17019.0508,0.0
2022-09-26 11:00:00,17019.75,17065.6504,16979.0996,17041.25,0.0
2022-09-26 12:00:00,17041.4492,17155.1504,17034.6504,17128.5508,0.0
2022-09-26 13:00:00,17127.4004,17167.3496,17060.75,17093.0996,0.0
2022-09-26 14:00:00,17094.25,17142.4004,17051.9492,17059.25,0.0
2022-09-26 15:00:00,17054.8008,17054.8008,16984.0508,17027.8496,0.0
2022-09-27 09:00:00,17110.9004,17175.5996,17031.5996,17058.5508,0.0
2022-09-27 10:00:00,17058.6992,17082.5,16983.6992,17014.4492,0.0
2022-09-27 11:00:00,17014.9004,17063.5508,16943.3008,17045.6504,0.0
2022-09-27 12:00:00,17046.3008,17088.8008,17014.9492,17087.6504,0.0
2022-09-27 13:00:00,17087.25,17118.5996,17050.8496,17087.5996,0.0
2022-09-27 14:00:00,17087.0508,17095.8008,16982.5508,16991.4492,0.0
2022-09-27 15:00:00,16995.25,17043.4492,16965.0,17043.4492,0.0
2022-09-28 09:00:00,16870.5508,16949.9492,16825.5508,16923.0508,0.0
2022-09-28 10:00:00,16921.75,16976.5996,16894.4004,16935.4004,0.0
2022-09-28 11:00:00,16935.5996,17033.5508,16923.6504,17021.8008,0.0
2022-09-28 12:00:00,17021.6504,17037.5508,16964.75,16978.8008,0.0
2022-09-28 13:00:00,16978.6992,17004.75,16940.3496,16940.3496,0.0
2022-09-28 14:00:00,16940.1504,16976.5,16869.5996,16884.0508,0.0
2022-09-28 15:00:00,16886.25,16889.5,16820.9004,16826.1504,0.0
2022-09-29 09:00:00,16993.5996,17025.8496,16956.5508,16969.5996,0.0
2022-09-29 10:00:00,16969.75,16991.1504,16933.9492,16969.3008,0.0
2022-09-29 11:00:00,16969.5508,16970.9004,16878.25,16880.1992,0.0
2022-09-29 12:00:00,16878.0996,16911.6504,16830.0508,16838.6992,0.0
2022-09-29 13:00:00,16838.5508,16849.8008,16788.9492,16813.5,0.0
2022-09-29 14:00:00,16814.25,16883.5,16798.25,16848.5,0.0
2022-09-29 15:00:00,16846.75,16852.8008,16791.9004,16842.9004,0.0
2022-09-30 09:00:00,16798.0508,16836.4492,16748.6992,16812.5996,0.0
2022-09-30 10:00:00,16813.0,16969.9004,16752.1992,16931.9004,0.0
2022-09-30 11:00:00,16932.5508,16985.0996,16907.6992,16985.0,0.0
2022-09-30 12:00:00,16985.1504,17111.4492,16980.4492,17090.1504,0.0
2022-09-30 13:00:00,17089.25,17144.6504,17071.3496,17137.0508,0.0
2022-09-30 14:00:00,17137.5996,17186.8008,17111.0508,17124.4492,0.0
2022-09-30 15:00:00,17127.8496,17127.8496,17060.8008,17107.1992,0.0
2022-10-03 09:00:00,17102.0996,17113.1504,16975.9492,16980.75,0.0
2022-10-03 10:00:00,16980.1992,17002.4492,16948.0,16964.5,0.0
2022-10-03 11:00:00,16964.1992,17059.75,16946.3496,17034.5,0.0
2022-10-03 12:00:00,17035.0996,17045.5508,16979.3496,17023.1992,0.0
2022-10-03 13:00:00,17022.4492,17046.25,16950.0996,16954.0996,0.0
2022-10-03 14:00:00,16954.0508,16978.3496,16855.5996,16888.8008,0.0
2022-10-03 15:00:00,16892.25,16901.25,16867.5996,16876.0,0.0
2022-10-04 09:00:00,17147.4492,17235.6992,17126.8496,17220.3496,0.0
2022-10-04 10:00:00,17220.6992,17257.5,17207.9004,17207.9492,0.0
2022-10-04 11:00:00,17207.4492,17238.25,17191.4004,17233.0996,0.0
2022-10-04 12:00:00,17232.5,17262.0508,17221.5508,17239.4492,0.0
2022-10-04 13:00:00,17238.6992,17268.5996,17233.1504,17241.0996,0.0
2022-10-04 14:00:00,17240.8008,17272.5,17232.1992,17265.9492,0.0
2022-10-04 15:00:00,17265.9492,17284.4492,17259.9492,17277.4492,0.0
2022-10-06 09:00:00,17379.25,17428.3008,17345.4004,17397.9004,0.0
2022-10-06 10:00:00,17397.8008,17422.75,17381.75,17399.6992,0.0
2022-10-06 11:00:00,17400.8496,17415.3008,17341.3496,17365.0996,0.0
2022-10-06 12:00:00,17365.9492,17409.0996,17360.0508,17408.4492,0.0
2022-10-06 13:00:00,17407.8496,17414.9492,17368.4004,17373.1992,0.0
2022-10-06 14:00:00,17372.5,17387.5,17328.3496,17359.75,0.0
2022-10-06 15:00:00,17358.4004,17363.0508,17316.3008,17316.3008,0.0
2022-10-07 09:00:00,17287.1992,17328.5,17239.8496,17325.8008,0.0
2022-10-07 10:00:00,17325.3496,17334.5508,17249.75,17255.4492,0.0
2022-10-07 11:00:00,17255.5508,17273.9492,17243.6992,17247.0508,0.0
2022-10-07 12:00:00,17247.0996,17284.75,17217.5,17266.3008,0.0
2022-10-07 13:00:00,17266.6992,17292.4004,17248.9492,17280.4004,0.0
2022-10-07 14:00:00,17280.8008,17337.0996,17274.4004,17323.6992,0.0
2022-10-07 15:00:00,17323.6992,17328.0996,17301.0508,17316.1504,0.0
2022-10-10 09:00:00,17094.3496,17148.0996,17065.8008,17073.4492,0.0
2022-10-10 10:00:00,17073.5996,17117.6992,17068.3496,17110.5508,0.0
2022-10-10 11:00:00,17110.5,17192.5508,17093.5508,17192.5508,0.0
2022-10-10 12:00:00,17192.3008,17279.9004,17186.75,17270.1504,0.0
2022-10-10 13:00:00,17270.1504,17270.5,17172.1504,17172.3008,0.0
2022-10-10 14:00:00,17172.1992,17245.3496,17140.0996,17232.5996,0.0
2022-10-10 15:00:00,17230.4492,17261.6992,17219.0508,17252.4492,0.0
2022-10-11 09:00:00,17256.0508,17261.8008,17150.8496,17152.0508,0.0
2022-10-11 10:00:00,17152.0996,17188.1992,17116.8008,17149.25,0.0
2022-10-11 11:00:00,17149.5996,17195.8496,17144.1504,17191.9492,0.0
2022-10-11 12:00:00,17191.4492,17213.3496,17103.9492,17159.8008,0.0
2022-10-11 13:00:00,17158.9492,17165.1504,17102.5508,17121.0508,0.0
2022-10-11 14:00:00,17121.75,17140.75,17020.5,17021.0996,0.0
2022-10-11 15:00:00,17020.8496,17021.6504,16950.6504,16964.1504,0.0
2022-10-12 09:00:00,17025.5508,17071.1992,16978.0508,17055.0996,0.0
2022-10-12 10:00:00,17054.9004,17056.9004,16960.5,16971.1504,0.0
2022-10-12 11:00:00,16971.0,17065.4492,16964.5,17064.6504,0.0
2022-10-12 12:00:00,17064.4492,17105.3008,17054.0508,17058.8008,0.0
2022-10-12 13:00:00,17059.3496,17090.5996,17035.5,17085.9004,0.0
2022-10-12 14:00:00,17085.6992,17125.3008,17077.0508,17122.6504,0.0
2022-10-12 15:00:00,17125.25,17141.6504,17101.8496,17129.0508,0.0
2022-10-13 09:00:00,17087.3496,17111.0,17048.0996,17053.4004,0.0
2022-10-13 10:00:00,17053.3008,17065.5996,16996.8496,17035.3496,0.0
2022-10-13 11:00:00,17035.6504,17039.0508,16959.4492,16966.75,0.0
2022-10-13 12:00:00,16966.0508,17037.1992,16957.6504,17031.0996,0.0
2022-10-13 13:00:00,17030.5,17034.9492,16982.5996,17008.1992,0.0
2022-10-13 14:00:00,17007.4492,17080.25,17003.0,17036.8496,0.0
2022-10-13 15:00:00,17037.8008,17041.0508,16992.1504,17017.8008,0.0
2022-10-14 09:00:00,17322.3008,17328.6504,17268.4004,17295.9492,0.0
2022-10-14 10:00:00,17296.4004,17311.25,17252.0,17285.6504,0.0
2022-10-14 11:00:00,17285.25,17311.6504,17274.0508,17306.4492,0.0
2022-10-14 12:00:00,17306.0,17347.6504,17272.0508,17282.3496,0.0
2022-10-14 13:00:00,17282.5,17311.4004,17243.4492,17244.0996,0.0
2022-10-14 14:00:00,17243.0,17271.6992,17196.1992,17199.0996,0.0
2022-10-14 15:00:00,17201.0508,17203.1504,17170.0508,17200.3496,0.0
2022-10-17 09:00:00,17144.8008,17200.3008,17098.9492,17158.3496,0.0
2022-10-17 10:00:00,17159.0,17284.0508,17159.0,17249.8008,0.0
2022-10-17 11:00:00,17249.1992,17272.1504,17227.6504,17242.1992,0.0
2022-10-17 12:00:00,17242.6504,17306.5996,17230.9004,17283.75,0.0
2022-10-17 13:00:00,17283.1504,17328.1992,17273.3008,17284.0,0.0
2022-10-17 14:00:00,17283.1992,17321.1992,17269.3496,17318.9004,0.0
2022-10-17 15:00:00,17318.8008,17327.5996,17293.3008,17320.5508,0.0
2022-10-18 09:00:00,17438.75,17517.1504,17434.0508,17513.0508,0.0
2022-10-18 10:00:00,17513.0996,17527.4004,17473.1504,17473.8496,0.0
2022-10-18 11:00:00,17473.6992,17495.6992,17457.1992,17495.4004,0.0
2022-10-18 12:00:00,17493.4004,17508.75,17475.0508,17494.6992,0.0
2022-10-18 13:00:00,17494.8008,17502.5508,17458.8496,17479.0,0.0
2022-10-18 14:00:00,17479.0508,17490.8496,17443.6992,17469.4004,0.0
2022-10-18 15:00:00,17471.3496,17495.6992,17465.3008,17490.5996,0.0
2022-10-19 09:00:00,17568.1504,17584.5508,17538.3496,17569.3496,0.0
2022-10-19 10:00:00,17569.5508,17607.1504,17567.6504,17581.8496,0.0
2022-10-19 11:00:00,17581.5996,17592.5996,17545.8496,17550.0508,0.0
2022-10-19 12:00:00,17549.6992,17562.6504,17512.9004,17530.75,0.0
2022-10-19 13:00:00,17530.25,17552.1504,17493.75,17509.4004,0.0
2022-10-19 14:00:00,17509.8496,17557.5508,17472.9004,17496.5508,0.0
2022-10-19 15:00:00,17497.0,17530.8496,17486.5,17518.8496,0.0
2022-10-20 09:00:00,17423.0996,17478.9004,17421.5,17471.9492,0.0
2022-10-20 10:00:00,17472.0996,17518.0996,17459.1504,17492.0508,0.0
2022-10-20 11:00:00,17491.9492,17499.1504,17470.0996,17485.75,0.0
2022-10-20 12:00:00,17486.3496,17519.1504,17465.0996,17513.8008,0.0
2022-10-20 13:00:00,17513.8008,17524.4004,17473.0996,17485.0508,0.0
2022-10-20 14:00:00,17484.9492,17548.5508,17468.75,17531.0996,0.0
2022-10-20 15:00:00,17528.9004,17584.0996,17524.3496,17565.25,0.0
2022-10-21 09:00:00,17622.8496,17657.1992,17604.75,17633.9004,0.0
2022-10-21 10:00:00,17633.3008,17650.6992,17623.8496,17629.75,0.0
2022-10-21 11:00:00,17629.8008,17669.75,17625.5,17642.5508,0.0
2022-10-21 12:00:00,17642.9492,17658.9492,17625.3496,17657.4492,0.0
2022-10-21 13:00:00,17656.9492,17659.0996,17593.5996,17602.3008,0.0
2022-10-21 14:00:00,17602.0,17603.9004,17521.25,17550.8496,0.0
2022-10-21 15:00:00,17550.1992,17596.75,17545.1992,17583.75,0.0
2022-10-25 09:00:00,17808.3008,17811.5,17709.0996,17756.75,0.0
2022-10-25 10:00:00,17757.9004,17773.25,17694.8008,17694.8008,0.0
2022-10-25 11:00:00,17695.5996,17705.0996,17665.9492,17688.5508,0.0
2022-10-25 12:00:00,17689.0996,17704.6992,17661.25,17666.6992,0.0
2022-10-25 13:00:00,17666.75,17702.3496,17654.5,17701.1992,0.0
2022-10-25 14:00:00,17701.0996,17718.8008,17686.6992,17694.8008,0.0
2022-10-25 15:00:00,17692.0996,17693.1504,17639.5,17642.6504,0.0
2022-10-27 09:00:00,17771.4004,17783.0,17738.6992,17745.4492,0.0
2022-10-27 10:00:00,17745.3008,17753.5996,17718.4004,17727.5996,0.0
2022-10-27 11:00:00,17727.5996,17739.1992,17704.5996,17721.9004,0.0
2022-10-27 12:00:00,17721.75,17727.6992,17676.8496,17689.0,0.0
2022-10-27 13:00:00,17688.8496,17706.6992,17680.1504,17696.0508,0.0
2022-10-27 14:00:00,17696.0996,17712.9004,17654.6992,17662.6504,0.0
2022-10-27 15:00:00,17659.5996,17773.3008,17659.5996,17758.9004,0.0
2022-10-28 09:00:00,17756.4004,17823.0,17748.8008,17799.4492,0.0
2022-10-28 10:00:00,17799.3008,17838.6992,17786.9492,17793.0,0.0
2022-10-28 11:00:00,17793.5508,17803.8496,17762.5508,17775.0508,0.0
2022-10-28 12:00:00,17773.6504,17778.0508,17741.9004,17743.3496,0.0
2022-10-28 13:00:00,17743.0996,17766.0,17724.0,17728.5508,0.0
2022-10-28 14:00:00,17728.4492,17774.9004,17726.9004,17755.5508,0.0
2022-10-28 15:00:00,17756.0996,17800.5,17749.9492,17795.9492,0.0
2022-10-31 09:00:00,17910.1992,17971.6992,17900.6504,17940.5,0.0
2022-10-31 10:00:00,17940.8496,17968.0996,17937.6504,17950.1992,0.0
2022-10-31 11:00:00,17949.25,17984.6504,17947.8008,17982.8008,0.0
2022-10-31 12:00:00,17982.75,17990.1504,17962.5,17977.25,0.0
2022-10-31 13:00:00,17976.6504,17987.0508,17949.5,17956.6992,0.0
2022-10-31 14:00:00,17957.8008,17987.4492,17951.0508,17979.25,0.0
2022-10-31 15:00:00,17979.6504,18022.6992,17977.5508,18018.4004,0.0
2022-11-01 09:00:00,18130.6992,18142.0996,18088.6504,18141.0,0.0
2022-11-01 10:00:00,18141.1992,18175.4004,18134.5,18166.3496,0.0
2022-11-01 11:00:00,18167.3008,18168.5508,18133.5508,18150.75,0.0
2022-11-01 12:00:00,18150.0508,18151.8496,18108.25,18116.4004,0.0
2022-11-01 13:00:00,18116.4492,18124.5,18060.9004,18101.0,0.0
2022-11-01 14:00:00,18100.75,18144.5508,18094.9004,18108.4004,0.0
2022-11-01 15:00:00,18107.8008,18155.5996,18106.9492,18142.75,0.0
2022-11-02 09:00:00,18177.9004,18178.75,18102.0508,18124.75,0.0
2022-11-02 10:00:00,18125.9492,18133.5508,18103.9492,18110.3008,0.0
2022-11-02 11:00:00,18110.9004,18121.6992,18091.1992,18099.8496,0.0
2022-11-02 12:00:00,18099.9492,18104.6504,18065.5,18066.1504,0.0
2022-11-02 13:00:00,18065.8008,18099.25,18057.5,18063.5996,0.0
2022-11-02 14:00:00,18063.9004,18079.4004,18049.9492,18069.4492,0.0
2022-11-02 15:00:00,18070.1992,18092.4492,18067.6992,18072.0996,0.0
2022-11-03 09:00:00,17968.3496,18078.9492,17964.5996,18063.9004,0.0
2022-11-03 10:00:00,18064.4004,18105.6992,18045.5508,18082.6992,0.0
2022-11-03 11:00:00,18082.9004,18096.5508,18033.1992,18048.0,0.0
2022-11-03 12:00:00,18047.75,18050.5996,18005.75,18009.5,0.0
2022-11-03 13:00:00,18010.1992,18052.0508,18002.8496,18015.5,0.0
2022-11-03 14:00:00,18015.75,18043.3008,18008.5,18038.8496,0.0
2022-11-03 15:00:00,18040.1504,18068.25,18040.1504,18046.5508,0.0
2022-11-04 09:00:00,18053.4004,18107.5508,18028.6992,18034.9004,0.0
2022-11-04 10:00:00,18035.8008,18046.25,18017.5,18021.0,0.0
2022-11-04 11:00:00,18021.1504,18053.75,18017.5,18036.75,0.0
2022-11-04 12:00:00,18037.0996,18064.1992,18030.9004,18047.3008,0.0
2022-11-04 13:00:00,18047.9492,18061.1992,18044.75,18052.3008,0.0
2022-11-04 14:00:00,18052.0508,18082.5,18041.9492,18078.1504,0.0
2022-11-04 15:00:00,18077.5996,18134.1992,18075.3008,18127.9004,0.0
2022-11-07 09:00:00,18211.75,18254.3496,18148.5996,18151.1504,0.0
2022-11-07 10:00:00,18154.1504,18169.4492,18116.0,18117.9004,0.0
2022-11-07 11:00:00,18118.25,18159.5508,18117.5,18143.0,0.0
2022-11-07 12:00:00,18142.5996,18151.4492,18111.1504,18114.75,0.0
2022-11-07 13:00:00,18114.6504,18123.9004,18064.9004,18108.0,0.0
2022-11-07 14:00:00,18107.8496,18178.9492,18107.8496,18166.6504,0.0
2022-11-07 15:00:00,18162.1992,18218.5996,18162.1992,18203.3496,0.0
2022-11-09 09:00:00,18288.25,18296.4004,18217.0508,18218.9004,0.0
2022-11-09 10:00:00,18218.25,18229.4492,18185.5508,18191.1504,0.0
2022-11-09 11:00:00,18191.8496,18202.8496,18174.5508,18193.4004,0.0
2022-11-09 12:00:00,18193.1504,18195.5508,18168.0996,18181.3008,0.0
2022-11-09 13:00:00,18182.1504,18212.9492,18166.5,18195.75,0.0
2022-11-09 14:00:00,18196.0,18212.0,18118.6504,18135.9492,0.0
2022-11-09 15:00:00,18133.9004,18187.0,18119.0508,18121.0508,0.0
2022-11-10 09:00:00,18044.3496,18102.9492,18011.25,18019.25,0.0
2022-11-10 10:00:00,18019.5996,18049.5508,18017.3008,18030.25,0.0
2022-11-10 11:00:00,18030.4004,18061.3008,18028.75,18046.0996,0.0
2022-11-10 12:00:00,18045.75,18047.0996,17976.5508,17976.5508,0.0
2022-11-10 13:00:00,17976.6504,18013.6504,17973.8496,17998.5996,0.0
2022-11-10 14:00:00,17999.3496,18010.6504,17969.5996,18003.4004,0.0
2022-11-10 15:00:00,18006.8496,18040.3496,18001.8496,18036.8008,0.0
2022-11-11 09:00:00,18272.3496,18330.9004,18260.25,18293.75,0.0
2022-11-11 10:00:00,18293.4004,18317.8008,18281.3008,18310.9492,0.0
2022-11-11 11:00:00,18309.6504,18326.8008,18295.3496,18326.0508,0.0
2022-11-11 12:00:00,18325.9004,18346.8496,18317.4004,18321.9492,0.0
2022-11-11 13:00:00,18321.6992,18344.4492,18307.25,18340.5996,0.0
2022-11-11 14:00:00,18341.5508,18357.5,18322.1504,18340.6992,0.0
2022-11-11 15:00:00,18339.1504,18360.75,18339.0996,18355.3008,0.0
2022-11-14 09:00:00,18376.4004,18399.0,18339.25,18367.1992,0.0
2022-11-14 10:00:00,18366.5996,18371.25,18328.0,18355.5996,0.0
2022-11-14 11:00:00,18355.8008,18363.0996,18331.6504,18338.0508,0.0
2022-11-14 12:00:00,18338.4492,18346.9004,18315.25,18319.5996,0.0
2022-11-14 13:00:00,18319.8008,18368.8496,18311.8008,18342.9004,0.0
2022-11-14 14:00:00,18342.5508,18375.0508,18330.8008,18339.5996,0.0
2022-11-14 15:00:00,18342.1504,18354.1992,18314.6992,18320.25,0.0
2022-11-15 09:00:00,18362.75,18376.5996,18282.8496,18304.0508,0.0
2022-11-15 10:00:00,18303.5996,18313.6504,18284.6504,18301.1992,0.0
2022-11-15 11:00:00,18301.3008,18309.0508,18282.25,18297.4492,0.0
2022-11-15 12:00:00,18297.4492,18343.9004,18287.5508,18332.8008,0.0
2022-11-15 13:00:00,18332.5,18345.0508,18320.0508,18320.0508,0.0
2022-11-15 14:00:00,18320.4492,18358.0,18309.0,18358.0,0.0
2022-11-15 15:00:00,18359.25,18426.5508,18359.25,18421.5508,0.0
2022-11-16 09:00:00,18398.25,18417.0508,18355.3008,18376.0996,0.0
2022-11-16 10:00:00,18376.8496,18438.3496,18374.6504,18435.9004,0.0
2022-11-16 11:00:00,18436.9492,18441.8008,18404.3496,18406.3008,0.0
2022-11-16 12:00:00,18406.0,18424.6504,18386.1504,18416.4004,0.0
2022-11-16 13:00:00,18416.1504,18437.5996,18405.0508,18425.1504,0.0
2022-11-16 14:00:00,18425.4492,18425.4492,18344.5,18399.75,0.0
2022-11-16 15:00:00,18401.4004,18423.5,18396.6992,18404.8496,0.0
2022-11-17 09:00:00,18358.6992,18417.1992,18352.5,18413.6992,0.0
2022-11-17 10:00:00,18413.9004,18416.9492,18367.5,18372.0996,0.0
2022-11-17 11:00:00,18372.25,18380.0996,18350.5508,18363.5508,0.0
2022-11-17 12:00:00,18363.6504,18398.6504,18359.5996,18390.3008,0.0
2022-11-17 13:00:00,18389.5508,18409.0996,18384.3008,18400.9492,0.0
2022-11-17 14:00:00,18400.25,18406.0996,18373.4492,18374.0508,0.0
2022-11-17 15:00:00,18374.6992,18393.6504,18313.0508,18333.9492,0.0
2022-11-18 09:00:00,18382.9492,18393.8008,18291.8496,18295.0508,0.0
2022-11-18 10:00:00,18295.25,18304.3496,18250.1992,18254.8008,0.0
2022-11-18 11:00:00,18255.4004,18261.6504,18222.3008,18238.5508,0.0
2022-11-18 12:00:00,18238.5508,18260.1504,18227.4492,18248.9492,0.0
2022-11-18 13:00:00,18249.5,18273.5,18210.3008,18217.1504,0.0
2022-11-18 14:00:00,18216.8008,18274.25,18210.5996,18266.5508,0.0
2022-11-18 15:00:00,18264.75,18327.3496,18264.75,18304.3496,0.0
2022-11-21 09:00:00,18246.4004,18262.3008,18147.1992,18172.3496,0.0
2022-11-21 10:00:00,18172.1992,18189.9492,18150.6992,18165.3496,0.0
2022-11-21 11:00:00,18164.9492,18187.9004,18164.0996,18165.6992,0.0
2022-11-21 12:00:00,18165.5996,18169.6504,18145.4492,18158.8496,0.0
2022-11-21 13:00:00,18158.0,18166.8496,18136.1504,18159.1992,0.0
2022-11-21 14:00:00,18159.25,18170.4004,18133.9004,18160.75,0.0
2022-11-21 15:00:00,18161.25,18173.6992,18135.4004,18157.9492,0.0
2022-11-22 09:00:00,18179.1504,18198.1992,18138.5,18190.4492,0.0
2022-11-22 10:00:00,18190.3008,18215.9004,18189.9004,18202.5508,0.0
2022-11-22 11:00:00,18202.5996,18220.4004,18195.3008,18218.6992,0.0
2022-11-22 12:00:00,18218.8496,18226.0996,18202.4004,18208.6504,0.0
2022-11-22 13:00:00,18208.1504,18228.5996,18202.1504,18220.6992,0.0
2022-11-22 14:00:00,18220.5508,18224.9004,18197.5996,18220.9004,0.0
2022-11-22 15:00:00,18220.8496,18257.4004,18220.8496,18251.5,0.0
2022-11-23 09:00:00,18325.1992,18325.4004,18266.5,18269.4492,0.0
2022-11-23 10:00:00,18272.0508,18279.6992,18251.8008,18273.0508,0.0
2022-11-23 11:00:00,18273.1504,18279.25,18265.75,18278.4004,0.0
2022-11-23 12:00:00,18278.1992,18281.0996,18264.6504,18279.9004,0.0
2022-11-23 13:00:00,18279.4004,18287.5,18268.8008,18284.5508,0.0
2022-11-23 14:00:00,18284.3008,18312.5508,18279.0996,18309.9492,0.0
2022-11-23 15:00:00,18310.8008,18312.6504,18248.25,18254.0996,0.0
2022-11-24 09:00:00,18326.0996,18351.3008,18294.4492,18344.0996,0.0
2022-11-24 10:00:00,18344.5996,18375.5508,18344.0,18368.5,0.0
2022-11-24 11:00:00,18368.6504,18376.5,18359.1992,18370.8496,0.0
2022-11-24 12:00:00,18370.4492,18396.5508,18368.9492,18393.5996,0.0
2022-11-24 13:00:00,18393.5,18396.6992,18368.3008,18381.9492,0.0
2022-11-24 14:00:00,18381.9492,18406.25,18379.8496,18401.25,0.0
2022-11-24 15:00:00,18401.75,18527.4492,18401.75,18510.8496,0.0
2022-11-25 09:00:00,18528.4492,18533.1504,18445.5,18463.5,0.0
2022-11-25 10:00:00,18464.0996,18499.5508,18460.25,18477.9492,0.0
2022-11-25 11:00:00,18478.0,18484.6504,18451.1992,18452.6992,0.0
2022-11-25 12:00:00,18452.3008,18495.0996,18452.1504,18489.0996,0.0
2022-11-25 13:00:00,18488.75,18512.5,18472.9492,18501.0,0.0
2022-11-25 14:00:00,18501.3008,18517.8496,18467.9004,18513.8008,0.0
2022-11-25 15:00:00,18511.6504,18534.6992,18484.1992,18498.4004,0.0
2022-11-28 09:00:00,18430.5508,18549.4004,18365.5996,18531.25,0.0
2022-11-28 10:00:00,18530.8008,18561.4004,18530.75,18553.5996,0.0
2022-11-28 11:00:00,18553.5508,18586.5,18553.5508,18586.5,0.0
2022-11-28 12:00:00,18586.3008,18603.4004,18579.0,18601.5,0.0
2022-11-28 13:00:00,18600.9492,18614.0996,18593.0,18606.3496,0.0
2022-11-28 14:00:00,18606.3496,18610.1504,18573.6992,18595.8496,0.0
2022-11-28 15:00:00,18595.5996,18595.5996,18546.9004,18553.4004,0.0
2022-11-29 09:00:00,18552.4492,18631.25,18552.25,18625.5508,0.0
2022-11-29 10:00:00,18626.1992,18649.25,18617.6992,18647.9492,0.0
2022-11-29 11:00:00,18648.5508,18662.4004,18635.3496,18643.1992,0.0
2022-11-29 12:00:00,18643.3496,18672.0,18643.0,18657.5,0.0
2022-11-29 13:00:00,18657.5996,18677.6992,18654.6992,18663.25,0.0
2022-11-29 14:00:00,18663.5996,18664.0996,18619.8496,18634.0508,0.0
2022-11-29 15:00:00,18633.5,18639.6504,18602.6992,18603.5996,0.0
2022-11-30 09:00:00,18625.6992,18679.1992,18616.6504,18629.9492,0.0
2022-11-30 10:00:00,18629.9004,18649.75,18617.5508,18632.6992,0.0
2022-11-30 11:00:00,18632.3008,18664.0,18625.8496,18647.6992,0.0
2022-11-30 12:00:00,18646.4004,18657.5508,18638.9004,18655.5508,0.0
2022-11-30 13:00:00,18656.1504,18675.6992,18654.8496,18663.9004,0.0
2022-11-30 14:00:00,18663.9004,18701.1504,18652.9492,18675.9492,0.0
2022-11-30 15:00:00,18676.4004,18810.9492,18676.4004,18776.9492,0.0
2022-12-01 09:00:00,18871.9492,18886.6992,18833.0508,18842.8496,0.0
2022-12-01 10:00:00,18843.0,18846.1504,18817.4492,18843.1992,0.0
2022-12-01 11:00:00,18842.9492,18845.9492,18817.75,18821.3496,0.0
2022-12-01 12:00:00,18821.8496,18855.6992,18817.6504,18843.3008,0.0
2022-12-01 13:00:00,18843.25,18853.0996,18778.5,18792.75,0.0
2022-12-01 14:00:00,18792.4492,18845.3008,18790.0996,18831.8496,0.0
2022-12-01 15:00:00,18832.5,18838.0,18795.9492,18800.9492,0.0
2022-12-02 09:00:00,18752.4004,18778.5508,18701.9492,18712.9004,0.0
2022-12-02 10:00:00,18713.3496,18721.1504,18690.0,18700.9004,0.0
2022-12-02 11:00:00,18700.6504,18711.5,18644.5,18650.25,0.0
2022-12-02 12:00:00,18649.9492,18671.6504,18639.5996,18671.6504,0.0
2022-12-02 13:00:00,18671.6504,18697.25,18655.9004,18689.25,0.0
2022-12-02 14:00:00,18689.5,18705.8008,18675.9492,18693.5508,0.0
2022-12-02 15:00:00,18693.75,18708.1504,18679.4004,18705.1992,0.0
2022-12-05 09:00:00,18719.5508,18728.5996,18602.25,18602.4004,0.0
2022-12-05 10:00:00,18603.1504,18633.75,18591.9492,18626.5508,0.0
2022-12-05 11:00:00,18626.6992,18654.5,18620.3008,18646.0,0.0
2022-12-05 12:00:00,18645.5996,18719.0,18645.1992,18683.0508,0.0
2022-12-05 13:00:00,18682.8008,18694.0508,18635.4004,18643.75,0.0
2022-12-05 14:00:00,18643.4004,18688.4004,18629.9492,18673.5,0.0
2022-12-05 15:00:00,18673.5996,18723.5996,18673.5996,18694.0508,0.0
2022-12-06 09:00:00,18600.6504,18640.1504,18579.1992,18630.0,0.0
2022-12-06 10:00:00,18629.75,18648.0508,18612.6992,18633.6992,0.0
2022-12-06 11:00:00,18634.0,18634.5,18599.3008,18603.1992,0.0
2022-12-06 12:00:00,18602.6992,18617.3496,18585.6504,18589.9492,0.0
2022-12-06 13:00:00,18590.0996,18641.0996,18588.75,18608.0,0.0
2022-12-06 14:00:00,18608.0996,18627.4004,18596.5,18606.3496,0.0
2022-12-06 15:00:00,18607.6992,18654.1992,18605.8496,18647.8008,0.0
2022-12-07 09:00:00,18638.8496,18654.3496,18609.0,18648.5508,0.0
2022-12-07 10:00:00,18648.5996,18668.0508,18567.75,18580.6504,0.0
2022-12-07 11:00:00,18580.4492,18592.5508,18565.0,18582.6992,0.0
2022-12-07 12:00:00,18582.4492,18597.75,18569.4004,18595.0508,0.0
2022-12-07 13:00:00,18595.25,18614.8008,18579.4492,18589.6992,0.0
2022-12-07 14:00:00,18589.9004,18618.9492,18566.5,18612.25,0.0
2022-12-07 15:00:00,18616.0,18616.0,18529.0996,18551.5508,0.0
2022-12-08 09:00:00,18570.8496,18611.6992,18537.1992,18608.5,0.0
2022-12-08 10:00:00,18607.8496,18624.5508,18566.5508,18575.6992,0.0
2022-12-08 11:00:00,18575.4492,18588.8496,18570.0,18576.1504,0.0
2022-12-08 12:00:00,18576.5996,18595.8496,18551.5,18571.25,0.0
2022-12-08 13:00:00,18571.5,18596.0508,18568.5996,18586.0508,0.0
2022-12-08 14:00:00,18586.0,18610.6504,18577.9492,18589.0996,0.0
2022-12-08 15:00:00,18590.0996,18620.0,18587.0,18614.4004,0.0
2022-12-09 09:00:00,18662.4004,18664.6504,18607.5996,18626.3008,0.0
2022-12-09 10:00:00,18626.0508,18635.3008,18548.4492,18556.4492,0.0
2022-12-09 11:00:00,18556.3496,18566.0,18537.9004,18552.8008,0.0
2022-12-09 12:00:00,18552.6504,18568.5508,18455.6504,18486.4004,0.0
2022-12-09 13:00:00,18484.1992,18499.9492,18459.3008,18470.75,0.0
2022-12-09 14:00:00,18471.5508,18479.5996,18411.1504,18463.8008,0.0
2022-12-09 15:00:00,18464.5,18512.1992,18464.5,18493.25,0.0
2022-12-12 09:00:00,18402.1504,18492.1992,18347.0508,18466.1504,0.0
2022-12-12 10:00:00,18464.3496,18521.0,18463.8008,18505.1504,0.0
2022-12-12 11:00:00,18505.3496,18516.9004,18475.4492,18489.0508,0.0
2022-12-12 12:00:00,18488.75,18511.1504,18476.3496,18485.9004,0.0
2022-12-12 13:00:00,18485.9004,18495.5996,18442.5,18457.75,0.0
2022-12-12 14:00:00,18457.9492,18467.5508,18426.4492,18445.6504,0.0
2022-12-12 15:00:00,18446.5996,18510.3008,18446.5996,18494.6992,0.0
2022-12-13 09:00:00,18524.4004,18539.9004,18491.6992,18508.1992,0.0
2022-12-13 10:00:00,18508.9004,18546.0508,18506.4004,18543.3496,0.0
2022-12-13 11:00:00,18543.25,18592.0996,18540.1504,18583.9004,0.0
2022-12-13 12:00:00,18584.3496,18594.4004,18570.75,18588.5996,0.0
2022-12-13 13:00:00,18589.25,18608.5,18578.5,18593.5,0.0
2022-12-13 14:00:00,18594.0508,18596.9004,18563.0996,18582.5508,0.0
2022-12-13 15:00:00,18583.0508,18617.0996,18582.3008,18594.3496,0.0
2022-12-14 09:00:00,18671.25,18695.8496,18652.4004,18669.3008,0.0
2022-12-14 10:00:00,18668.8008,18677.5996,18654.9492,18667.5508,0.0
2022-12-14 11:00:00,18668.5,18690.1992,18665.1992,18683.6504,0.0
2022-12-14 12:00:00,18684.0,18692.3008,18670.5508,18672.4004,0.0
2022-12-14 13:00:00,18671.9004,18683.6992,18639.0508,18645.9492,0.0
2022-12-14 14:00:00,18646.0508,18670.1992,18633.1992,18668.1992,0.0
2022-12-14 15:00:00,18669.1504,18676.3496,18640.1992,18643.0,0.0
2022-12-15 09:00:00,18614.4004,18651.4492,18570.1992,18576.1504,0.0
2022-12-15 10:00:00,18576.4492,18593.6992,18559.0996,18570.6504,0.0
2022-12-15 11:00:00,18570.3496,18584.6992,18549.75,18552.6504,0.0
2022-12-15 12:00:00,18552.5,18554.4492,18515.6504,18521.5508,0.0
2022-12-15 13:00:00,18521.9004,18538.4492,18497.5508,18504.75,0.0
2022-12-15 14:00:00,18505.25,18527.5,18409.6504,18435.3008,0.0
2022-12-15 15:00:00,18437.6504,18451.6992,18388.4004,18394.0508,0.0
2022-12-16 09:00:00,18319.0996,18440.5,18300.25,18379.25,0.0
2022-12-16 10:00:00,18379.4492,18389.5508,18276.5508,18287.3496,0.0
2022-12-16 11:00:00,18287.1992,18343.8008,18271.1992,18309.8496,0.0
2022-12-16 12:00:00,18309.6992,18410.8008,18301.0996,18384.3008,0.0
2022-12-16 13:00:00,18384.0508,18409.3008,18314.75,18319.8496,0.0
2022-12-16 14:00:00,18320.1504,18356.0508,18266.9492,18275.8496,0.0
2022-12-16 15:00:00,18276.9492,18313.9004,18255.6992,18270.0996,0.0
2022-12-19 09:00:00,18288.0996,18321.8496,18244.6504,18312.8008,0.0
2022-12-19 10:00:00,18312.4492,18358.3496,18312.4492,18326.5508,0.0
2022-12-19 11:00:00,18326.0996,18371.9492,18322.9492,18365.9492,0.0
2022-12-19 12:00:00,18365.4004,18383.4004,18338.5,18342.4492,0.0
2022-12-19 13:00:00,18341.6992,18375.6504,18322.0508,18369.25,0.0
2022-12-19 14:00:00,18369.1992,18411.0508,18352.25,18407.5996,0.0
2022-12-19 15:00:00,18407.3008,18431.25,18404.9492,18426.1992,0.0
2022-12-20 09:00:00,18340.3008,18355.1992,18214.25,18218.1992,0.0
2022-12-20 10:00:00,18216.9004,18250.8008,18210.8496,18228.4004,0.0
2022-12-20 11:00:00,18227.75,18236.75,18203.1992,18216.8008,0.0
2022-12-20 12:00:00,18216.9004,18281.3496,18216.5,18261.8008,0.0
2022-12-20 13:00:00,18261.5508,18291.9004,18247.3496,18279.5508,0.0
2022-12-20 14:00:00,18279.6504,18344.4004,18278.3008,18336.9004,0.0
2022-12-20 15:00:00,18335.0508,18404.6504,18335.0508,18385.8496,0.0
2022-12-21 09:00:00,18435.1504,18472.5,18368.8008,18378.9492,0.0
2022-12-21 10:00:00,18379.0996,18405.5,18339.0996,18349.1992,0.0
2022-12-21 11:00:00,18350.25,18387.0508,18340.8008,18367.6504,0.0
2022-12-21 12:00:00,18367.5996,18367.8496,18267.6992,18269.8008,0.0
2022-12-21 13:00:00,18269.9492,18308.25,18164.0,18191.25,0.0
2022-12-21 14:00:00,18192.9004,18284.4004,18172.1504,18217.9004,0.0
2022-12-21 15:00:00,18216.5996,18240.3496,18176.9492,18207.5508,0.0
2022-12-22 09:00:00,18288.8008,18317.0508,18171.9004,18230.6992,0.0
2022-12-22 10:00:00,18230.6504,18235.0508,18112.4492,18114.3496,0.0
2022-12-22 11:00:00,18114.0508,18157.5508,18080.8496,18089.75,0.0
2022-12-22 12:00:00,18090.5996,18116.9492,18068.9492,18081.0996,0.0
2022-12-22 13:00:00,18081.8008,18172.6504,18075.3496,18141.9492,0.0
2022-12-22 14:00:00,18141.1504,18182.75,18093.0,18102.9004,0.0
2022-12-22 15:00:00,18102.4492,18152.6504,18098.8496,18114.6992,0.0
2022-12-23 09:00:00,17977.6504,18045.8008,17966.4492,17975.1992,0.0
2022-12-23 10:00:00,17973.8008,17979.0,17913.4492,17946.3496,0.0
2022-12-23 11:00:00,17947.0,17959.8008,17857.4492,17870.5,0.0
2022-12-23 12:00:00,17870.6504,17933.4004,17870.25,17897.3008,0.0
2022-12-23 13:00:00,17897.0996,17922.1992,17852.1504,17863.0,0.0
2022-12-23 14:00:00,17863.5996,17883.5996,17815.6992,17820.0996,0.0
2022-12-23 15:00:00,17819.8496,17832.1992,17780.4492,17824.0996,0.0
2022-12-26 09:00:00,17830.4004,17957.4004,17775.5508,17933.75,0.0
2022-12-26 10:00:00,17933.9492,17961.0996,17907.4492,17959.75,0.0
2022-12-26 11:00:00,17960.5,18004.8008,17948.1504,17991.0996,0.0
2022-12-26 12:00:00,17992.5996,18006.25,17963.4492,17982.6504,0.0
2022-12-26 13:00:00,17984.1504,18014.5508,17974.0,17986.75,0.0
2022-12-26 14:00:00,17987.0508,18083.5,17987.0508,18081.0,0.0
2022-12-26 15:00:00,18081.9492,18081.9492,17984.5508,18009.5996,0.0
2022-12-27 09:00:00,18089.8008,18133.4004,17967.5,18002.1992,0.0
2022-12-27 10:00:00,18003.0996,18051.9004,17979.0996,18048.5996,0.0
2022-12-27 11:00:00,18048.4492,18062.8008,18029.1992,18054.5508,0.0
2022-12-27 12:00:00,18054.6992,18071.5996,18014.8496,18028.0,0.0
2022-12-27 13:00:00,18027.5996,18112.0508,18022.0508,18102.4492,0.0
2022-12-27 14:00:00,18102.5508,18141.25,18073.4492,18124.5996,0.0
2022-12-27 15:00:00,18127.5,18148.5996,18106.6992,18136.0,0.0
2022-12-28 09:00:00,18084.75,18136.75,18071.5,18132.0508,0.0
2022-12-28 10:00:00,18131.1992,18146.5,18089.5,18127.9004,0.0
2022-12-28 11:00:00,18127.4004,18150.5996,18119.0508,18146.5996,0.0
2022-12-28 12:00:00,18145.1504,18152.5996,18124.8008,18138.25,0.0
2022-12-28 13:00:00,18138.5996,18165.6504,18115.4492,18157.4004,0.0
2022-12-28 14:00:00,18157.3008,18173.0508,18101.8496,18117.5,0.0
2022-12-28 15:00:00,18113.5,18149.0,18106.4492,18106.9004,0.0
2022-12-29 09:00:00,18045.6992,18060.4004,18004.3008,18021.0508,0.0
2022-12-29 10:00:00,18021.8496,18028.6504,17992.9004,18012.8496,0.0
2022-12-29 11:00:00,18013.1504,18050.1504,18007.9492,18035.9004,0.0
2022-12-29 12:00:00,18035.0996,18038.0508,18008.3496,18020.3008,0.0
2022-12-29 13:00:00,18020.25,18093.0,18019.9004,18092.3496,0.0
2022-12-29 14:00:00,18091.6992,18157.3008,18073.5996,18139.9492,0.0
2022-12-29 15:00:00,18140.8496,18210.8496,18140.8496,18210.4004,0.0
2022-12-30 09:00:00,18259.0996,18264.6992,18211.6504,18247.8008,0.0
2022-12-30 10:00:00,18246.8496,18252.4492,18217.25,18226.6504,0.0
2022-12-30 11:00:00,18227.9004,18235.6504,18189.4492,18192.0,0.0
2022-12-30 12:00:00,18190.9004,18233.9004,18185.25,18217.4492,0.0
2022-12-30 13:00:00,18217.4004,18223.4492,18170.1992,18170.3496,0.0
2022-12-30 14:00:00,18169.3496,18206.6992,18162.6992,18191.8496,0.0
2022-12-30 15:00:00,18191.75,18194.0996,18080.9004,18117.0508,0.0
2023-01-02 09:00:00,18131.6992,18171.75,18087.5508,18160.3008,0.0
2023-01-02 10:00:00,18160.3496,18189.9004,18154.6992,18181.0,0.0
2023-01-02 11:00:00,18181.0996,18199.3008,18170.5,18173.0996,0.0
2023-01-02 12:00:00,18172.5508,18197.3008,18153.9004,18158.0,0.0
2023-01-02 13:00:00,18158.4492,18193.4492,18157.9004,18163.0996,0.0
2023-01-02 14:00:00,18162.5996,18205.0996,18123.1992,18181.5996,0.0
2023-01-02 15:00:00,18183.5996,18215.0996,18171.5,18208.9492,0.0
2023-01-03 09:00:00,18163.1992,18210.0508,18149.9492,18209.4004,0.0
2023-01-03 10:00:00,18209.4492,18238.5996,18201.6992,18226.3496,0.0
2023-01-03 11:00:00,18226.6992,18240.4004,18213.9004,18218.4492,0.0
2023-01-03 12:00:00,18219.0996,18224.25,18162.5,18179.6992,0.0
2023-01-03 13:00:00,18180.5996,18225.0996,18172.9004,18221.1504,0.0
2023-01-03 14:00:00,18221.1504,18251.8496,18205.4492,18231.6504,0.0
2023-01-03 15:00:00,18233.0,18243.0,18211.9004,18234.3008,0.0
2023-01-04 09:00:00,18230.6504,18241.1992,18128.3008,18128.3008,0.0
2023-01-04 10:00:00,18127.5508,18164.5,18114.0,18136.6504,0.0
2023-01-04 11:00:00,18137.3008,18137.6992,18070.5996,18075.0,0.0
2023-01-04 12:00:00,18076.4004,18077.4492,18038.0,18056.75,0.0
2023-01-04 13:00:00,18057.0,18123.9492,18056.1992,18114.25,0.0
2023-01-04 14:00:00,18114.75,18131.4004,18022.5996,18056.3008,0.0
2023-01-04 15:00:00,18055.9004,18068.6992,18023.3008,18036.8496,0.0
2023-01-05 09:00:00,18101.9492,18119.0508,18028.25,18037.25,0.0
2023-01-05 10:00:00,18037.25,18084.4004,18013.9004,18033.5996,0.0
2023-01-05 11:00:00,18033.6992,18045.0996,17973.8496,17981.9492,0.0
2023-01-05 12:00:00,17983.0996,17986.5,17931.5996,17938.0508,0.0
2023-01-05 13:00:00,17937.6992,17965.3496,17892.5996,17938.8008,0.0
2023-01-05 14:00:00,17938.4492,17968.0508,17911.1504,17954.75,0.0
2023-01-05 15:00:00,17953.4004,18007.9004,17953.4004,17999.8008,0.0
2023-01-06 09:00:00,18008.0508,18046.5996,17970.6504,17970.9004,0.0
2023-01-06 10:00:00,17971.4492,17977.5508,17920.9004,17932.0,0.0
2023-01-06 11:00:00,17931.6504,17948.75,17904.1504,17940.0508,0.0
2023-01-06 12:00:00,17938.8496,17945.5508,17841.25,17845.0508,0.0
2023-01-06 13:00:00,17845.9004,17851.8008,17796.1504,17841.1504,0.0
2023-01-06 14:00:00,17839.4492,17867.5508,17797.5508,17866.1504,0.0
2023-01-06 15:00:00,17865.25,17881.0996,17842.9492,17863.5,0.0
2023-01-09 09:00:00,17952.5508,18054.75,17936.6992,18050.3496,0.0
2023-01-09 10:00:00,18051.4004,18101.0996,18051.0508,18085.8496,0.0
2023-01-09 11:00:00,18085.75,18139.8008,18079.5,18126.1504,0.0
2023-01-09 12:00:00,18125.5,18141.0,18082.9004,18093.3496,0.0
2023-01-09 13:00:00,18093.0996,18094.1504,17997.4004,18038.0996,0.0
2023-01-09 14:00:00,18037.6504,18078.0,18021.4004,18063.25,0.0
2023-01-09 15:00:00,18063.6504,18115.6992,18063.6504,18088.75,0.0
2023-01-10 09:00:00,18121.3008,18127.5996,17978.0996,17983.6504,0.0
2023-01-10 10:00:00,17983.9004,18010.5508,17947.5508,17970.4004,0.0
2023-01-10 11:00:00,17971.0,17973.8496,17927.25,17940.0,0.0
2023-01-10 12:00:00,17939.75,17974.6992,17878.9492,17881.3496,0.0
2023-01-10 13:00:00,17881.4004,17913.3496,17861.0508,17904.3496,0.0
2023-01-10 14:00:00,17904.6504,17918.8496,17857.25,17892.8008,0.0
2023-01-10 15:00:00,17894.6504,17928.9004,17886.3496,17925.3496,0.0
2023-01-11 09:00:00,17924.25,17936.9004,17825.3496,17890.3008,0.0
2023-01-11 10:00:00,17890.75,17975.4004,17885.75,17900.3008,0.0
2023-01-11 11:00:00,17900.4492,17924.1992,17871.0,17915.8496,0.0
2023-01-11 12:00:00,17915.4492,17929.1504,17881.8496,17899.1992,0.0
2023-01-11 13:00:00,17898.4492,17931.8496,17891.8008,17894.0996,0.0
2023-01-11 14:00:00,17892.8496,17939.6992,17865.0,17933.8008,0.0
2023-01-11 15:00:00,17933.3008,17935.75,17879.3008,17888.4004,0.0
2023-01-12 09:00:00,17920.8496,17944.8008,17870.0,17884.25,0.0
2023-01-12 10:00:00,17883.5508,17889.6504,17812.0,17827.9004,0.0
2023-01-12 11:00:00,17827.5508,17835.8496,17780.6992,17786.4492,0.0
2023-01-12 12:00:00,17786.4004,17852.3008,17785.1992,17836.5996,0.0
2023-01-12 13:00:00,17834.25,17849.4492,17762.25,17810.4004,0.0
2023-01-12 14:00:00,17809.3496,17862.1992,17809.0996,17820.1504,0.0
2023-01-12 15:00:00,17819.0,17869.25,17819.0,17866.0,0.0
2023-01-13 09:00:00,17867.5,17871.0508,17776.4492,17782.8008,0.0
2023-01-13 10:00:00,17781.9492,17833.9004,17774.5508,17811.8008,0.0
2023-01-13 11:00:00,17811.8008,17840.0508,17808.9004,17831.5996,0.0
2023-01-13 12:00:00,17831.9492,17937.75,17828.1992,17932.1504,0.0
2023-01-13 13:00:00,17931.9492,17992.4492,17929.9004,17981.6992,0.0
2023-01-13 14:00:00,17980.5,17998.9492,17939.0996,17952.3496,0.0
2023-01-13 15:00:00,17951.3496,17970.5996,17934.5508,17950.5,0.0
2023-01-16 09:00:00,18033.1504,18049.6504,17943.0508,17977.9492,0.0
2023-01-16 10:00:00,17979.1992,17991.3008,17957.3496,17977.5508,0.0
2023-01-16 11:00:00,17977.3008,17978.6992,17924.4492,17928.3496,0.0
2023-01-16 12:00:00,17928.75,17931.1504,17882.6504,17889.8008,0.0
2023-01-16 13:00:00,17889.9492,17944.3008,17863.6504,17869.3496,0.0
2023-01-16 14:00:00,17868.25,17894.4492,17854.1504,17876.5,0.0
2023-01-16 15:00:00,17877.8008,17904.4492,17875.3008,17891.6992,0.0
2023-01-17 09:00:00,17922.8008,18005.5,17888.1992,18005.1992,0.0
2023-01-17 10:00:00,18005.4492,18029.8496,17978.3008,17988.1504,0.0
2023-01-17 11:00:00,17987.9492,18018.5,17970.6504,18010.0,0.0
2023-01-17 12:00:00,18009.8008,18010.9004,17958.0508,17960.6504,0.0
2023-01-17 13:00:00,17960.9492,17994.8496,17926.6992,17978.6504,0.0
2023-01-17 14:00:00,17979.3008,18014.9492,17963.8008,17997.75,0.0
2023-01-17 15:00:00,17999.0508,18070.5,17999.0508,18056.8008,0.0
2023-01-18 09:00:00,18074.3008,18116.3496,18032.5996,18113.3008,0.0
2023-01-18 10:00:00,18113.0508,18131.5996,18101.25,18116.3496,0.0
2023-01-18 11:00:00,18116.1992,18172.9492,18112.3008,18160.8008,0.0
2023-01-18 12:00:00,18160.4004,18177.0996,18149.25,18150.3496,0.0
2023-01-18 13:00:00,18150.1992,18180.1504,18145.5996,18160.5996,0.0
2023-01-18 14:00:00,18160.8496,18183.1992,18136.8008,18175.0,0.0
2023-01-18 15:00:00,18176.6504,18177.8008,18150.6504,18163.8008,0.0
2023-01-19 09:00:00,18119.8008,18139.0508,18079.4004,18098.1992,0.0
2023-01-19 10:00:00,18098.0,18127.9004,18064.3008,18127.6504,0.0
2023-01-19 11:00:00,18127.5996,18155.0996,18109.3008,18126.0,0.0
2023-01-19 12:00:00,18126.0508,18144.9004,18106.0996,18112.5508,0.0
2023-01-19 13:00:00,18112.5996,18129.1992,18104.9492,18118.0996,0.0
2023-01-19 14:00:00,18118.4492,18138.1992,18087.5,18092.5508,0.0
2023-01-19 15:00:00,18093.1992,18121.5996,18084.9492,18089.0508,0.0
2023-01-20 09:00:00,18115.5996,18118.0508,18069.4492,18086.75,0.0
2023-01-20 10:00:00,18086.9004,18144.6504,18086.9004,18119.3496,0.0
2023-01-20 11:00:00,18119.0,18122.9004,18086.5,18086.5996,0.0
2023-01-20 12:00:00,18086.3496,18111.0996,18079.1992,18092.9492,0.0
2023-01-20 13:00:00,18092.75,18105.9492,18055.6504,18056.1504,0.0
2023-01-20 14:00:00,18056.1504,18065.0996,18019.0996,18049.4004,0.0
2023-01-20 15:00:00,18050.4004,18054.25,18017.4492,18027.3008,0.0
2023-01-23 09:00:00,18118.4492,18161.5996,18064.75,18154.9004,0.0
2023-01-23 10:00:00,18155.0,18161.6992,18133.4492,18148.0,0.0
2023-01-23 11:00:00,18147.9004,18151.4492,18123.25,18124.4492,0.0
2023-01-23 12:00:00,18125.0508,18131.6504,18089.1504,18094.5508,0.0
2023-01-23 13:00:00,18094.0996,18123.9492,18078.5996,18115.1504,0.0
2023-01-23 14:00:00,18114.4492,18136.3496,18107.8008,18108.9004,0.0
2023-01-23 15:00:00,18109.8008,18131.3008,18097.5,18104.9492,0.0
2023-01-24 09:00:00,18183.9492,18200.75,18156.8008,18166.0996,0.0
2023-01-24 10:00:00,18166.3008,18171.25,18126.1992,18165.5,0.0
2023-01-24 11:00:00,18165.6504,18173.0996,18125.4004,18129.0508,0.0
2023-01-24 12:00:00,18129.4492,18143.5,18115.0,18140.4492,0.0
2023-01-24 13:00:00,18141.5508,18143.5508,18079.1504,18094.4004,0.0
2023-01-24 14:00:00,18094.9004,18127.6992,18090.75,18122.8496,0.0
2023-01-24 15:00:00,18123.1504,18134.4004,18099.9492,18101.1504,0.0
2023-01-25 09:00:00,18093.3496,18100.5996,17990.4492,17999.4492,0.0
2023-01-25 10:00:00,18000.3496,18002.75,17909.8496,17911.8008,0.0
2023-01-25 11:00:00,17912.1992,17943.0,17846.5996,17894.5996,0.0
2023-01-25 12:00:00,17895.0,17932.4004,17879.8496,17926.3496,0.0
2023-01-25 13:00:00,17925.8008,17930.5508,17893.5,17915.9004,0.0
2023-01-25 14:00:00,17916.75,17946.8496,17883.6504,17899.4004,0.0
2023-01-25 15:00:00,17899.1504,17912.8008,17871.25,17910.0508,0.0
2023-01-27 09:00:00,17877.1992,17884.75,17716.25,17741.8496,0.0
2023-01-27 10:00:00,17741.75,17781.1992,17667.9492,17700.5,0.0
2023-01-27 11:00:00,17700.4004,17701.3008,17633.9492,17669.0508,0.0
2023-01-27 12:00:00,17668.0996,17670.3008,17531.6504,17556.5,0.0
2023-01-27 13:00:00,17560.5996,17606.5996,17517.6992,17542.0996,0.0
2023-01-27 14:00:00,17542.0,17557.75,17494.1992,17537.25,0.0
2023-01-27 15:00:00,17536.8496,17633.8008,17536.8496,17607.9004,0.0
2023-01-30 09:00:00,17541.9492,17708.5,17446.25,17626.6504,0.0
2023-01-30 10:00:00,17625.4492,17642.25,17547.8496,17558.0508,0.0
2023-01-30 11:00:00,17558.5996,17610.9492,17538.4492,17609.75,0.0
2023-01-30 12:00:00,17610.1504,17624.6504,17494.25,17499.8496,0.0
2023-01-30 13:00:00,17498.5,17518.3008,17406.3008,17442.5996,0.0
2023-01-30 14:00:00,17440.8496,17585.8496,17439.4004,17563.6992,0.0
2023-01-30 15:00:00,17560.9492,17675.1992,17560.9492,17667.25,0.0
2023-01-31 09:00:00,17731.4492,17735.6992,17559.3496,17563.1992,0.0
2023-01-31 10:00:00,17563.0,17621.1992,17539.0,17599.6504,0.0
2023-01-31 11:00:00,17599.0996,17648.6992,17562.0508,17643.6504,0.0
2023-01-31 12:00:00,17643.3008,17655.0508,17594.6504,17620.0,0.0
2023-01-31 13:00:00,17619.5508,17684.5996,17613.0508,17657.0508,0.0
2023-01-31 14:00:00,17657.4004,17672.8496,17603.1992,17662.4004,0.0
2023-01-31 15:00:00,17662.0996,17698.3008,17629.0996,17682.5508,0.0
2023-02-01 09:00:00,17811.5996,17815.3008,17735.8496,17760.25,0.0
2023-02-01 10:00:00,17760.6992,17825.0,17751.1992,17811.1992,0.0
2023-02-01 11:00:00,17811.3496,17836.5508,17732.1504,17805.3008,0.0
2023-02-01 12:00:00,17805.1504,17971.5,17733.9004,17968.4492,0.0
2023-02-01 13:00:00,17968.5,17971.25,17664.6992,17665.9492,0.0
2023-02-01 14:00:00,17664.6992,17729.4004,17353.8008,17445.5508,0.0
2023-02-01 15:00:00,17447.25,17676.5,17447.25,17605.4004,0.0
2023-02-02 09:00:00,17517.0996,17653.5,17448.0,17557.8496,0.0
2023-02-02 10:00:00,17555.4004,17616.9492,17513.8496,17572.75,0.0
2023-02-02 11:00:00,17572.8008,17640.4004,17559.5,17625.0996,0.0
2023-02-02 12:00:00,17625.0996,17648.9004,17545.1504,17574.0,0.0
2023-02-02 13:00:00,17575.5508,17588.5,17491.0,17526.5508,0.0
2023-02-02 14:00:00,17528.0,17622.5996,17506.75,17587.9492,0.0
2023-02-02 15:00:00,17590.4492,17633.0996,17568.8496,17604.8496,0.0
2023-02-03 09:00:00,17721.75,17725.5,17643.0,17683.6992,0.0
2023-02-03 10:00:00,17685.9004,17694.25,17584.3496,17634.8496,0.0
2023-02-03 11:00:00,17633.8008,17680.5,17587.25,17654.1504,0.0
2023-02-03 12:00:00,17654.4004,17721.3496,17642.3496,17681.9492,0.0
2023-02-03 13:00:00,17681.1504,17750.0508,17678.75,17744.6504,0.0
2023-02-03 14:00:00,17744.9004,17842.6504,17733.6992,17828.0,0.0
2023-02-03 15:00:00,17830.75,17869.8496,17825.75,17830.8008,0.0
2023-02-06 09:00:00,17818.5508,17820.75,17713.1992,17771.8008,0.0
2023-02-06 10:00:00,17771.75,17785.9492,17698.9004,17719.9004,0.0
2023-02-06 11:00:00,17718.8008,17749.3496,17711.0996,17749.3496,0.0
2023-02-06 12:00:00,17747.8496,17758.1504,17717.1504,17741.1504,0.0
2023-02-06 13:00:00,17740.75,17772.3008,17717.0,17768.4492,0.0
2023-02-06 14:00:00,17768.8008,17784.8496,17739.4004,17757.1992,0.0
2023-02-06 15:00:00,17759.5996,17780.0,17756.0508,17762.0,0.0
2023-02-07 09:00:00,17790.0996,17810.8496,17731.0508,17751.8008,0.0
2023-02-07 10:00:00,17751.5996,17787.0508,17737.5508,17758.3496,0.0
2023-02-07 11:00:00,17758.0,17770.25,17727.3496,17731.9492,0.0
2023-02-07 12:00:00,17731.8496,17745.1504,17667.0996,17677.5,0.0
2023-02-07 13:00:00,17676.5508,17728.0508,17652.5996,17704.9004,0.0
2023-02-07 14:00:00,17704.0996,17778.5996,17702.8496,17763.9004,0.0
2023-02-07 15:00:00,17765.0,17767.1992,17704.5,17720.4004,0.0
2023-02-08 09:00:00,17750.3008,17854.4004,17745.3008,17850.5508,0.0
2023-02-08 10:00:00,17850.8496,17878.4004,17799.9492,17823.75,0.0
2023-02-08 11:00:00,17823.8496,17880.4004,17822.0508,17876.6504,0.0
2023-02-08 12:00:00,17876.5,17878.0508,17829.4492,17849.0508,0.0
2023-02-08 13:00:00,17848.1504,17888.6992,17845.0,17877.3008,0.0
2023-02-08 14:00:00,17876.5996,17897.4004,17867.75,17890.1504,0.0
2023-02-08 15:00:00,17890.6992,17898.5508,17857.6504,17862.5,0.0
2023-02-09 09:00:00,17885.5,17887.75,17780.5,17849.1504,0.0
2023-02-09 10:00:00,17848.8496,17881.25,17840.5,17861.8008,0.0
2023-02-09 11:00:00,17862.1992,17885.0508,17850.5996,17857.1504,0.0
2023-02-09 12:00:00,17857.25,17858.0996,17822.6992,17838.0508,0.0
2023-02-09 13:00:00,17837.6992,17898.9492,17824.4492,17893.1992,0.0
2023-02-09 14:00:00,17893.0508,17915.5508,17879.4492,17885.3008,0.0
2023-02-09 15:00:00,17884.8008,17904.8008,17876.3008,17897.0996,0.0
2023-02-10 09:00:00,17847.5508,17870.0996,17801.1504,17824.6992,0.0
2023-02-10 10:00:00,17823.9004,17861.3008,17814.1992,17852.3008,0.0
2023-02-10 11:00:00,17853.1504,17876.9492,17844.6992,17847.0,0.0
2023-02-10 12:00:00,17847.4492,17858.5508,17820.3496,17825.3008,0.0
2023-02-10 13:00:00,17825.5508,17846.3008,17815.0996,17843.0,0.0
2023-02-10 14:00:00,17842.75,17859.25,17823.6504,17834.9492,0.0
2023-02-10 15:00:00,17834.5996,17865.1504,17833.75,17843.3496,0.0
2023-02-13 09:00:00,17859.0996,17879.8008,17772.6992,17773.5,0.0
2023-02-13 10:00:00,17772.5996,17790.75,17736.0996,17780.25,0.0
2023-02-13 11:00:00,17779.9492,17794.8496,17754.3496,17777.4004,0.0
2023-02-13 12:00:00,17777.3496,17778.1504,17720.25,17751.75,0.0
2023-02-13 13:00:00,17752.0508,17779.5508,17744.4492,17767.4004,0.0
2023-02-13 14:00:00,17768.0508,17802.8008,17759.8496,17800.8008,0.0
2023-02-13 15:00:00,17801.0996,17801.6504,17760.0996,17764.5508,0.0
2023-02-14 09:00:00,17840.3496,17857.9492,17800.4492,17832.5996,0.0
2023-02-14 10:00:00,17833.1992,17853.0508,17820.4492,17838.1992,0.0
2023-02-14 11:00:00,17837.4492,17878.0508,17832.3008,17877.4492,0.0
2023-02-14 12:00:00,17877.8496,17925.1504,17872.6504,17904.1992,0.0
2023-02-14 13:00:00,17904.5,17938.25,17895.6504,17936.3496,0.0
2023-02-14 14:00:00,17936.3008,17954.4492,17930.9004,17946.4004,0.0
2023-02-14 15:00:00,17947.0508,17948.8496,17918.9492,17921.8496,0.0
2023-02-15 09:00:00,17896.5996,17901.6504,17853.9004,17891.4492,0.0
2023-02-15 10:00:00,17891.5996,17939.5,17891.5996,17916.8496,0.0
2023-02-15 11:00:00,17917.0508,17959.0,17917.0508,17934.0508,0.0
2023-02-15 12:00:00,17933.9492,17943.0996,17904.3008,17941.5,0.0
2023-02-15 13:00:00,17941.3496,17944.0508,17905.0508,17925.3496,0.0
2023-02-15 14:00:00,17925.0,17974.6992,17923.8496,17970.0996,0.0
2023-02-15 15:00:00,17970.5996,18033.8008,17970.5996,18023.1992,0.0
2023-02-16 09:00:00,18094.75,18134.0,18063.4004,18122.5508,0.0
2023-02-16 10:00:00,18121.9004,18131.75,18091.0996,18118.5508,0.0
2023-02-16 11:00:00,18118.9004,18124.5,18084.0,18095.1504,0.0
2023-02-16 12:00:00,18094.6504,18102.4004,18052.75,18060.6504,0.0
2023-02-16 13:00:00,18060.4004,18100.75,18059.0508,18077.3008,0.0
2023-02-16 14:00:00,18077.5,18090.1992,18038.6504,18072.25,0.0
2023-02-16 15:00:00,18073.75,18076.5,18001.0508,18015.25,0.0
2023-02-17 09:00:00,17974.8496,18033.6992,17928.9492,18016.0996,0.0
2023-02-17 10:00:00,18015.25,18021.8496,17967.75,17984.75,0.0
2023-02-17 11:00:00,17983.0996,17999.8496,17974.5,17985.0996,0.0
2023-02-17 12:00:00,17984.0,17996.5,17923.9004,17926.9004,0.0
2023-02-17 13:00:00,17926.5,17937.5,17885.9492,17899.8496,0.0
2023-02-17 14:00:00,17900.8496,17936.9004,17892.1504,17915.6504,0.0
2023-02-17 15:00:00,17915.4492,17953.3496,17915.4492,17942.5996,0.0
2023-02-20 09:00:00,17965.5508,18000.1992,17903.5996,17994.0,0.0
2023-02-20 10:00:00,17994.0508,18003.9492,17942.0508,17961.25,0.0
2023-02-20 11:00:00,17961.0508,17969.5,17926.1992,17930.75,0.0
2023-02-20 12:00:00,17929.9004,17939.3496,17883.5508,17887.5996,0.0
2023-02-20 13:00:00,17887.75,17912.6504,17849.1992,17857.1504,0.0
2023-02-20 14:00:00,17855.9492,17866.1992,17818.75,17853.1504,0.0
2023-02-20 15:00:00,17853.0,17864.1504,17828.5996,17847.6992,0.0
2023-02-21 09:00:00,17905.8008,17905.8496,17839.1504,17860.1992,0.0
2023-02-21 10:00:00,17860.4004,17924.4004,17858.0508,17898.3496,0.0
2023-02-21 11:00:00,17898.1504,17916.6504,17870.25,17891.9004,0.0
2023-02-21 12:00:00,17891.0996,17894.8008,17818.0,17843.0996,0.0
2023-02-21 13:00:00,17842.75,17888.5996,17835.75,17880.0,0.0
2023-02-21 14:00:00,17881.0508,17891.1504,17800.5996,17813.6504,0.0
2023-02-21 15:00:00,17815.1992,17845.25,17814.8496,17842.0996,0.0
2023-02-22 09:00:00,17755.3496,17771.8496,17671.6992,17677.3008,0.0
2023-02-22 10:00:00,17677.4004,17695.9492,17652.1992,17669.5,0.0
2023-02-22 11:00:00,17667.3008,17677.4004,17639.0996,17644.3008,0.0
2023-02-22 12:00:00,17643.9004,17656.8496,17607.1504,17614.5996,0.0
2023-02-22 13:00:00,17614.0996,17634.3496,17555.9492,17561.25,0.0
2023-02-22 14:00:00,17558.4004,17593.5508,17529.5508,17580.5,0.0
2023-02-22 15:00:00,17580.3496,17587.3496,17543.0508,17552.5,0.0
2023-02-23 09:00:00,17574.6504,17585.25,17456.6992,17560.75,0.0
2023-02-23 10:00:00,17560.5996,17619.4004,17555.6504,17557.1504,0.0
2023-02-23 11:00:00,17556.1992,17595.3496,17547.0996,17578.5996,0.0
2023-02-23 12:00:00,17577.9492,17584.0,17526.3008,17547.5,0.0
2023-02-23 13:00:00,17547.3008,17592.0,17542.3008,17573.8496,0.0
2023-02-23 14:00:00,17574.0,17584.75,17537.9004,17556.6504,0.0
2023-02-23 15:00:00,17557.0508,17560.5508,17490.4004,17523.8008,0.0
2023-02-24 09:00:00,17591.3496,17599.75,17514.1504,17546.0,0.0
2023-02-24 10:00:00,17546.8496,17565.8008,17510.0996,17511.8008,0.0
2023-02-24 11:00:00,17511.0508,17534.8496,17487.0,17499.1992,0.0
2023-02-24 12:00:00,17499.0508,17510.5,17424.5508,17431.3008,0.0
2023-02-24 13:00:00,17430.4004,17485.4492,17423.6504,17478.1992,0.0
2023-02-24 14:00:00,17478.1504,17484.5,17422.5508,17440.8008,0.0
2023-02-24 15:00:00,17439.5996,17481.1992,17439.5996,17465.4492,0.0
2023-02-27 09:00:00,17428.5996,17450.75,17334.8496,17335.5508,0.0
2023-02-27 10:00:00,17334.9492,17345.4492,17301.6992,17327.0996,0.0
2023-02-27 11:00:00,17327.25,17397.3008,17324.5996,17378.0996,0.0
2023-02-27 12:00:00,17379.0,17379.5508,17322.6504,17337.8008,0.0
2023-02-27 13:00:00,17337.5508,17355.0508,17299.9004,17352.0508,0.0
2023-02-27 14:00:00,17351.9004,17375.4492,17336.0996,17374.4004,0.0
2023-02-27 15:00:00,17374.3496,17411.0508,17365.0508,17406.3496,0.0
2023-02-28 09:00:00,17383.25,17440.1992,17368.8008,17403.1504,0.0
2023-02-28 10:00:00,17403.75,17415.6992,17346.4004,17371.5508,0.0
2023-02-28 11:00:00,17371.0,17385.3496,17343.75,17376.9004,0.0
2023-02-28 12:00:00,17376.5996,17401.1504,17339.9492,17354.4492,0.0
2023-02-28 13:00:00,17354.3496,17368.3008,17309.3496,17310.0,0.0
2023-02-28 14:00:00,17309.3008,17315.4492,17255.9004,17312.5996,0.0
2023-02-28 15:00:00,17314.5508,17342.0996,17286.1504,17317.1992,0.0
2023-03-01 09:00:00,17360.0996,17421.75,17345.6504,17389.4004,0.0
2023-03-01 10:00:00,17390.4492,17427.0,17389.5508,17419.5,0.0
2023-03-01 11:00:00,17419.5,17441.1992,17409.6992,17427.4004,0.0
2023-03-01 12:00:00,17427.9492,17431.3496,17393.5996,17422.0508,0.0
2023-03-01 13:00:00,17422.3008,17445.0508,17401.8008,17423.8008,0.0
2023-03-01 14:00:00,17423.4004,17467.5,17423.0,17451.0996,0.0
2023-03-01 15:00:00,17451.1992,17461.5508,17442.9004,17457.25,0.0
2023-03-02 09:00:00,17421.5,17444.5508,17348.0,17348.0,0.0
2023-03-02 10:00:00,17346.6992,17388.0,17344.4492,17365.9004,0.0
2023-03-02 11:00:00,17365.6504,17384.0996,17358.0,17383.0508,0.0
2023-03-02 12:00:00,17382.3496,17401.8008,17370.5508,17372.0996,0.0
2023-03-02 13:00:00,17372.0996,17383.5,17313.4004,17320.9004,0.0
2023-03-02 14:00:00,17321.0508,17345.4004,17306.5,17327.9004,0.0
2023-03-02 15:00:00,17328.8008,17336.1992,17311.4492,17318.6504,0.0
2023-03-03 09:00:00,17451.25,17495.25,17430.5,17485.9492,0.0
2023-03-03 10:00:00,17485.75,17555.8496,17474.0,17542.0996,0.0
2023-03-03 11:00:00,17542.5996,17578.4492,17534.9004,17566.5996,0.0
2023-03-03 12:00:00,17566.3008,17578.0508,17535.9004,17556.1992,0.0
2023-03-03 13:00:00,17557.25,17607.6504,17553.4004,17598.0,0.0
2023-03-03 14:00:00,17597.75,17644.6992,17596.9492,17627.4004,0.0
2023-03-03 15:00:00,17626.6992,17627.0508,17585.0,17592.3008,0.0
2023-03-06 09:00:00,17680.3496,17777.5,17674.4492,17767.3496,0.0
2023-03-06 10:00:00,17767.0508,17798.3496,17754.6504,17776.0,0.0
2023-03-06 11:00:00,17776.0996,17789.5996,17750.0508,17784.8496,0.0
2023-03-06 12:00:00,17785.0508,17786.8496,17739.4004,17759.6504,0.0
2023-03-06 13:00:00,17759.6504,17776.25,17722.3008,17733.4004,0.0
2023-03-06 14:00:00,17733.3008,17747.0996,17705.5508,17717.9004,0.0
2023-03-06 15:00:00,17718.9004,17727.25,17703.4492,17719.8496,0.0
2023-03-08 09:00:00,17665.75,17692.1504,17603.5508,17687.75,0.0
2023-03-08 10:00:00,17688.5,17711.6992,17676.5996,17694.5508,0.0
2023-03-08 11:00:00,17694.5,17699.75,17648.1992,17652.5508,0.0
2023-03-08 12:00:00,17652.6992,17680.0996,17645.9004,17676.6504,0.0
2023-03-08 13:00:00,17676.0,17699.5996,17665.8008,17698.8496,0.0
2023-03-08 14:00:00,17698.1504,17718.9492,17693.6992,17707.0508,0.0
2023-03-08 15:00:00,17708.3496,17766.4004,17708.3496,17751.5,0.0
2023-03-09 09:00:00,17772.0508,17772.0508,17693.0996,17694.0,0.0
2023-03-09 10:00:00,17693.75,17704.6992,17668.9492,17694.4004,0.0
2023-03-09 11:00:00,17694.0,17723.4004,17692.3008,17696.4004,0.0
2023-03-09 12:00:00,17695.8496,17698.6992,17644.8496,17671.6992,0.0
2023-03-09 13:00:00,17671.4004,17677.0508,17615.8008,17617.8008,0.0
2023-03-09 14:00:00,17617.3008,17634.3008,17597.5508,17609.6504,0.0
2023-03-09 15:00:00,17609.8008,17611.5996,17574.6992,17582.8008,0.0
2023-03-10 09:00:00,17443.8008,17451.5,17325.75,17378.9492,0.0
2023-03-10 10:00:00,17379.0996,17427.4004,17371.5,17411.5996,0.0
2023-03-10 11:00:00,17411.25,17435.0508,17394.5,17410.5,0.0
2023-03-10 12:00:00,17410.5996,17416.8008,17376.6992,17407.5996,0.0
2023-03-10 13:00:00,17410.75,17429.1504,17373.4492,17392.3496,0.0
2023-03-10 14:00:00,17391.6504,17404.3496,17367.1504,17378.5996,0.0
2023-03-10 15:00:00,17380.3008,17425.9492,17380.3008,17418.5996,0.0
2023-03-13 09:00:00,17421.9004,17529.0508,17388.5,17455.3496,0.0
2023-03-13 10:00:00,17455.0508,17482.1992,17421.9004,17432.5508,0.0
2023-03-13 11:00:00,17432.1504,17433.5508,17344.4004,17364.4492,0.0
2023-03-13 12:00:00,17364.8008,17369.5508,17258.3496,17261.6504,0.0
2023-03-13 13:00:00,17261.5,17294.6992,17208.8496,17211.6504,0.0
2023-03-13 14:00:00,17211.75,17229.8496,17114.8496,17140.5996,0.0
2023-03-13 15:00:00,17140.5,17198.0508,17114.75,17184.5996,0.0
2023-03-14 09:00:00,17160.5508,17224.0996,17112.8496,17180.5508,0.0
2023-03-14 10:00:00,17180.1992,17183.9004,17067.25,17087.6992,0.0
2023-03-14 11:00:00,17085.0996,17088.9004,17038.9004,17055.4004,0.0
2023-03-14 12:00:00,17055.4492,17185.6992,17043.5,17056.8496,0.0
2023-03-14 13:00:00,17056.4004,17064.1504,16999.0,17021.0996,0.0
2023-03-14 14:00:00,17020.6504,17075.9492,16987.5,17049.5996,0.0
2023-03-14 15:00:00,17049.0996,17070.3008,17012.0996,17068.6504,0.0
2023-03-15 09:00:00,17166.4492,17210.5996,17125.3496,17141.8008,0.0
2023-03-15 10:00:00,17141.1504,17170.8496,17103.0,17115.0508,0.0
2023-03-15 11:00:00,17115.25,17159.3008,17094.9004,17123.8496,0.0
2023-03-15 12:00:00,17124.6504,17125.5508,17063.1504,17063.1504,0.0
2023-03-15 13:00:00,17063.4004,17081.3496,17026.4004,17030.4492,0.0
2023-03-15 14:00:00,17030.8008,17064.5508,17001.8008,17018.0508,0.0
2023-03-15 15:00:00,17018.5508,17024.5,16940.3496,16973.8496,0.0
2023-03-16 09:00:00,16994.6504,16995.4004,16850.4004,16883.3008,0.0
2023-03-16 10:00:00,16882.1992,17028.4492,16853.1992,17014.25,0.0
2023-03-16 11:00:00,17014.6504,17046.1504,16955.9004,16961.9004,0.0
2023-03-16 12:00:00,16962.25,16972.9004,16910.4004,16946.0,0.0
2023-03-16 13:00:00,16946.3496,16999.5,16936.25,16955.5996,0.0
2023-03-16 14:00:00,16954.9492,17062.1992,16954.9492,16976.4004,0.0
2023-03-16 15:00:00,16976.4492,17014.6504,16950.1992,17010.4004,0.0
2023-03-17 09:00:00,17111.8008,17144.4004,17055.3496,17056.1992,0.0
2023-03-17 10:00:00,17054.3496,17100.4492,17046.3008,17059.8496,0.0
2023-03-17 11:00:00,17060.0,17066.8496,16991.0,17042.3496,0.0
2023-03-17 12:00:00,17043.0,17057.25,16964.0508,16981.0,0.0
2023-03-17 13:00:00,16981.3496,17082.1504,16958.4492,17068.0508,0.0
2023-03-17 14:00:00,17068.1504,17099.3008,17008.6992,17090.5508,0.0
2023-03-17 15:00:00,17092.75,17125.9004,17074.5508,17123.6992,0.0
2023-03-20 09:00:00,17066.5996,17066.5996,16908.75,16910.1504,0.0
2023-03-20 10:00:00,16909.6504,16955.75,16882.25,16953.3496,0.0
2023-03-20 11:00:00,16952.8496,16963.5996,16881.6504,16882.8008,0.0
2023-03-20 12:00:00,16880.6504,16897.8008,16834.75,16846.25,0.0
2023-03-20 13:00:00,16844.25,16901.3496,16830.75,16857.8496,0.0
2023-03-20 14:00:00,16857.6504,16948.5996,16854.3008,16943.0508,0.0
2023-03-20 15:00:00,16943.1504,17008.4492,16939.1504,17003.4492,0.0
2023-03-21 09:00:00,17060.4004,17080.5508,17016.6504,17039.5,0.0
2023-03-21 10:00:00,17039.4492,17085.75,17033.6504,17059.0508,0.0
2023-03-21 11:00:00,17058.9004,17079.0996,17022.5508,17030.9492,0.0
2023-03-21 12:00:00,17031.0996,17083.5,17027.0508,17083.1992,0.0
2023-03-21 13:00:00,17083.4004,17106.1504,17065.5508,17103.0996,0.0
2023-03-21 14:00:00,17102.75,17127.0996,17083.1992,17118.4004,0.0
2023-03-21 15:00:00,17119.1504,17122.0508,17095.5,17106.9492,0.0
2023-03-22 09:00:00,17177.4492,17207.1504,17132.4004,17155.8008,0.0
2023-03-22 10:00:00,17156.6992,17165.75,17127.1504,17131.5508,0.0
2023-03-22 11:00:00,17131.0,17153.9004,17108.8008,17144.0,0.0
2023-03-22 12:00:00,17143.6992,17165.4004,17128.0,17141.3008,0.0
2023-03-22 13:00:00,17142.3008,17156.0508,17116.6992,17135.6992,0.0
2023-03-22 14:00:00,17137.5996,17151.5,17110.9492,17141.0996,0.0
2023-03-22 15:00:00,17140.3496,17164.5996,17134.8496,17142.75,0.0
2023-03-23 09:00:00,17097.4004,17130.0508,17046.0996,17125.0996,0.0
2023-03-23 10:00:00,17125.1504,17171.9004,17125.0,17140.75,0.0
2023-03-23 11:00:00,17140.8008,17171.3008,17125.5508,17167.9492,0.0
2023-03-23 12:00:00,17167.6504,17205.0508,17156.4004,17185.5508,0.0
2023-03-23 13:00:00,17184.5508,17195.6504,17153.5508,17160.0,0.0
2023-03-23 14:00:00,17159.5996,17166.75,17077.75,17098.8008,0.0
2023-03-23 15:00:00,17094.6992,17117.5,17057.4004,17068.4492,0.0
2023-03-24 09:00:00,17076.1992,17108.5508,16995.4004,17068.3496,0.0
2023-03-24 10:00:00,17068.1504,17087.8008,17010.8008,17024.5996,0.0
2023-03-24 11:00:00,17024.75,17087.8496,17024.25,17079.8496,0.0
2023-03-24 12:00:00,17081.0,17097.9492,17040.0,17045.3496,0.0
2023-03-24 13:00:00,17046.9004,17091.5996,17021.5508,17040.0,0.0
2023-03-24 14:00:00,17042.0,17043.0996,16966.9004,16990.75,0.0
2023-03-24 15:00:00,16993.3496,16999.4004,16918.5,16932.5996,0.0
2023-03-27 09:00:00,16984.3008,17034.8008,16919.4004,17023.3008,0.0
2023-03-27 10:00:00,17023.3496,17044.8496,16982.25,17000.9004,0.0
2023-03-27 11:00:00,17000.5,17034.1992,16975.75,17021.0508,0.0
2023-03-27 12:00:00,17020.6504,17061.1992,17016.4492,17031.5,0.0
2023-03-27 13:00:00,17031.9492,17045.4004,16982.5996,17042.6992,0.0
2023-03-27 14:00:00,17042.9004,17090.75,17029.75,17055.0,0.0
2023-03-27 15:00:00,17050.25,17050.25,16953.9492,16963.4492,0.0
2023-03-28 09:00:00,17031.75,17061.5,16974.6992,16976.1992,0.0
2023-03-28 10:00:00,16976.5,17000.9004,16931.1992,16932.0508,0.0
2023-03-28 11:00:00,16932.3008,16991.75,16930.3496,16973.75,0.0
2023-03-28 12:00:00,16973.8496,16975.0,16939.0508,16969.1504,0.0
2023-03-28 13:00:00,16969.0,16985.6504,16930.0996,16945.4492,0.0
2023-03-28 14:00:00,16945.1992,16957.0508,16913.8008,16953.4004,0.0
2023-03-28 15:00:00,16953.9492,16969.75,16930.6504,16956.8496,0.0
2023-03-29 09:00:00,16977.3008,17032.6992,16976.6504,17024.6992,0.0
2023-03-29 10:00:00,17025.0996,17048.5508,17006.0,17017.3008,0.0
2023-03-29 11:00:00,17017.5508,17026.9492,16959.3008,16975.0996,0.0
2023-03-29 12:00:00,16975.1504,16977.8008,16941.1504,16976.4492,0.0
2023-03-29 13:00:00,16976.0508,17029.9492,16971.1504,17026.5508,0.0
2023-03-29 14:00:00,17025.4492,17057.3496,16990.4004,17015.4004,0.0
2023-03-29 15:00:00,17013.9004,17125.9004,17011.9004,17115.5508,0.0
2023-03-31 09:00:00,17210.3496,17289.0996,17204.6504,17261.5508,0.0
2023-03-31 10:00:00,17261.6504,17281.8496,17233.6504,17249.4004,0.0
2023-03-31 11:00:00,17249.9004,17291.9492,17237.5996,17277.1504,0.0
2023-03-31 12:00:00,17277.0996,17323.75,17268.6504,17311.5,0.0
2023-03-31 13:00:00,17311.6992,17363.75,17308.25,17354.9492,0.0
2023-03-31 14:00:00,17355.9004,17376.9492,17344.1504,17366.5996,0.0
2023-03-31 15:00:00,17368.0,17381.3008,17337.6992,17356.8496,0.0
2023-04-03 09:00:00,17427.9492,17428.0508,17325.8008,17374.75,0.0
2023-04-03 10:00:00,17374.1504,17381.9004,17331.6504,17338.8496,0.0
2023-04-03 11:00:00,17338.8008,17350.4492,17312.9004,17345.3008,0.0
2023-04-03 12:00:00,17344.5,17363.5996,17338.1992,17344.5508,0.0
2023-04-03 13:00:00,17344.4004,17368.75,17336.1504,17348.5996,0.0
2023-04-03 14:00:00,17347.6992,17397.9004,17343.5996,17382.6992,0.0
2023-04-03 15:00:00,17383.5,17410.25,17381.75,17399.6992,0.0
2023-04-05 09:00:00,17422.3008,17484.25,17411.4004,17473.1992,0.0
2023-04-05 10:00:00,17472.6504,17513.8008,17466.9492,17487.6992,0.0
2023-04-05 11:00:00,17487.75,17511.4492,17478.1504,17504.1992,0.0
2023-04-05 12:00:00,17504.0,17540.5996,17492.8496,17535.25,0.0
2023-04-05 13:00:00,17534.4004,17544.9004,17513.9004,17523.5996,0.0
2023-04-05 14:00:00,17523.9004,17550.25,17521.5,17545.4004,0.0
2023-04-05 15:00:00,17546.5996,17570.0,17538.0,17561.0,0.0
2023-04-06 09:00:00,17533.8496,17543.9492,17503.5996,17527.8496,0.0
2023-04-06 10:00:00,17528.0508,17611.8496,17520.1992,17609.9492,0.0
2023-04-06 11:00:00,17610.5,17621.3496,17580.8008,17597.8496,0.0
2023-04-06 12:00:00,17597.3008,17637.6992,17594.9492,17632.5996,0.0
2023-04-06 13:00:00,17632.25,17636.1504,17552.0,17568.25,0.0
2023-04-06 14:00:00,17568.0508,17613.0,17564.9004,17605.6504,0.0
2023-04-06 15:00:00,17606.0996,17608.3496,17590.6504,17602.0,0.0
2023-04-10 09:00:00,17634.9004,17660.4492,17608.9004,17628.8496,0.0
2023-04-10 10:00:00,17629.3496,17649.0996,17606.1992,17623.3496,0.0
2023-04-10 11:00:00,17623.0,17668.6504,17621.5508,17667.1504,0.0
2023-04-10 12:00:00,17667.0,17693.3008,17662.75,17686.1504,0.0
2023-04-10 13:00:00,17686.25,17689.4492,17640.9492,17640.9492,0.0
2023-04-10 14:00:00,17640.6992,17649.1992,17598.25,17627.0,0.0
2023-04-10 15:00:00,17626.0508,17637.0996,17608.6504,17613.0508,0.0
2023-04-11 09:00:00,17704.8008,17730.3496,17669.0,17726.5996,0.0
2023-04-11 10:00:00,17726.0,17748.5996,17705.3496,17714.1992,0.0
2023-04-11 11:00:00,17714.1504,17728.3496,17676.25,17691.5,0.0
2023-04-11 12:00:00,17691.4492,17693.0996,17655.3008,17682.8008,0.0
2023-04-11 13:00:00,17682.0,17714.75,17663.8496,17711.4492,0.0
2023-04-11 14:00:00,17711.0996,17729.8496,17700.4492,17714.4004,0.0
2023-04-11 15:00:00,17715.0996,17733.9492,17710.75,17717.0508,0.0
2023-04-12 09:00:00,17759.5508,17779.4004,17717.8008,17761.6504,0.0
2023-04-12 10:00:00,17761.5,17761.5,17735.1992,17754.1504,0.0
2023-04-12 11:00:00,17754.0508,17773.25,17748.9004,17765.25,0.0
2023-04-12 12:00:00,17765.5,17778.6992,17754.3008,17772.8008,0.0
2023-04-12 13:00:00,17772.3008,17819.0508,17764.0996,17808.3008,0.0
2023-04-12 14:00:00,17808.3496,17813.0,17767.25,17778.3496,0.0
2023-04-12 15:00:00,17778.3496,17824.3008,17778.3496,17817.9004,0.0
2023-04-13 09:00:00,17807.3008,17827.25,17771.4004,17799.5,0.0
2023-04-13 10:00:00,17799.75,17805.6992,17757.1504,17759.6504,0.0
2023-04-13 11:00:00,17759.75,17770.0996,17736.75,17769.1992,0.0
2023-04-13 12:00:00,17768.75,17776.1504,17729.6992,17776.1504,0.0
2023-04-13 13:00:00,17775.6992,17784.4004,17744.9004,17782.6992,0.0
2023-04-13 14:00:00,17782.9492,17828.0508,17778.5,17819.75,0.0
2023-04-13 15:00:00,17818.3496,17841.5,17806.0996,17828.1504,0.0
2023-04-17 09:00:00,17863.0,17863.0,17581.8008,17583.25,0.0
2023-04-17 10:00:00,17583.5996,17676.5508,17574.3496,17655.1992,0.0
2023-04-17 11:00:00,17655.5996,17668.4492,17637.3008,17659.4492,0.0
2023-04-17 12:00:00,17659.9492,17693.3496,17643.9492,17680.3496,0.0
2023-04-17 13:00:00,17680.5508,17688.1504,17654.1504,17687.1504,0.0
2023-04-17 14:00:00,17687.1504,17703.5,17670.3008,17685.9004,0.0
2023-04-17 15:00:00,17686.6504,17716.9004,17685.5,17704.0996,0.0
2023-04-18 09:00:00,17766.5996,17766.5996,17663.8496,17682.75,0.0
2023-04-18 10:00:00,17682.75,17696.3496,17651.1504,17680.4004,0.0
2023-04-18 11:00:00,17681.1504,17688.25,17659.4004,17670.1992,0.0
2023-04-18 12:00:00,17669.8008,17706.25,17668.4492,17705.9492,0.0
2023-04-18 13:00:00,17705.5508,17709.8496,17610.75,17635.25,0.0
2023-04-18 14:00:00,17635.1504,17666.1992,17618.0508,17649.1992,0.0
2023-04-18 15:00:00,17650.25,17673.5996,17650.0508,17661.5508,0.0
2023-04-19 09:00:00,17653.3496,17659.0996,17612.5508,17631.0,0.0
2023-04-19 10:00:00,17631.3496,17646.8496,17615.8008,17639.3496,0.0
2023-04-19 11:00:00,17639.6992,17657.3008,17631.0508,17653.25,0.0
2023-04-19 12:00:00,17653.6504,17665.5996,17646.5996,17655.1992,0.0
2023-04-19 13:00:00,17655.5996,17657.0,17586.25,17598.4004,0.0
2023-04-19 14:00:00,17598.0,17615.8008,17580.0,17596.0996,0.0
2023-04-19 15:00:00,17594.3008,17632.8496,17593.6504,17610.1992,0.0
2023-04-20 09:00:00,17638.5996,17683.75,17615.1992,17644.8008,0.0
2023-04-20 10:00:00,17645.3496,17649.5508,17590.3496,17614.5996,0.0
2023-04-20 11:00:00,17614.3496,17632.8008,17597.0,17626.4004,0.0
2023-04-20 12:00:00,17626.0996,17627.9492,17603.4004,17611.6992,0.0
2023-04-20 13:00:00,17611.4492,17612.3496,17586.3008,17593.0996,0.0
2023-04-20 14:00:00,17592.6992,17615.0,17584.5,17610.3008,0.0
2023-04-20 15:00:00,17611.3496,17634.4004,17608.1504,17623.9004,0.0
2023-04-21 09:00:00,17639.75,17662.5,17606.5508,17607.9492,0.0
2023-04-21 10:00:00,17607.4004,17620.0,17589.5,17602.8496,0.0
2023-04-21 11:00:00,17602.6992,17612.9004,17597.0,17608.0508,0.0
2023-04-21 12:00:00,17609.3496,17609.3496,17574.9492,17575.0508,0.0
2023-04-21 13:00:00,17575.6992,17614.1504,17554.0996,17604.0,0.0
2023-04-21 14:00:00,17604.75,17636.8496,17596.3008,17627.9004,0.0
2023-04-21 15:00:00,17630.0,17637.5508,17611.1504,17618.9004,0.0
2023-04-24 09:00:00,17707.5508,17709.1992,17625.1504,17633.6504,0.0
2023-04-24 10:00:00,17634.3496,17644.9492,17620.4004,17634.8496,0.0
2023-04-24 11:00:00,17635.0,17646.9492,17612.6992,17625.25,0.0
2023-04-24 12:00:00,17625.6504,17679.75,17623.3008,17671.0508,0.0
2023-04-24 13:00:00,17671.25,17719.0,17669.5996,17697.1992,0.0
2023-04-24 14:00:00,17697.8008,17739.0996,17696.5508,17729.0508,0.0
2023-04-24 15:00:00,17729.4492,17754.25,17729.4492,17748.0,0.0
2023-04-25 09:00:00,17761.5508,17766.0508,17717.3008,17737.75,0.0
2023-04-25 10:00:00,17737.0,17775.5996,17732.5,17765.1504,0.0
2023-04-25 11:00:00,17765.0996,17791.9004,17757.9492,17784.4004,0.0
2023-04-25 12:00:00,17784.8496,17786.5996,17748.9004,17770.6992,0.0
2023-04-25 13:00:00,17770.6992,17789.3008,17753.3496,17761.3008,0.0
2023-04-25 14:00:00,17761.6504,17807.25,17757.0508,17782.25,0.0
2023-04-25 15:00:00,17785.9492,17787.0508,17754.1504,17760.3496,0.0
2023-04-26 09:00:00,17767.3008,17776.0,17711.9492,17738.25,0.0
2023-04-26 10:00:00,17738.25,17773.9492,17734.25,17762.25,0.0
2023-04-26 11:00:00,17762.0508,17789.8008,17759.4492,17788.5,0.0
2023-04-26 12:00:00,17788.4004,17809.5508,17775.8008,17785.25,0.0
2023-04-26 13:00:00,17784.9492,17792.4492,17767.1992,17782.75,0.0
2023-04-26 14:00:00,17782.4004,17800.0996,17770.3496,17785.4004,0.0
2023-04-26 15:00:00,17784.6504,17826.8008,17782.8008,17818.1992,0.0
2023-04-27 09:00:00,17813.0996,17846.0508,17798.1992,17835.8496,0.0
2023-04-27 10:00:00,17836.3496,17849.3008,17824.6992,17830.1992,0.0
2023-04-27 11:00:00,17830.4004,17858.9492,17824.5508,17855.6504,0.0
2023-04-27 12:00:00,17854.4004,17858.0508,17836.75,17849.3008,0.0
2023-04-27 13:00:00,17848.9004,17891.0508,17842.3496,17888.5,0.0
2023-04-27 14:00:00,17889.0508,17895.4004,17859.5,17887.6992,0.0
2023-04-27 15:00:00,17886.3008,17931.25,17884.8008,17923.1992,0.0
2023-04-28 09:00:00,17950.4004,17956.9004,17895.6992,17912.75,0.0
2023-04-28 10:00:00,17912.9004,17933.4004,17885.8008,17931.6992,0.0
2023-04-28 11:00:00,17931.6992,17957.5,17930.8008,17952.4004,0.0
2023-04-28 12:00:00,17952.4004,17977.25,17951.5,17962.0996,0.0
2023-04-28 13:00:00,17961.1992,17980.3496,17960.5996,17977.1992,0.0
2023-04-28 14:00:00,17977.5,18004.5508,17962.9492,17984.5508,0.0
2023-04-28 15:00:00,17985.4492,18088.8008,17985.4492,18049.5508,0.0
2023-05-02 09:00:00,18124.80078125,18170.19921875,18106.19921875,18161.650390625,0.0
2023-05-02 10:00:00,18161.94921875,18179.80078125,18143.099609375,18154.94921875,0.0
2023-05-02 11:00:00,18154.599609375,18163.400390625,18131.19921875,18155.55078125,0.0
2023-05-02 12:00:00,18155.650390625,18170.849609375,18143.44921875,18169.55078125,0.0
2023-05-02 13:00:00,18169.599609375,18179.5,18155.19921875,18171.05078125,0.0
2023-05-02 14:00:00,18169.349609375,18176.25,18135.599609375,18149.69921875,0.0
2023-05-02 15:00:00,18151.75,18169.44921875,18130.55078125,18136.05078125,0.0
2023-05-03 09:00:00,18113.80078125,18113.80078125,18050.80078125,18089.650390625,0.0
2023-05-03 10:00:00,18089.5,18116.25,18080.0,18109.05078125,0.0
2023-05-03 11:00:00,18109.400390625,18110.150390625,18063.400390625,18079.5,0.0
2023-05-03 12:00:00,18079.650390625,18092.05078125,18061.30078125,18083.400390625,0.0
2023-05-03 13:00:00,18082.69921875,18100.55078125,18043.349609375,18055.94921875,0.0
2023-05-03 14:00:00,18055.44921875,18101.05078125,18053.94921875,18076.349609375,0.0
2023-05-03 15:00:00,18077.5,18102.599609375,18070.150390625,18082.69921875,0.0
2023-05-04 09:00:00,18081.0,18122.55078125,18071.25,18119.0,0.0
2023-05-04 10:00:00,18119.25,18150.94921875,18114.94921875,18146.349609375,0.0
2023-05-04 11:00:00,18146.150390625,18167.05078125,18144.150390625,18166.0,0.0
2023-05-04 12:00:00,18166.0,18178.69921875,18151.400390625,18166.900390625,0.0
2023-05-04 13:00:00,18167.400390625,18194.5,18161.94921875,18179.94921875,0.0
2023-05-04 14:00:00,18181.30078125,18228.900390625,18172.55078125,18228.849609375,0.0
2023-05-04 15:00:00,18229.05078125,18267.099609375,18228.80078125,18238.599609375,0.0
2023-05-05 09:00:00,18117.30078125,18189.80078125,18104.900390625,18186.150390625,0.0
2023-05-05 10:00:00,18186.80078125,18216.94921875,18186.25,18210.44921875,0.0
2023-05-05 11:00:00,18210.69921875,18211.150390625,18098.849609375,18099.349609375,0.0
2023-05-05 12:00:00,18098.599609375,18168.400390625,18085.44921875,18160.400390625,0.0
2023-05-05 13:00:00,18161.650390625,18162.400390625,18102.94921875,18118.25,0.0
2023-05-05 14:00:00,18118.44921875,18146.599609375,18086.69921875,18090.75,0.0
2023-05-05 15:00:00,18091.400390625,18092.25,18055.69921875,18069.94921875,0.0
2023-05-08 09:00:00,18120.599609375,18218.19921875,18102.400390625,18211.69921875,0.0
2023-05-08 10:00:00,18210.900390625,18252.0,18190.55078125,18234.599609375,0.0
2023-05-08 11:00:00,18234.650390625,18264.05078125,18219.30078125,18258.44921875,0.0
2023-05-08 12:00:00,18259.05078125,18277.80078125,18248.75,18265.150390625,0.0
2023-05-08 13:00:00,18265.05078125,18284.400390625,18258.05078125,18283.099609375,0.0
2023-05-08 14:00:00,18282.55078125,18286.69921875,18256.25,18265.25,0.0
2023-05-08 15:00:00,18265.099609375,18283.69921875,18246.849609375,18269.75,0.0
2023-05-09 09:00:00,18303.400390625,18330.19921875,18277.599609375,18321.0,0.0
2023-05-09 10:00:00,18320.94921875,18343.900390625,18318.55078125,18338.80078125,0.0
2023-05-09 11:00:00,18339.099609375,18343.349609375,18315.849609375,18331.94921875,0.0
2023-05-09 12:00:00,18332.0,18336.94921875,18294.900390625,18304.75,0.0
2023-05-09 13:00:00,18304.599609375,18306.5,18254.25,18254.94921875,0.0
2023-05-09 14:00:00,18254.80078125,18281.900390625,18230.44921875,18267.25,0.0
2023-05-09 15:00:00,18266.69921875,18281.25,18253.94921875,18258.30078125,0.0
2023-05-10 09:00:00,18313.599609375,18322.30078125,18226.19921875,18226.19921875,0.0
2023-05-10 10:00:00,18226.19921875,18272.80078125,18212.400390625,18241.0,0.0
2023-05-10 11:00:00,18242.650390625,18290.25,18239.30078125,18275.849609375,0.0
2023-05-10 12:00:00,18276.30078125,18297.25,18264.69921875,18288.94921875,0.0
2023-05-10 13:00:00,18287.80078125,18298.94921875,18244.30078125,18278.349609375,0.0
2023-05-10 14:00:00,18278.599609375,18305.150390625,18268.55078125,18287.25,0.0
2023-05-10 15:00:00,18286.69921875,18326.30078125,18283.099609375,18311.0,0.0
2023-05-11 09:00:00,18357.80078125,18389.69921875,18290.400390625,18306.400390625,0.0
2023-05-11 10:00:00,18307.05078125,18350.30078125,18305.55078125,18335.55078125,0.0
2023-05-11 11:00:00,18335.5,18342.099609375,18301.900390625,18304.599609375,0.0
2023-05-11 12:00:00,18303.94921875,18329.30078125,18298.05078125,18315.55078125,0.0
2023-05-11 13:00:00,18315.099609375,18331.75,18305.0,18319.400390625,0.0
2023-05-11 14:00:00,18319.30078125,18343.25,18270.80078125,18289.400390625,0.0
2023-05-11 15:00:00,18291.80078125,18312.80078125,18286.150390625,18304.5,0.0
2023-05-12 09:00:00,18273.75,18277.30078125,18194.849609375,18234.19921875,0.0
2023-05-12 10:00:00,18234.25,18283.0,18227.75,18276.75,0.0
2023-05-12 11:00:00,18276.19921875,18290.5,18265.0,18283.400390625,0.0
2023-05-12 12:00:00,18283.650390625,18308.099609375,18275.80078125,18307.400390625,0.0
2023-05-12 13:00:00,18307.400390625,18333.94921875,18295.849609375,18331.900390625,0.0
2023-05-12 14:00:00,18332.19921875,18342.0,18310.94921875,18329.349609375,0.0
2023-05-12 15:00:00,18328.80078125,18333.44921875,18308.349609375,18312.19921875,0.0
2023-05-15 09:00:00,18339.3,18374.6,18291.5,18371.75,0.0
2023-05-15 10:00:00,18371.5,18392.3,18367.8,18381.65,0.0
2023-05-15 11:00:00,18381.6,18422.2,18381.6,18413.95,0.0
2023-05-15 12:00:00,18414.6,18436.65,18409.15,18433.75,0.0
2023-05-15 13:00:00,18432.9,18449.65,18426.0,18443.1,0.0
2023-05-15 14:00:00,18442.75,18458.25,18425.5,18440.9,0.0
2023-05-15 15:00:00,18442.7,18442.7,18384.6,18384.6,0.0
2023-05-16 09:00:00,18432.35,18432.35,18360.3,18393.8,0.0
2023-05-16 10:00:00,18394.05,18411.5,18363.65,18388.95,0.0
2023-05-16 11:00:00,18388.75,18393.55,18347.6,18356.0,0.0
2023-05-16 12:00:00,18355.8,18368.2,18346.2,18352.15,0.0
2023-05-16 13:00:00,18352.25,18377.45,18350.3,18365.4,0.0
2023-05-16 14:00:00,18364.65,18372.8,18311.85,18321.4,0.0
2023-05-16 15:00:00,18320.35,18321.05,18265.05,18276.75,0.0
2023-05-17 09:00:00,18300.45,18307.55,18249.5,18266.75,0.0
2023-05-17 10:00:00,18266.75,18274.3,18218.45,18225.35,0.0
2023-05-17 11:00:00,18224.4,18233.25,18150.35,18155.95,0.0
2023-05-17 12:00:00,18154.75,18169.8,18134.6,18140.3,0.0
2023-05-17 13:00:00,18140.2,18152.25,18115.7,18142.95,0.0
2023-05-17 14:00:00,18143.15,18185.55,18129.0,18166.85,0.0
2023-05-17 15:00:00,18167.45,18197.95,18162.8,18197.95,0.0
2023-05-18 09:00:00,18287.5,18296.45,18230.1,18247.6,0.0
2023-05-18 10:00:00,18248.7,18251.35,18214.05,18234.05,0.0
2023-05-18 11:00:00,18234.35,18258.75,18228.6,18247.75,0.0
2023-05-18 12:00:00,18247.7,18249.2,18183.25,18186.25,0.0
2023-05-18 13:00:00,18186.25,18213.45,18167.0,18195.7,0.0
2023-05-18 14:00:00,18195.7,18201.4,18144.3,18150.25,0.0
2023-05-18 15:00:00,18151.4,18158.75,18105.4,18134.65,0.0
2023-05-19 09:00:00,18186.15,18186.15,18084.25,18090.3,0.0
2023-05-19 10:00:00,18090.8,18101.5,18060.85,18090.05,0.0
2023-05-19 11:00:00,18089.55,18157.85,18089.55,18153.05,0.0
2023-05-19 12:00:00,18152.65,18158.4,18098.45,18110.8,0.0
2023-05-19 13:00:00,18111.25,18148.75,18110.6,18141.65,0.0
2023-05-19 14:00:00,18142.05,18198.6,18142.05,18185.2,0.0
2023-05-19 15:00:00,18187.7,18217.7,18177.6,18205.45,0.0
2023-05-22 09:00:00,18201.1,18294.1,18179.55,18275.65,0.0
2023-05-22 10:00:00,18275.15,18305.2,18231.1,18303.15,0.0
2023-05-22 11:00:00,18302.95,18310.35,18287.7,18299.05,0.0
2023-05-22 12:00:00,18299.45,18325.05,18281.5,18297.55,0.0
2023-05-22 13:00:00,18297.1,18302.35,18250.75,18287.65,0.0
2023-05-22 14:00:00,18288.7,18323.05,18284.7,18310.2,0.0
2023-05-22 15:00:00,18310.5,18334.8,18297.8,18303.3,0.0
2023-05-23 09:00:00,18362.9,18408.7,18349.8,18397.3,0.0
2023-05-23 10:00:00,18397.35,18410.4,18381.15,18401.25,0.0
2023-05-23 11:00:00,18401.15,18413.7,18390.7,18400.55,0.0
2023-05-23 12:00:00,18400.3,18415.4,18394.8,18415.4,0.0
2023-05-23 13:00:00,18415.45,18419.65,18388.9,18399.5,0.0
2023-05-23 14:00:00,18399.2,18410.2,18357.8,18373.75,0.0
2023-05-23 15:00:00,18373.05,18376.3,18324.45,18333.75,0.0
2023-05-24 09:00:00,18294.8,18351.95,18270.4,18350.6,0.0
2023-05-24 10:00:00,18351.25,18384.85,18347.1,18378.85,0.0
2023-05-24 11:00:00,18380.95,18392.5,18352.55,18358.1,0.0
2023-05-24 12:00:00,18358.1,18360.45,18317.0,18330.45,0.0
2023-05-24 13:00:00,18330.5,18332.4,18292.6,18307.3,0.0
2023-05-24 14:00:00,18307.3,18325.8,18263.9,18265.25,0.0
2023-05-24 15:00:00,18265.05,18296.95,18264.1,18287.0,0.0
2023-05-25 09:00:00,18268.9,18303.55,18236.5,18277.05,0.0
2023-05-25 10:00:00,18277.5,18285.35,18242.6,18257.6,0.0
2023-05-25 11:00:00,18258.6,18258.8,18213.35,18236.95,0.0
2023-05-25 12:00:00,18237.35,18257.0,18226.8,18231.25,0.0
2023-05-25 13:00:00,18230.85,18232.25,18202.8,18214.0,0.0
2023-05-25 14:00:00,18214.15,18297.35,18213.95,18296.6,0.0
2023-05-25 15:00:00,18297.55,18337.0,18296.05,18335.9,0.0
2023-05-26 09:00:00,18368.35,18382.75,18333.25,18378.75,0.0
2023-05-26 10:00:00,18378.4,18400.35,18373.65,18388.7,0.0
2023-05-26 11:00:00,18388.3,18434.0,18388.3,18429.8,0.0
2023-05-26 12:00:00,18429.95,18444.6,18422.1,18441.9,0.0
2023-05-26 13:00:00,18442.05,18478.25,18428.55,18467.3,0.0
2023-05-26 14:00:00,18466.35,18501.15,18466.35,18491.3,0.0
2023-05-26 15:00:00,18491.15,18508.35,18484.5,18491.9,0.0
2023-05-29 09:00:00,18619.15,18640.8,18596.75,18603.0,0.0
2023-05-29 10:00:00,18602.7,18627.95,18584.8,18619.7,0.0
2023-05-29 11:00:00,18619.8,18638.45,18614.25,18625.55,0.0
2023-05-29 12:00:00,18625.9,18626.4,18587.4,18594.4,0.0
2023-05-29 13:00:00,18594.8,18618.5,18593.55,18615.45,0.0
2023-05-29 14:00:00,18615.0,18625.65,18581.75,18602.6,0.0
2023-05-29 15:00:00,18602.25,18612.8,18583.2,18601.1,0.0
2023-05-30 09:00:00,18606.65,18649.0,18577.55,18634.15,0.0
2023-05-30 10:00:00,18633.75,18661.8,18593.85,18595.25,0.0
2023-05-30 11:00:00,18595.25,18625.1,18591.25,18600.05,0.0
2023-05-30 12:00:00,18600.3,18626.95,18587.65,18610.3,0.0
2023-05-30 13:00:00,18610.2,18622.8,18606.35,18612.8,0.0
2023-05-30 14:00:00,18612.35,18646.7,18608.3,18634.05,0.0
2023-05-30 15:00:00,18634.0,18647.35,18616.75,18639.95,0.0
2023-05-31 09:00:00,18594.2,18602.4,18543.7,18557.8,0.0
2023-05-31 10:00:00,18558.3,18576.1,18532.75,18547.65,0.0
2023-05-31 11:00:00,18548.2,18558.8,18490.35,18505.6,0.0
2023-05-31 12:00:00,18504.95,18515.9,18484.05,18507.3,0.0
2023-05-31 13:00:00,18507.25,18522.8,18488.45,18520.4,0.0
2023-05-31 14:00:00,18520.75,18547.05,18500.5,18543.75,0.0
2023-05-31 15:00:00,18543.35,18566.7,18508.0,18521.3,0.0
2023-06-01 09:00:00,18579.4,18580.0,18514.75,18571.4,0.0
2023-06-01 10:00:00,18572.0,18578.1,18549.9,18567.4,0.0
2023-06-01 11:00:00,18568.15,18580.05,18554.55,18556.7,0.0
2023-06-01 12:00:00,18558.0,18561.25,18530.7,18548.4,0.0
2023-06-01 13:00:00,18548.3,18565.3,18519.95,18528.2,0.0
2023-06-01 14:00:00,18527.9,18543.0,18505.35,18523.7,0.0
2023-06-01 15:00:00,18523.1,18524.9,18465.2,18486.1,0.0
2023-06-02 09:00:00,18550.85,18573.25,18503.75,18503.75,0.0
2023-06-02 10:00:00,18504.35,18519.7,18478.5,18507.8,0.0
2023-06-02 11:00:00,18507.35,18535.25,18500.1,18533.0,0.0
2023-06-02 12:00:00,18533.1,18537.75,18515.2,18534.65,0.0
2023-06-02 13:00:00,18534.5,18567.5,18529.45,18554.4,0.0
2023-06-02 14:00:00,18555.3,18563.6,18495.55,18529.7,0.0
2023-06-02 15:00:00,18529.0,18556.1,18511.95,18525.85,0.0
2023-06-05 09:00:00,18612.0,18635.05,18583.3,18619.35,0.0
2023-06-05 10:00:00,18620.35,18630.25,18609.2,18620.5,0.0
2023-06-05 11:00:00,18621.75,18639.4,18617.85,18619.0,0.0
2023-06-05 12:00:00,18618.4,18629.3,18606.25,18613.45,0.0
2023-06-05 13:00:00,18613.25,18626.65,18602.95,18624.15,0.0
2023-06-05 14:00:00,18624.15,18629.65,18601.5,18610.3,0.0
2023-06-05 15:00:00,18609.8,18610.3,18585.45,18599.9,0.0
2023-06-06 09:00:00,18600.8,18617.75,18581.3,18584.85,0.0
2023-06-06 10:00:00,18584.5,18590.35,18551.5,18559.15,0.0
2023-06-06 11:00:00,18558.6,18560.0,18538.4,18543.0,0.0
2023-06-06 12:00:00,18542.45,18557.1,18531.95,18555.65,0.0
2023-06-06 13:00:00,18555.55,18566.7,18543.55,18559.75,0.0
2023-06-06 14:00:00,18559.2,18564.2,18542.95,18558.05,0.0
2023-06-06 15:00:00,18558.9,18622.05,18558.9,18617.1,0.0
2023-06-07 09:00:00,18665.6,18675.4,18637.05,18658.45,0.0
2023-06-07 10:00:00,18658.55,18666.4,18636.5,18654.2,0.0
2023-06-07 11:00:00,18653.7,18667.95,18647.25,18664.15,0.0
2023-06-07 12:00:00,18664.7,18685.4,18655.4,18676.7,0.0
2023-06-07 13:00:00,18676.65,18684.8,18664.05,18681.1,0.0
2023-06-07 14:00:00,18680.8,18717.75,18679.75,18714.4,0.0
2023-06-07 15:00:00,18713.95,18738.75,18712.0,18730.35,0.0
2023-06-08 09:00:00,18725.35,18759.25,18724.0,18748.95,0.0
2023-06-08 10:00:00,18749.4,18777.8,18743.05,18771.5,0.0
2023-06-08 11:00:00,18771.6,18774.4,18697.8,18697.8,0.0
2023-06-08 12:00:00,18698.15,18708.9,18682.2,18698.8,0.0
2023-06-08 13:00:00,18698.85,18719.5,18676.6,18717.95,0.0
2023-06-08 14:00:00,18718.25,18723.75,18634.9,18638.9,0.0
2023-06-08 15:00:00,18641.35,18652.75,18615.95,18646.9,0.0
2023-06-09 09:00:00,18655.9,18676.25,18609.75,18658.05,0.0
2023-06-09 10:00:00,18658.65,18665.3,18607.85,18613.05,0.0
2023-06-09 11:00:00,18612.95,18634.65,18600.5,18627.7,0.0
2023-06-09 12:00:00,18627.75,18646.1,18604.0,18605.95,0.0
2023-06-09 13:00:00,18606.0,18615.5,18574.55,18583.45,0.0
2023-06-09 14:00:00,18582.9,18592.65,18555.7,18572.95,0.0
2023-06-09 15:00:00,18573.8,18577.6,18557.25,18567.3,0.0
2023-06-12 09:00:00,18595.05,18633.6,18560.8,18578.9,0.0
2023-06-12 10:00:00,18578.55,18612.1,18568.8,18602.35,0.0
2023-06-12 11:00:00,18601.95,18617.05,18597.1,18615.95,0.0
2023-06-12 12:00:00,18616.4,18620.75,18578.85,18590.4,0.0
2023-06-12 13:00:00,18590.35,18619.2,18589.4,18613.5,0.0
2023-06-12 14:00:00,18612.85,18625.1,18591.4,18621.15,0.0
2023-06-12 15:00:00,18620.7,18623.75,18593.8,18614.9,0.0
2023-06-13 09:00:00,18631.8,18703.4,18631.8,18688.65,0.0
2023-06-13 10:00:00,18688.8,18703.9,18687.6,18697.05,0.0
2023-06-13 11:00:00,18696.8,18718.4,18694.6,18709.55,0.0
2023-06-13 12:00:00,18709.2,18714.75,18702.85,18707.6,0.0
2023-06-13 13:00:00,18707.1,18715.05,18685.5,18685.6,0.0
2023-06-13 14:00:00,18685.7,18709.65,18683.4,18708.35,0.0
2023-06-13 15:00:00,18708.05,18727.75,18705.6,18718.65,0.0
2023-06-14 09:00:00,18744.6,18753.8,18690.6,18702.8,0.0
2023-06-14 10:00:00,18702.5,18741.35,18696.65,18738.4,0.0
2023-06-14 11:00:00,18738.25,18742.9,18719.25,18740.15,0.0
2023-06-14 12:00:00,18739.75,18749.6,18734.0,18741.95,0.0
2023-06-14 13:00:00,18741.95,18767.8,18741.65,18762.25,0.0
2023-06-14 14:00:00,18762.6,18767.9,18748.25,18757.7,0.0
2023-06-14 15:00:00,18757.9,18769.5,18745.1,18749.65,0.0
2023-06-15 09:00:00,18774.45,18778.1,18722.25,18772.1,0.0
2023-06-15 10:00:00,18772.05,18793.9,18767.55,18777.35,0.0
2023-06-15 11:00:00,18776.8,18784.45,18710.65,18728.65,0.0
2023-06-15 12:00:00,18728.75,18746.35,18715.5,18735.85,0.0
2023-06-15 13:00:00,18735.35,18757.35,18715.4,18736.95,0.0
2023-06-15 14:00:00,18737.15,18744.4,18669.2,18677.5,0.0
2023-06-15 15:00:00,18676.7,18702.45,18676.7,18682.15,0.0
2023-06-16 09:00:00,18723.3,18775.2,18712.7,18757.3,0.0
2023-06-16 10:00:00,18757.15,18785.3,18746.15,18771.7,0.0
2023-06-16 11:00:00,18771.85,18774.05,18747.75,18772.45,0.0
2023-06-16 12:00:00,18771.95,18777.9,18747.35,18759.5,0.0
2023-06-16 13:00:00,18759.65,18770.65,18756.0,18766.4,0.0
2023-06-16 14:00:00,18765.75,18863.95,18764.3,18851.9,0.0
2023-06-16 15:00:00,18853.55,18854.5,18807.4,18823.6,0.0
2023-06-19 09:00:00,18873.3,18881.45,18827.7,18838.05,0.0
2023-06-19 10:00:00,18838.25,18841.45,18785.15,18787.3,0.0
2023-06-19 11:00:00,18786.9,18788.8,18762.2,18771.1,0.0
2023-06-19 12:00:00,18772.3,18796.45,18765.35,18779.3,0.0
2023-06-19 13:00:00,18779.35,18796.5,18719.3,18735.75,0.0
2023-06-19 14:00:00,18736.2,18786.0,18725.1,18771.1,0.0
2023-06-19 15:00:00,18771.15,18780.85,18746.85,18754.2,0.0
2023-06-20 09:00:00,18752.35,18758.65,18669.4,18696.9,0.0
2023-06-20 10:00:00,18697.05,18712.35,18661.15,18688.45,0.0
2023-06-20 11:00:00,18687.85,18731.25,18683.35,18717.85,0.0
2023-06-20 12:00:00,18717.75,18740.65,18707.8,18732.1,0.0
2023-06-20 13:00:00,18732.55,18763.4,18732.5,18739.15,0.0
2023-06-20 14:00:00,18739.45,18776.7,18733.25,18763.45,0.0
2023-06-20 15:00:00,18763.55,18838.35,18763.55,18833.7,0.0
2023-06-21 09:00:00,18849.4,18875.65,18809.15,18872.65,0.0
2023-06-21 10:00:00,18872.85,18875.1,18817.3,18819.55,0.0
2023-06-21 11:00:00,18819.8,18832.15,18794.9,18824.4,0.0
2023-06-21 12:00:00,18824.95,18849.35,18820.0,18849.35,0.0
2023-06-21 13:00:00,18849.4,18864.4,18844.15,18856.0,0.0
2023-06-21 14:00:00,18856.2,18868.3,18826.95,18847.15,0.0
2023-06-21 15:00:00,18849.05,18866.1,18840.05,18862.1,0.0
2023-06-22 09:00:00,18853.6,18881.5,18833.35,18847.2,0.0
2023-06-22 10:00:00,18847.6,18886.05,18845.4,18848.25,0.0
2023-06-22 11:00:00,18848.15,18858.0,18827.7,18836.7,0.0
2023-06-22 12:00:00,18836.25,18839.5,18793.25,18795.95,0.0
2023-06-22 13:00:00,18796.05,18862.55,18779.4,18852.85,0.0
2023-06-22 14:00:00,18853.2,18854.9,18770.05,18788.3,0.0
2023-06-22 15:00:00,18788.1,18800.75,18760.6,18779.35,0.0
2023-06-23 09:00:00,18741.85,18751.2,18647.45,18700.35,0.0
2023-06-23 10:00:00,18699.4,18729.2,18684.3,18699.5,0.0
2023-06-23 11:00:00,18700.3,18725.0,18681.65,18718.3,0.0
2023-06-23 12:00:00,18718.35,18747.95,18707.35,18733.2,0.0
2023-06-23 13:00:00,18731.9,18734.2,18700.4,18705.4,0.0
2023-06-23 14:00:00,18705.35,18708.4,18669.1,18702.85,0.0
2023-06-23 15:00:00,18702.25,18703.0,18652.35,18668.55,0.0
2023-06-26 09:00:00,18682.35,18721.75,18657.9,18663.9,0.0
2023-06-26 10:00:00,18663.65,18682.05,18653.05,18668.45,0.0
2023-06-26 11:00:00,18667.8,18691.45,18661.9,18681.95,0.0
2023-06-26 12:00:00,18683.1,18692.45,18659.2,18660.45,0.0
2023-06-26 13:00:00,18660.9,18678.75,18647.65,18656.7,0.0
2023-06-26 14:00:00,18656.35,18677.0,18649.15,18671.0,0.0
2023-06-26 15:00:00,18672.1,18706.15,18664.55,18694.7,0.0
2023-06-27 09:00:00,18748.55,18762.95,18724.25,18731.3,0.0
2023-06-27 10:00:00,18730.85,18736.75,18716.35,18720.35,0.0
2023-06-27 11:00:00,18719.95,18748.5,18714.5,18742.75,0.0
2023-06-27 12:00:00,18742.5,18752.3,18732.3,18733.7,0.0
2023-06-27 13:00:00,18733.85,18761.45,18729.3,18758.05,0.0
2023-06-27 14:00:00,18757.75,18800.55,18754.7,18797.3,0.0
2023-06-27 15:00:00,18798.0,18829.15,18797.3,18818.6,0.0
2023-06-28 09:00:00,18908.15,18908.15,18861.45,18889.05,0.0
2023-06-28 10:00:00,18888.8,18931.4,18878.6,18917.4,0.0
2023-06-28 11:00:00,18917.1,18971.7,18915.3,18971.5,0.0
2023-06-28 12:00:00,18971.4,18984.6,18953.35,18980.65,0.0
2023-06-28 13:00:00,18980.35,19010.4,18975.7,18991.25,0.0
2023-06-28 14:00:00,18991.5,19007.95,18970.35,18980.65,0.0
2023-06-28 15:00:00,18981.05,18995.9,18944.75,18993.0,0.0
2023-06-30 09:00:00,19076.85,19107.45,19028.15,19078.1,0.0
2023-06-30 10:00:00,19077.7,19102.6,19075.4,19102.2,0.0
2023-06-30 11:00:00,19102.05,19120.65,19086.7,19101.9,0.0
2023-06-30 12:00:00,19101.8,19138.65,19100.2,19134.1,0.0
2023-06-30 13:00:00,19133.95,19159.6,19133.95,19153.05,0.0
2023-06-30 14:00:00,19153.6,19175.1,19137.7,19169.25,0.0
2023-06-30 15:00:00,19169.6,19201.1,19169.6,19183.2,0.0
2023-07-03 09:00:00,19246.5,19330.25,19239.75,19310.2,0.0
2023-07-03 10:00:00,19310.45,19335.65,19294.2,19298.75,0.0
2023-07-03 11:00:00,19298.85,19301.25,19253.55,19299.7,0.0
2023-07-03 12:00:00,19299.75,19322.15,19284.8,19320.1,0.0
2023-07-03 13:00:00,19320.7,19329.2,19300.75,19324.0,0.0
2023-07-03 14:00:00,19324.45,19329.85,19288.6,19317.05,0.0
2023-07-03 15:00:00,19317.25,19344.6,19300.15,19330.65,0.0
2023-07-04 09:00:00,19406.6,19412.35,19308.4,19308.65,0.0
2023-07-04 10:00:00,19308.45,19349.6,19300.25,19335.4,0.0
2023-07-04 11:00:00,19335.2,19356.2,19326.7,19349.6,0.0
2023-07-04 12:00:00,19348.65,19401.05,19348.65,19400.75,0.0
2023-07-04 13:00:00,19400.1,19433.55,19383.8,19415.75,0.0
2023-07-04 14:00:00,19415.3,19418.1,19358.7,19387.7,0.0
2023-07-04 15:00:00,19387.25,19400.5,19378.3,19385.55,0.0
2023-07-05 09:00:00,19405.95,19421.25,19349.55,19374.2,0.0
2023-07-05 10:00:00,19374.2,19393.0,19360.65,19378.9,0.0
2023-07-05 11:00:00,19379.3,19403.5,19366.05,19397.3,0.0
2023-07-05 12:00:00,19397.65,19404.5,19373.1,19377.7,0.0
2023-07-05 13:00:00,19377.8,19390.0,19349.65,19386.8,0.0
2023-07-05 14:00:00,19386.8,19390.35,19340.55,19357.5,0.0
2023-07-05 15:00:00,19353.4,19420.05,19353.4,19415.3,0.0
2023-07-06 09:00:00,19385.7,19427.45,19374.9,19425.6,0.0
2023-07-06 10:00:00,19425.5,19463.6,19417.2,19455.65,0.0
2023-07-06 11:00:00,19456.3,19472.05,19445.7,19462.5,0.0
2023-07-06 12:00:00,19462.6,19464.55,19437.25,19460.5,0.0
2023-07-06 13:00:00,19461.0,19465.9,19440.1,19452.3,0.0
2023-07-06 14:00:00,19453.1,19502.1,19446.7,19489.75,0.0
2023-07-06 15:00:00,19490.25,19511.95,19483.25,19486.25,0.0
2023-07-07 09:00:00,19422.8,19521.7,19421.6,19521.7,0.0
2023-07-07 10:00:00,19520.75,19523.45,19406.4,19425.55,0.0
2023-07-07 11:00:00,19424.9,19440.75,19380.5,19382.45,0.0
2023-07-07 12:00:00,19382.65,19385.85,19350.4,19371.1,0.0
2023-07-07 13:00:00,19370.75,19384.1,19345.5,19369.65,0.0
2023-07-07 14:00:00,19369.3,19418.9,19354.95,19391.95,0.0
2023-07-07 15:00:00,19392.45,19394.4,19304.95,19324.65,0.0
2023-07-10 09:00:00,19400.35,19414.65,19347.3,19397.15,0.0
2023-07-10 10:00:00,19397.4,19435.75,19383.5,19421.9,0.0
2023-07-10 11:00:00,19421.75,19423.85,19340.25,19345.0,0.0
2023-07-10 12:00:00,19345.85,19392.9,19332.75,19376.35,0.0
2023-07-10 13:00:00,19376.7,19405.4,19370.85,19398.05,0.0
2023-07-10 14:00:00,19398.6,19400.95,19348.8,19357.5,0.0
2023-07-10 15:00:00,19357.95,19372.15,19327.4,19367.85,0.0
2023-07-11 09:00:00,19427.1,19487.65,19408.8,19475.5,0.0
2023-07-11 10:00:00,19475.6,19497.25,19463.0,19488.1,0.0
2023-07-11 11:00:00,19488.25,19511.55,19484.75,19511.1,0.0
2023-07-11 12:00:00,19509.65,19513.95,19474.1,19493.55,0.0
2023-07-11 13:00:00,19493.0,19498.55,19454.3,19465.75,0.0
2023-07-11 14:00:00,19465.75,19475.85,19433.4,19449.75,0.0
2023-07-11 15:00:00,19450.75,19460.1,19419.3,19448.15,0.0
2023-07-12 09:00:00,19497.45,19507.7,19434.85,19479.45,0.0
2023-07-12 10:00:00,19479.95,19483.95,19423.55,19474.4,0.0
2023-07-12 11:00:00,19473.35,19479.2,19410.0,19412.2,0.0
2023-07-12 12:00:00,19411.35,19440.0,19401.8,19439.3,0.0
2023-07-12 13:00:00,19439.4,19462.15,19432.3,19449.85,0.0
2023-07-12 14:00:00,19449.15,19462.0,19434.0,19438.35,0.0
2023-07-12 15:00:00,19437.15,19443.5,19362.65,19384.75,0.0
2023-07-13 09:00:00,19495.2,19547.6,19451.6,19543.4,0.0
2023-07-13 10:00:00,19543.35,19566.45,19535.2,19548.95,0.0
2023-07-13 11:00:00,19549.25,19566.4,19536.9,19549.05,0.0
2023-07-13 12:00:00,19549.5,19555.9,19527.05,19541.7,0.0
2023-07-13 13:00:00,19541.15,19550.1,19489.15,19491.05,0.0
2023-07-13 14:00:00,19490.9,19496.25,19386.85,19388.4,0.0
2023-07-13 15:00:00,19387.25,19445.3,19386.6,19443.2,0.0
2023-07-14 09:00:00,19493.45,19519.6,19451.65,19454.1,0.0
2023-07-14 10:00:00,19453.25,19473.3,19434.15,19456.4,0.0
2023-07-14 11:00:00,19455.8,19494.45,19452.15,19471.0,0.0
2023-07-14 12:00:00,19471.6,19493.7,19461.1,19479.05,0.0
2023-07-14 13:00:00,19479.35,19508.15,19467.3,19495.7,0.0
2023-07-14 14:00:00,19496.4,19520.4,19482.95,19508.0,0.0
2023-07-14 15:00:00,19508.75,19594.55,19508.75,19587.35,0.0
2023-07-17 09:00:00,19612.15,19614.7,19563.7,19602.25,0.0
2023-07-17 10:00:00,19601.65,19641.05,19598.6,19625.7,0.0
2023-07-17 11:00:00,19625.45,19630.3,19598.85,19617.15,0.0
2023-07-17 12:00:00,19617.5,19655.5,19614.65,19639.85,0.0
2023-07-17 13:00:00,19640.6,19673.05,19632.7,19661.55,0.0
2023-07-17 14:00:00,19663.15,19684.05,19647.35,19672.85,0.0
2023-07-17 15:00:00,19672.25,19731.55,19672.25,19719.1,0.0
2023-07-18 09:00:00,19787.5,19810.2,19741.0,19765.4,0.0
2023-07-18 10:00:00,19765.0,19793.3,19750.0,19792.75,0.0
2023-07-18 11:00:00,19792.6,19817.75,19695.15,19722.75,0.0
2023-07-18 12:00:00,19722.1,19761.3,19690.25,19725.9,0.0
2023-07-18 13:00:00,19726.05,19772.7,19706.7,19769.35,0.0
2023-07-18 14:00:00,19769.25,19778.6,19714.05,19732.75,0.0
2023-07-18 15:00:00,19733.5,19762.25,19733.5,19751.55,0.0
2023-07-19 09:00:00,19802.95,19841.15,19787.95,19836.45,0.0
2023-07-19 10:00:00,19836.85,19838.55,19760.45,19768.25,0.0
2023-07-19 11:00:00,19767.55,19769.15,19727.55,19732.6,0.0
2023-07-19 12:00:00,19731.6,19790.9,19730.3,19778.0,0.0
2023-07-19 13:00:00,19777.6,19798.55,19763.9,19786.05,0.0
2023-07-19 14:00:00,19785.55,19803.45,19758.75,19801.7,0.0
2023-07-19 15:00:00,19802.6,19849.2,19802.6,19847.15,0.0
2023-07-20 09:00:00,19831.7,19841.15,19758.85,19760.1,0.0
2023-07-20 10:00:00,19758.45,19847.25,19758.45,19830.55,0.0
2023-07-20 11:00:00,19830.9,19853.05,19814.9,19849.85,0.0
2023-07-20 12:00:00,19850.15,19898.45,19846.0,19893.05,0.0
2023-07-20 13:00:00,19893.4,19932.25,19887.7,19929.05,0.0
2023-07-20 14:00:00,19929.35,19982.1,19925.9,19956.1,0.0
2023-07-20 15:00:00,19957.7,19990.8,19957.3,19969.95,0.0
2023-07-21 09:00:00,19800.45,19886.35,19780.7,19868.45,0.0
2023-07-21 10:00:00,19867.8,19869.1,19794.15,19809.3,0.0
2023-07-21 11:00:00,19809.65,19809.65,19759.55,19768.15,0.0
2023-07-21 12:00:00,19768.65,19781.5,19733.4,19777.05,0.0
2023-07-21 13:00:00,19777.4,19821.95,19762.45,19810.5,0.0
2023-07-21 14:00:00,19811.95,19820.4,19704.95,19708.05,0.0
2023-07-21 15:00:00,19707.85,19780.9,19700.1,19780.9,0.0
2023-07-24 09:00:00,19748.45,19755.0,19705.2,19718.8,0.0
2023-07-24 10:00:00,19719.0,19782.15,19715.25,19763.4,0.0
2023-07-24 11:00:00,19763.85,19774.5,19670.95,19671.25,0.0
2023-07-24 12:00:00,19671.45,19761.4,19671.45,19761.0,0.0
2023-07-24 13:00:00,19760.95,19768.9,19734.45,19760.15,0.0
2023-07-24 14:00:00,19760.5,19776.0,19699.25,19701.7,0.0
2023-07-24 15:00:00,19701.8,19701.8,19659.6,19665.4,0.0
2023-07-25 09:00:00,19729.35,19729.35,19663.55,19676.25,0.0
2023-07-25 10:00:00,19676.5,19691.3,19658.25,19670.9,0.0
2023-07-25 11:00:00,19670.95,19680.45,19648.3,19665.3,0.0
2023-07-25 12:00:00,19665.55,19707.45,19660.75,19689.55,0.0
2023-07-25 13:00:00,19689.25,19696.9,19616.65,19653.95,0.0
2023-07-25 14:00:00,19655.05,19706.05,19649.95,19701.7,0.0
2023-07-25 15:00:00,19701.3,19705.2,19666.4,19678.85,0.0
2023-07-26 09:00:00,19733.35,19804.05,19716.75,19796.15,0.0
2023-07-26 10:00:00,19795.8,19825.1,19791.15,19800.45,0.0
2023-07-26 11:00:00,19800.9,19812.65,19788.25,19806.2,0.0
2023-07-26 12:00:00,19805.45,19819.05,19793.45,19793.7,0.0
2023-07-26 13:00:00,19793.35,19811.35,19777.9,19799.8,0.0
2023-07-26 14:00:00,19799.25,19824.9,19747.4,19763.65,0.0
2023-07-26 15:00:00,19766.45,19785.75,19764.8,19773.1,0.0
2023-07-27 09:00:00,19850.9,19867.5,19812.4,19815.3,0.0
2023-07-27 10:00:00,19814.15,19823.3,19791.8,19795.3,0.0
2023-07-27 11:00:00,19796.3,19798.15,19719.1,19753.55,0.0
2023-07-27 12:00:00,19754.1,19755.95,19716.15,19721.85,0.0
2023-07-27 13:00:00,19722.4,19746.0,19681.95,19707.8,0.0
2023-07-27 14:00:00,19705.7,19707.45,19603.85,19606.3,0.0
2023-07-27 15:00:00,19605.95,19708.65,19605.6,19700.2,0.0
2023-07-28 09:00:00,19659.75,19692.05,19599.45,19645.9,0.0
2023-07-28 10:00:00,19646.35,19648.95,19596.05,19615.75,0.0
2023-07-28 11:00:00,19615.1,19626.4,19579.5,19599.05,0.0
2023-07-28 12:00:00,19599.2,19609.05,19565.25,19587.7,0.0
2023-07-28 13:00:00,19587.9,19611.2,19563.6,19588.05,0.0
2023-07-28 14:00:00,19588.9,19628.45,19578.7,19626.05,0.0
2023-07-28 15:00:00,19625.85,19663.55,19624.85,19638.0,0.0
2023-07-31 09:00:00,19666.35,19676.05,19599.15,19657.05,0.0
2023-07-31 10:00:00,19657.75,19693.75,19657.05,19691.25,0.0
2023-07-31 11:00:00,19691.55,19719.7,19686.15,19698.75,0.0
2023-07-31 12:00:00,19698.65,19711.45,19674.25,19698.35,0.0
2023-07-31 13:00:00,19697.9,19719.65,19685.15,19702.85,0.0
2023-07-31 14:00:00,19703.3,19728.3,19699.9,19720.7,0.0
2023-07-31 15:00:00,19720.65,19772.25,19720.65,19740.75,0.0
2023-08-01 09:00:00,19784.0,19793.7,19750.9,19778.75,0.0
2023-08-01 10:00:00,19778.5,19789.45,19715.05,19745.25,0.0
2023-08-01 11:00:00,19745.15,19753.4,19721.4,19737.75,0.0
2023-08-01 12:00:00,19738.15,19742.55,19704.85,19717.95,0.0
2023-08-01 13:00:00,19718.6,19765.75,19715.0,19734.45,0.0
2023-08-01 14:00:00,19734.25,19762.8,19722.7,19734.95,0.0
2023-08-01 15:00:00,19732.7,19745.9,19721.05,19736.1,0.0
2023-08-02 09:00:00,19655.4,19678.25,19615.7,19635.6,0.0
2023-08-02 10:00:00,19635.7,19638.7,19558.9,19563.0,0.0
2023-08-02 11:00:00,19562.65,19563.9,19517.9,19536.3,0.0
2023-08-02 12:00:00,19536.4,19556.9,19511.2,19512.65,0.0
2023-08-02 13:00:00,19512.2,19528.95,19438.35,19448.75,0.0
2023-08-02 14:00:00,19448.4,19494.95,19424.7,19491.5,0.0
2023-08-02 15:00:00,19490.7,19545.65,19490.7,19514.8,0.0
2023-08-03 09:00:00,19463.75,19536.8,19439.25,19500.3,0.0
2023-08-03 10:00:00,19500.4,19505.4,19462.5,19498.9,0.0
2023-08-03 11:00:00,19500.45,19515.8,19479.75,19486.5,0.0
2023-08-03 12:00:00,19486.95,19488.45,19355.4,19363.9,0.0
2023-08-03 13:00:00,19364.7,19369.65,19314.55,19315.15,0.0
2023-08-03 14:00:00,19314.5,19351.45,19297.85,19346.4,0.0
2023-08-03 15:00:00,19346.4,19406.5,19346.15,19394.45,0.0
2023-08-04 09:00:00,19462.8,19498.1,19436.45,19456.7,0.0
2023-08-04 10:00:00,19455.9,19490.95,19439.7,19470.0,0.0
2023-08-04 11:00:00,19470.15,19531.7,19469.85,19517.05,0.0
2023-08-04 12:00:00,19517.0,19538.45,19493.25,19508.65,0.0
2023-08-04 13:00:00,19508.7,19526.8,19461.6,19462.75,0.0
2023-08-04 14:00:00,19461.45,19525.9,19450.7,19506.95,0.0
2023-08-04 15:00:00,19508.85,19537.65,19486.7,19510.05,0.0
2023-08-07 09:00:00,19576.85,19582.45,19525.55,19544.9,0.0
2023-08-07 10:00:00,19546.6,19585.95,19537.7,19542.2,0.0
2023-08-07 11:00:00,19541.75,19554.6,19529.1,19545.15,0.0
2023-08-07 12:00:00,19545.35,19593.95,19532.6,19573.45,0.0
2023-08-07 13:00:00,19573.75,19619.85,19571.55,19591.35,0.0
2023-08-07 14:00:00,19590.7,19607.65,19572.75,19590.25,0.0
2023-08-07 15:00:00,19590.65,19605.0,19586.6,19597.95,0.0
2023-08-08 09:00:00,19627.2,19634.4,19576.6,19587.1,0.0
2023-08-08 10:00:00,19586.4,19610.85,19583.5,19591.2,0.0
2023-08-08 11:00:00,19591.45,19593.05,19533.45,19556.2,0.0
2023-08-08 12:00:00,19555.4,19577.25,19551.6,19561.75,0.0
2023-08-08 13:00:00,19562.3,19588.0,19557.3,19575.85,0.0
2023-08-08 14:00:00,19575.5,19597.25,19548.55,19559.6,0.0
2023-08-08 15:00:00,19560.2,19580.45,19560.2,19570.8,0.0
2023-08-09 09:00:00,19578.8,19581.8,19496.65,19509.5,0.0
2023-08-09 10:00:00,19509.7,19516.9,19469.35,19495.95,0.0
2023-08-09 11:00:00,19495.65,19497.1,19468.25,19491.15,0.0
2023-08-09 12:00:00,19490.55,19503.75,19478.65,19496.05,0.0
2023-08-09 13:00:00,19495.1,19521.6,19489.0,19521.1,0.0
2023-08-09 14:00:00,19519.8,19603.15,19517.6,19597.5,0.0
2023-08-09 15:00:00,19596.8,19645.2,19596.8,19630.95,0.0
2023-08-10 09:00:00,19605.55,19615.5,19568.35,19582.45,0.0
2023-08-10 10:00:00,19582.45,19621.95,19496.3,19545.95,0.0
2023-08-10 11:00:00,19545.75,19579.65,19529.35,19575.1,0.0
2023-08-10 12:00:00,19575.2,19581.75,19542.9,19559.65,0.0
2023-08-10 13:00:00,19559.2,19599.0,19506.55,19513.8,0.0
2023-08-10 14:00:00,19513.95,19558.2,19503.1,19528.05,0.0
2023-08-10 15:00:00,19527.85,19554.75,19517.95,19549.2,0.0
2023-08-11 09:00:00,19554.25,19557.6,19459.1,19466.65,0.0
2023-08-11 10:00:00,19467.3,19479.05,19453.35,19460.65,0.0
2023-08-11 11:00:00,19460.7,19472.5,19435.25,19450.3,0.0
2023-08-11 12:00:00,19450.0,19462.4,19436.25,19437.85,0.0
2023-08-11 13:00:00,19438.65,19492.65,19437.45,19482.95,0.0
2023-08-11 14:00:00,19482.8,19486.0,19449.0,19465.6,0.0
2023-08-11 15:00:00,19466.9,19468.65,19413.8,19424.25,0.0
2023-08-14 09:00:00,19383.95,19392.0,19258.2,19309.8,0.0
2023-08-14 10:00:00,19310.85,19324.1,19299.4,19317.1,0.0
2023-08-14 11:00:00,19315.3,19358.4,19310.4,19355.4,0.0
2023-08-14 12:00:00,19355.0,19385.35,19345.95,19353.05,0.0
2023-08-14 13:00:00,19352.85,19407.1,19350.1,19403.8,0.0
2023-08-14 14:00:00,19403.7,19458.45,19403.25,19458.45,0.0
2023-08-14 15:00:00,19459.05,19465.3,19408.4,19413.65,0.0
2023-08-16 09:00:00,19369.0,19389.6,19319.25,19370.95,0.0
2023-08-16 10:00:00,19368.55,19407.7,19360.95,19379.4,0.0
2023-08-16 11:00:00,19379.5,19394.4,19359.9,19386.3,0.0
2023-08-16 12:00:00,19385.8,19413.0,19379.7,19407.45,0.0
2023-08-16 13:00:00,19407.25,19438.05,19400.7,19430.6,0.0
2023-08-16 14:00:00,19430.6,19443.55,19413.75,19430.75,0.0
2023-08-16 15:00:00,19431.55,19482.1,19431.55,19447.0,0.0
2023-08-17 09:00:00,19450.55,19461.55,19381.4,19383.3,0.0
2023-08-17 10:00:00,19383.5,19414.15,19377.55,19406.8,0.0
2023-08-17 11:00:00,19407.15,19415.25,19357.25,19359.7,0.0
2023-08-17 12:00:00,19359.7,19367.4,19330.35,19332.45,0.0
2023-08-17 13:00:00,19332.05,19372.8,19326.65,19361.65,0.0
2023-08-17 14:00:00,19361.75,19387.35,19346.15,19378.1,0.0
2023-08-17 15:00:00,19377.7,19383.3,19342.6,19346.2,0.0
2023-08-18 09:00:00,19301.75,19329.65,19266.2,19267.65,0.0
2023-08-18 10:00:00,19267.4,19286.95,19253.6,19271.4,0.0
2023-08-18 11:00:00,19271.55,19306.25,19267.2,19304.85,0.0
2023-08-18 12:00:00,19305.05,19315.75,19282.4,19290.7,0.0
2023-08-18 13:00:00,19290.15,19308.95,19260.35,19304.5,0.0
2023-08-18 14:00:00,19305.6,19373.45,19303.45,19337.3,0.0
2023-08-18 15:00:00,19339.2,19351.85,19277.0,19281.5,0.0
2023-08-21 09:00:00,19320.65,19367.55,19305.75,19323.7,0.0
2023-08-21 10:00:00,19323.7,19367.9,19296.55,19361.6,0.0
2023-08-21 11:00:00,19362.45,19387.85,19357.5,19378.3,0.0
2023-08-21 12:00:00,19378.3,19402.0,19369.65,19394.8,0.0
2023-08-21 13:00:00,19394.35,19411.9,19387.25,19408.75,0.0
2023-08-21 14:00:00,19408.25,19417.45,19384.8,19417.45,0.0
2023-08-21 15:00:00,19416.8,19425.4,19376.45,19380.15,0.0
2023-08-22 09:00:00,19417.1,19443.05,19382.2,19395.75,0.0
2023-08-22 10:00:00,19395.0,19425.9,19389.45,19409.9,0.0
2023-08-22 11:00:00,19409.35,19434.15,19406.1,19428.85,0.0
2023-08-22 12:00:00,19429.9,19440.45,19417.45,19431.4,0.0
2023-08-22 13:00:00,19432.8,19434.95,19406.9,19409.05,0.0
2023-08-22 14:00:00,19410.3,19418.9,19382.25,19393.4,0.0
2023-08-22 15:00:00,19394.45,19412.55,19384.6,19390.05,0.0
2023-08-23 09:00:00,19439.2,19441.7,19366.85,19383.3,0.0
2023-08-23 10:00:00,19383.55,19395.05,19370.25,19393.75,0.0
2023-08-23 11:00:00,19393.7,19430.55,19391.7,19421.1,0.0
2023-08-23 12:00:00,19422.15,19461.05,19417.65,19447.8,0.0
2023-08-23 13:00:00,19448.1,19464.7,19433.15,19463.55,0.0
2023-08-23 14:00:00,19464.7,19471.45,19448.65,19457.0,0.0
2023-08-23 15:00:00,19457.25,19467.05,19436.25,19442.3,0.0
2023-08-24 09:00:00,19535.15,19584.0,19510.15,19570.8,0.0
2023-08-24 10:00:00,19571.45,19572.0,19496.7,19498.6,0.0
2023-08-24 11:00:00,19498.5,19508.85,19459.15,19470.15,0.0
2023-08-24 12:00:00,19469.45,19474.25,19437.55,19446.1,0.0
2023-08-24 13:00:00,19446.5,19453.95,19406.8,19417.05,0.0
2023-08-24 14:00:00,19414.55,19441.85,19390.0,19398.6,0.0
2023-08-24 15:00:00,19398.2,19405.25,19369.35,19380.4,0.0
2023-08-25 09:00:00,19297.4,19336.3,19261.7,19332.9,0.0
2023-08-25 10:00:00,19333.55,19338.85,19230.65,19248.35,0.0
2023-08-25 11:00:00,19248.45,19329.05,19243.8,19308.15,0.0
2023-08-25 12:00:00,19307.7,19314.85,19278.75,19298.05,0.0
2023-08-25 13:00:00,19299.3,19311.9,19282.6,19298.2,0.0
2023-08-25 14:00:00,19299.8,19309.0,19256.75,19281.05,0.0
2023-08-25 15:00:00,19282.05,19300.15,19235.0,19244.3,0.0
2023-08-28 09:00:00,19298.35,19326.7,19250.25,19278.6,0.0
2023-08-28 10:00:00,19278.25,19324.0,19274.8,19308.3,0.0
2023-08-28 11:00:00,19308.0,19328.7,19303.4,19310.65,0.0
2023-08-28 12:00:00,19311.3,19345.15,19310.0,19341.1,0.0
2023-08-28 13:00:00,19340.55,19356.35,19330.7,19341.65,0.0
2023-08-28 14:00:00,19340.95,19366.8,19310.45,19331.95,0.0
2023-08-28 15:00:00,19331.75,19334.5,19290.05,19302.65,0.0
2023-08-29 09:00:00,19374.85,19377.9,19321.05,19338.55,0.0
2023-08-29 10:00:00,19338.15,19342.5,19314.25,19342.1,0.0
2023-08-29 11:00:00,19342.05,19344.2,19322.4,19331.25,0.0
2023-08-29 12:00:00,19329.4,19358.0,19329.4,19353.1,0.0
2023-08-29 13:00:00,19352.05,19361.85,19341.85,19344.7,0.0
2023-08-29 14:00:00,19344.0,19355.95,19309.95,19314.0,0.0
2023-08-29 15:00:00,19315.8,19357.3,19313.5,19352.95,0.0
2023-08-30 09:00:00,19433.45,19440.1,19412.65,19430.4,0.0
2023-08-30 10:00:00,19431.3,19446.35,19427.05,19443.9,0.0
2023-08-30 11:00:00,19444.3,19451.95,19440.4,19446.95,0.0
2023-08-30 12:00:00,19446.0,19448.6,19427.7,19438.15,0.0
2023-08-30 13:00:00,19437.95,19445.85,19428.6,19434.2,0.0
2023-08-30 14:00:00,19434.35,19435.2,19370.55,19372.4,0.0
2023-08-30 15:00:00,19372.9,19376.25,19334.85,19342.0,0.0
2023-08-31 09:00:00,19375.55,19388.0,19318.4,19382.5,0.0
2023-08-31 10:00:00,19382.75,19382.9,19315.35,19325.05,0.0
2023-08-31 11:00:00,19325.35,19339.1,19305.4,19315.3,0.0
2023-08-31 12:00:00,19315.1,19317.95,19292.95,19311.25,0.0
2023-08-31 13:00:00,19311.9,19320.05,19272.8,19295.1,0.0
2023-08-31 14:00:00,19294.4,19297.65,19254.35,19270.9,0.0
2023-08-31 15:00:00,19270.5,19288.6,19224.6,19279.55,0.0
2023-09-01 09:00:00,19258.15,19333.5,19255.7,19309.2,0.0
2023-09-01 10:00:00,19309.65,19339.15,19288.65,19334.75,0.0
2023-09-01 11:00:00,19333.15,19350.15,19323.3,19334.45,0.0
2023-09-01 12:00:00,19334.45,19382.5,19323.5,19378.5,0.0
2023-09-01 13:00:00,19379.45,19419.0,19377.45,19416.5,0.0
2023-09-01 14:00:00,19416.65,19458.5,19415.75,19439.75,0.0
2023-09-01 15:00:00,19439.7,19450.3,19421.9,19423.35,0.0
2023-09-04 09:00:00,19525.05,19526.8,19435.3,19485.85,0.0
2023-09-04 10:00:00,19486.2,19495.75,19433.15,19442.25,0.0
2023-09-04 11:00:00,19442.35,19487.35,19435.85,19480.95,0.0
2023-09-04 12:00:00,19480.3,19514.7,19478.75,19499.8,0.0
2023-09-04 13:00:00,19500.2,19520.1,19494.85,19501.3,0.0
2023-09-04 14:00:00,19501.0,19535.25,19494.7,19522.7,0.0
2023-09-04 15:00:00,19522.6,19543.75,19513.55,19534.8,0.0
2023-09-05 09:00:00,19564.65,19580.95,19528.8,19575.1,0.0
2023-09-05 10:00:00,19573.45,19583.7,19550.5,19564.2,0.0
2023-09-05 11:00:00,19564.7,19586.9,19560.7,19581.3,0.0
2023-09-05 12:00:00,19581.75,19583.1,19532.05,19549.2,0.0
2023-09-05 13:00:00,19549.15,19557.35,19526.7,19547.05,0.0
2023-09-05 14:00:00,19547.45,19573.55,19545.45,19569.3,0.0
2023-09-05 15:00:00,19569.25,19584.1,19566.2,19577.65,0.0
2023-09-06 09:00:00,19581.2,19604.1,19563.3,19565.3,0.0
2023-09-06 10:00:00,19565.35,19589.15,19557.4,19564.4,0.0
2023-09-06 11:00:00,19564.6,19575.45,19534.4,19544.05,0.0
2023-09-06 12:00:00,19543.9,19556.15,19500.3,19506.65,0.0
2023-09-06 13:00:00,19506.75,19518.8,19491.8,19501.05,0.0
2023-09-06 14:00:00,19501.2,19550.95,19501.2,19545.0,0.0
2023-09-06 15:00:00,19544.85,19636.05,19544.85,19618.9,0.0
2023-09-07 09:00:00,19598.65,19611.1,19550.25,19586.7,0.0
2023-09-07 10:00:00,19586.6,19619.5,19573.0,19619.5,0.0
2023-09-07 11:00:00,19619.25,19641.8,19591.45,19617.1,0.0
2023-09-07 12:00:00,19617.45,19631.6,19601.45,19616.2,0.0
2023-09-07 13:00:00,19616.05,19655.15,19611.75,19646.2,0.0
2023-09-07 14:00:00,19645.9,19735.85,19645.65,19730.15,0.0
2023-09-07 15:00:00,19730.85,19736.9,19712.3,19723.25,0.0
2023-09-08 09:00:00,19774.8,19792.55,19727.05,19775.55,0.0
2023-09-08 10:00:00,19776.3,19785.0,19728.7,19752.5,0.0
2023-09-08 11:00:00,19753.2,19822.55,19741.7,19819.35,0.0
2023-09-08 12:00:00,19819.45,19838.25,19802.5,19819.75,0.0
2023-09-08 13:00:00,19819.85,19835.3,19794.85,19827.1,0.0
2023-09-08 14:00:00,19827.6,19866.75,19810.3,19820.7,0.0
2023-09-08 15:00:00,19820.7,19835.1,19802.35,19820.5,0.0
2023-09-11 09:00:00,19890.0,19930.7,19873.7,19927.3,0.0
2023-09-11 10:00:00,19926.8,19945.6,19920.1,19929.9,0.0
2023-09-11 11:00:00,19930.35,19947.35,19916.9,19936.7,0.0
2023-09-11 12:00:00,19937.2,19960.45,19932.65,19940.0,0.0
2023-09-11 13:00:00,19942.35,19956.0,19930.9,19946.95,0.0
2023-09-11 14:00:00,19946.35,19975.95,19941.05,19968.45,0.0
2023-09-11 15:00:00,19968.0,20007.7,19968.0,20000.0,0.0
2023-09-12 09:00:00,20110.15,20110.35,19914.8,19970.2,0.0
2023-09-12 10:00:00,19972.85,20019.55,19932.7,19992.45,0.0
2023-09-12 11:00:00,19992.6,20039.7,19972.6,20034.5,0.0
2023-09-12 12:00:00,20033.7,20036.2,19949.7,19959.5,0.0
2023-09-12 13:00:00,19959.0,20012.5,19948.3,19984.1,0.0
2023-09-12 14:00:00,19984.0,20019.2,19977.2,20004.65,0.0
2023-09-12 15:00:00,20005.45,20014.6,19980.5,19985.65,0.0
2023-09-13 09:00:00,19989.5,20021.15,19945.5,19983.2,0.0
2023-09-13 10:00:00,19984.6,19997.9,19955.0,19979.8,0.0
2023-09-13 11:00:00,19980.0,20035.4,19976.0,20023.85,0.0
2023-09-13 12:00:00,20023.45,20074.75,20020.95,20064.8,0.0
2023-09-13 13:00:00,20064.65,20092.6,20056.7,20074.0,0.0
2023-09-13 14:00:00,20073.75,20096.05,20067.05,20087.85,0.0
2023-09-13 15:00:00,20088.05,20095.7,20053.4,20063.35,0.0
2023-09-14 09:00:00,20127.95,20167.0,20110.2,20141.2,0.0
2023-09-14 10:00:00,20139.45,20147.7,20064.3,20082.95,0.0
2023-09-14 11:00:00,20083.4,20114.4,20069.25,20084.1,0.0
2023-09-14 12:00:00,20085.05,20102.45,20050.6,20078.9,0.0
2023-09-14 13:00:00,20079.7,20108.25,20062.1,20063.2,0.0
2023-09-14 14:00:00,20064.3,20105.7,20044.7,20096.3,0.0
2023-09-14 15:00:00,20098.5,20114.7,20090.6,20101.85,0.0
2023-09-15 09:00:00,20156.45,20173.15,20130.0,20150.3,0.0
2023-09-15 10:00:00,20149.55,20168.45,20142.3,20167.65,0.0
2023-09-15 11:00:00,20168.15,20190.9,20168.15,20181.0,0.0
2023-09-15 12:00:00,20179.95,20195.9,20134.15,20151.85,0.0
2023-09-15 13:00:00,20152.45,20180.7,20146.55,20169.4,0.0
2023-09-15 14:00:00,20169.45,20202.95,20169.4,20197.05,0.0
2023-09-15 15:00:00,20198.1,20221.25,20165.4,20169.0,0.0
2023-09-18 09:00:00,20155.95,20182.55,20123.35,20177.65,0.0
2023-09-18 10:00:00,20177.95,20187.8,20167.95,20178.7,0.0
2023-09-18 11:00:00,20180.0,20194.35,20161.9,20186.85,0.0
2023-09-18 12:00:00,20187.1,20187.8,20160.4,20163.9,0.0
2023-09-18 13:00:00,20164.1,20177.25,20143.85,20146.05,0.0
2023-09-18 14:00:00,20146.95,20162.55,20142.0,20146.15,0.0
2023-09-18 15:00:00,20145.25,20151.8,20117.8,20123.65,0.0
2023-09-20 09:00:00,19980.75,20049.5,19968.9,20009.25,0.0
2023-09-20 10:00:00,20009.45,20010.9,19953.05,19970.5,0.0
2023-09-20 11:00:00,19970.65,19970.9,19928.3,19940.1,0.0
2023-09-20 12:00:00,19940.15,19962.65,19939.3,19946.9,0.0
2023-09-20 13:00:00,19946.5,19946.6,19879.55,19900.95,0.0
2023-09-20 14:00:00,19899.55,19921.15,19889.8,19899.15,0.0
2023-09-20 15:00:00,19899.3,19913.35,19885.75,19909.55,0.0
2023-09-21 09:00:00,19840.55,19848.75,19776.45,19782.25,0.0
2023-09-21 10:00:00,19783.45,19784.5,19739.7,19750.3,0.0
2023-09-21 11:00:00,19752.05,19787.25,19745.45,19761.7,0.0
2023-09-21 12:00:00,19761.4,19764.35,19721.05,19726.0,0.0
2023-09-21 13:00:00,19725.75,19760.05,19722.45,19741.3,0.0
2023-09-21 14:00:00,19743.05,19749.05,19711.0,19727.4,0.0
2023-09-21 15:00:00,19727.15,19754.75,19721.1,19748.85,0.0
2023-09-22 09:00:00,19744.85,19791.35,19677.3,19678.0,0.0
2023-09-22 10:00:00,19677.75,19769.0,19665.45,19767.3,0.0
2023-09-22 11:00:00,19766.6,19775.75,19736.6,19771.8,0.0
2023-09-22 12:00:00,19771.4,19798.2,19754.65,19765.65,0.0
2023-09-22 13:00:00,19765.3,19778.3,19688.95,19705.35,0.0
2023-09-22 14:00:00,19705.35,19722.6,19672.5,19680.2,0.0
2023-09-22 15:00:00,19680.2,19693.85,19658.5,19684.6,0.0
2023-09-25 09:00:00,19678.2,19703.15,19635.5,19676.8,0.0
2023-09-25 10:00:00,19676.05,19679.3,19612.4,19624.6,0.0
2023-09-25 11:00:00,19625.0,19651.45,19602.05,19645.5,0.0
2023-09-25 12:00:00,19645.05,19726.35,19633.3,19725.0,0.0
2023-09-25 13:00:00,19724.5,19733.9,19669.6,19678.2,0.0
2023-09-25 14:00:00,19678.6,19702.55,19627.0,19701.3,0.0
2023-09-25 15:00:00,19701.4,19704.65,19666.45,19674.85,0.0
2023-09-26 09:00:00,19682.8,19697.3,19650.1,19685.45,0.0
2023-09-26 10:00:00,19685.15,19698.8,19669.7,19670.8,0.0
2023-09-26 11:00:00,19670.65,19691.95,19663.1,19673.4,0.0
2023-09-26 12:00:00,19673.5,19685.0,19640.1,19642.65,0.0
2023-09-26 13:00:00,19642.65,19686.0,19637.85,19674.45,0.0
2023-09-26 14:00:00,19674.55,19681.7,19664.7,19671.75,0.0
2023-09-26 15:00:00,19671.35,19673.6,19657.25,19673.6,0.0
2023-09-27 09:00:00,19637.05,19647.0,19597.45,19605.25,0.0
2023-09-27 10:00:00,19602.4,19603.95,19554.55,19586.8,0.0
2023-09-27 11:00:00,19585.6,19656.95,19585.6,19636.85,0.0
2023-09-27 12:00:00,19636.75,19671.8,19634.05,19669.4,0.0
2023-09-27 13:00:00,19670.3,19714.6,19663.8,19698.8,0.0
2023-09-27 14:00:00,19700.75,19727.3,19675.35,19725.7,0.0
2023-09-27 15:00:00,19727.4,19730.45,19708.15,19727.65,0.0
2023-09-28 09:00:00,19761.8,19766.15,19674.7,19680.8,0.0
2023-09-28 10:00:00,19680.4,19749.9,19677.9,19692.0,0.0
2023-09-28 11:00:00,19691.8,19699.4,19626.95,19628.5,0.0
2023-09-28 12:00:00,19627.9,19636.65,19598.4,19613.5,0.0
2023-09-28 13:00:00,19613.7,19619.8,19553.8,19559.45,0.0
2023-09-28 14:00:00,19560.05,19578.45,19518.15,19521.7,0.0
2023-09-28 15:00:00,19522.25,19557.5,19493.1,19553.3,0.0
2023-09-29 09:00:00,19581.2,19599.6,19551.3,19581.9,0.0
2023-09-29 10:00:00,19582.65,19607.75,19574.25,19584.65,0.0
2023-09-29 11:00:00,19584.9,19676.55,19579.95,19663.8,0.0
2023-09-29 12:00:00,19663.75,19684.2,19652.2,19658.75,0.0
2023-09-29 13:00:00,19658.65,19703.75,19657.65,19700.25,0.0
2023-09-29 14:00:00,19699.95,19725.95,19674.95,19683.4,0.0
2023-09-29 15:00:00,19682.25,19685.3,19618.55,19638.2,0.0
2023-10-03 09:00:00,19622.4,19623.2,19493.9,19500.45,0.0
2023-10-03 10:00:00,19500.3,19529.6,19480.1,19511.3,0.0
2023-10-03 11:00:00,19511.6,19538.45,19504.15,19509.25,0.0
2023-10-03 12:00:00,19508.7,19542.15,19507.3,19538.65,0.0
2023-10-03 13:00:00,19538.85,19567.5,19530.55,19557.1,0.0
2023-10-03 14:00:00,19557.6,19558.65,19505.7,19530.15,0.0
2023-10-03 15:00:00,19531.25,19542.9,19514.9,19522.95,0.0
2023-10-04 09:00:00,19446.3,19455.35,19375.7,19400.65,0.0
2023-10-04 10:00:00,19400.7,19429.1,19385.3,19419.45,0.0
2023-10-04 11:00:00,19419.7,19424.55,19355.6,19362.0,0.0
2023-10-04 12:00:00,19362.8,19378.95,19347.6,19353.45,0.0
2023-10-04 13:00:00,19353.65,19368.95,19334.55,19355.05,0.0
2023-10-04 14:00:00,19354.4,19427.8,19346.45,19408.15,0.0
2023-10-04 15:00:00,19407.9,19452.15,19394.15,19446.15,0.0
2023-10-05 09:00:00,19521.85,19547.55,19510.85,19536.05,0.0
2023-10-05 10:00:00,19536.15,19563.3,19487.95,19561.35,0.0
2023-10-05 11:00:00,19560.6,19576.45,19545.3,19556.75,0.0
2023-10-05 12:00:00,19556.0,19567.45,19524.15,19543.35,0.0
2023-10-05 13:00:00,19544.5,19560.35,19519.7,19555.6,0.0
2023-10-05 14:00:00,19556.8,19564.75,19534.95,19560.25,0.0
2023-10-05 15:00:00,19558.95,19558.95,19532.4,19546.6,0.0
2023-10-06 09:00:00,19621.2,19624.0,19589.7,19605.15,0.0
2023-10-06 10:00:00,19604.7,19658.0,19593.2,19651.45,0.0
2023-10-06 11:00:00,19651.3,19654.7,19604.35,19624.25,0.0
2023-10-06 12:00:00,19624.0,19644.55,19613.25,19638.15,0.0
2023-10-06 13:00:00,19637.1,19658.25,19632.95,19657.75,0.0
2023-10-06 14:00:00,19657.15,19673.6,19647.65,19673.6,0.0
2023-10-06 15:00:00,19673.8,19674.9,19640.5,19649.9,0.0
2023-10-09 09:00:00,19539.45,19585.2,19480.9,19571.3,0.0
2023-10-09 10:00:00,19572.1,19588.6,19544.55,19575.5,0.0
2023-10-09 11:00:00,19574.95,19576.4,19552.9,19554.95,0.0
2023-10-09 12:00:00,19554.3,19560.65,19503.25,19513.35,0.0
2023-10-09 13:00:00,19513.05,19534.25,19504.3,19517.25,0.0
2023-10-09 14:00:00,19517.0,19537.3,19498.2,19533.05,0.0
2023-10-09 15:00:00,19533.0,19540.9,19495.65,19497.5,0.0
2023-10-10 09:00:00,19565.6,19608.0,19565.6,19596.65,0.0
2023-10-10 10:00:00,19597.5,19627.0,19597.1,19610.75,0.0
2023-10-10 11:00:00,19611.5,19631.45,19610.8,19622.6,0.0
2023-10-10 12:00:00,19621.1,19674.55,19620.5,19670.35,0.0
2023-10-10 13:00:00,19669.25,19703.75,19668.75,19699.2,0.0
2023-10-10 14:00:00,19699.2,19717.1,19690.5,19702.6,0.0
2023-10-10 15:00:00,19703.65,19705.8,19682.9,19691.5,0.0
2023-10-11 09:00:00,19767.0,19831.5,19760.5,19806.1,0.0
2023-10-11 10:00:00,19805.15,19838.9,19795.1,19823.7,0.0
2023-10-11 11:00:00,19823.6,19826.8,19800.2,19815.95,0.0
2023-10-11 12:00:00,19815.85,19822.85,19782.05,19786.4,0.0
2023-10-11 13:00:00,19786.25,19818.6,19786.25,19793.45,0.0
2023-10-11 14:00:00,19793.25,19828.45,19789.5,19823.1,0.0
2023-10-11 15:00:00,19822.55,19827.2,19803.1,19808.5,0.0
2023-10-12 09:00:00,19822.7,19841.8,19778.25,19779.9,0.0
2023-10-12 10:00:00,19780.0,19820.95,19773.65,19813.5,0.0
2023-10-12 11:00:00,19813.75,19831.2,19803.45,19829.55,0.0
2023-10-12 12:00:00,19829.6,19833.35,19805.7,19807.55,0.0
2023-10-12 13:00:00,19806.8,19817.85,19796.75,19803.05,0.0
2023-10-12 14:00:00,19804.3,19806.2,19787.15,19794.1,0.0
2023-10-12 15:00:00,19795.0,19807.3,19777.1,19782.9,0.0
2023-10-13 09:00:00,19654.55,19736.25,19648.7,19711.45,0.0
2023-10-13 10:00:00,19711.75,19713.2,19674.35,19677.2,0.0
2023-10-13 11:00:00,19676.35,19702.65,19670.55,19692.7,0.0
2023-10-13 12:00:00,19694.7,19722.55,19681.25,19719.9,0.0
2023-10-13 13:00:00,19721.8,19760.55,19720.15,19749.95,0.0
2023-10-13 14:00:00,19752.45,19804.9,19751.5,19761.75,0.0
2023-10-13 15:00:00,19762.15,19766.85,19729.35,19733.75,0.0
2023-10-16 09:00:00,19737.25,19743.25,19691.95,19730.05,0.0
2023-10-16 10:00:00,19730.2,19767.55,19724.55,19750.0,0.0
2023-10-16 11:00:00,19750.15,19780.5,19726.25,19766.7,0.0
2023-10-16 12:00:00,19766.35,19777.75,19755.5,19770.05,0.0
2023-10-16 13:00:00,19770.7,19781.2,19744.4,19766.75,0.0
2023-10-16 14:00:00,19767.0,19771.75,19747.65,19749.3,0.0
2023-10-16 15:00:00,19749.1,19760.15,19718.8,19730.95,0.0
2023-10-17 09:00:00,19843.2,19849.75,19810.2,19831.35,0.0
2023-10-17 10:00:00,19831.2,19841.5,19814.5,19830.6,0.0
2023-10-17 11:00:00,19830.8,19836.2,19821.0,19828.8,0.0
2023-10-17 12:00:00,19829.25,19848.0,19823.65,19843.2,0.0
2023-10-17 13:00:00,19843.2,19848.05,19815.75,19817.4,0.0
2023-10-17 14:00:00,19817.55,19819.0,19775.85,19796.2,0.0
2023-10-17 15:00:00,19796.1,19823.35,19794.9,19818.35,0.0
2023-10-18 09:00:00,19820.45,19824.45,19775.35,19813.65,0.0
2023-10-18 10:00:00,19813.35,19840.2,19758.9,19768.45,0.0
2023-10-18 11:00:00,19767.9,19768.8,19695.3,19697.85,0.0
2023-10-18 12:00:00,19697.35,19710.3,19674.0,19690.9,0.0
2023-10-18 13:00:00,19690.8,19717.4,19689.0,19716.1,0.0
2023-10-18 14:00:00,19716.55,19725.4,19677.85,19684.2,0.0
2023-10-18 15:00:00,19683.05,19698.6,19660.6,19668.45,0.0
2023-10-19 09:00:00,19545.2,19592.85,19513.35,19588.7,0.0
2023-10-19 10:00:00,19589.05,19592.5,19555.0,19559.8,0.0
2023-10-19 11:00:00,19559.05,19660.5,19555.1,19637.25,0.0
2023-10-19 12:00:00,19637.45,19664.65,19633.85,19652.35,0.0
2023-10-19 13:00:00,19651.5,19661.9,19618.35,19656.35,0.0
2023-10-19 14:00:00,19656.2,19681.75,19628.65,19641.3,0.0
2023-10-19 15:00:00,19641.95,19648.0,19601.6,19611.9,0.0
2023-10-20 09:00:00,19542.15,19593.65,19520.0,19551.75,0.0
2023-10-20 10:00:00,19551.45,19583.8,19545.85,19549.15,0.0
2023-10-20 11:00:00,19549.15,19575.25,19526.8,19539.2,0.0
2023-10-20 12:00:00,19539.35,19557.8,19525.75,19531.0,0.0
2023-10-20 13:00:00,19529.9,19566.3,19527.45,19543.25,0.0
2023-10-20 14:00:00,19543.4,19552.3,19531.55,19538.05,0.0
2023-10-20 15:00:00,19536.5,19555.05,19526.5,19541.75,0.0
2023-10-23 09:00:00,19521.6,19556.35,19519.15,19539.3,0.0
2023-10-23 10:00:00,19539.85,19545.6,19460.75,19482.4,0.0
2023-10-23 11:00:00,19483.3,19490.4,19444.95,19480.25,0.0
2023-10-23 12:00:00,19479.7,19482.15,19445.65,19453.8,0.0
2023-10-23 13:00:00,19452.45,19454.05,19405.5,19432.95,0.0
2023-10-23 14:00:00,19432.35,19440.5,19320.75,19341.8,0.0
2023-10-23 15:00:00,19341.75,19341.75,19257.95,19278.45,0.0
2023-10-25 09:00:00,19286.45,19346.7,19260.5,19331.75,0.0
2023-10-25 10:00:00,19331.7,19333.8,19270.75,19281.05,0.0
2023-10-25 11:00:00,19280.9,19289.7,19210.45,19251.15,0.0
2023-10-25 12:00:00,19250.8,19252.15,19080.85,19090.55,0.0
2023-10-25 13:00:00,19090.8,19160.15,19075.1,19154.85,0.0
2023-10-25 14:00:00,19154.35,19177.2,19118.1,19148.35,0.0
2023-10-25 15:00:00,19149.45,19156.0,19102.3,19125.65,0.0
2023-10-26 09:00:00,19027.25,19041.7,18920.9,18933.95,0.0
2023-10-26 10:00:00,18935.15,18949.25,18872.4,18877.5,0.0
2023-10-26 11:00:00,18877.05,18896.85,18850.3,18875.15,0.0
2023-10-26 12:00:00,18874.6,18891.7,18856.2,18872.25,0.0
2023-10-26 13:00:00,18872.35,18903.8,18844.45,18854.05,0.0
2023-10-26 14:00:00,18853.9,18897.1,18850.0,18873.3,0.0
2023-10-26 15:00:00,18872.85,18875.25,18839.45,18848.5,0.0
2023-10-27 09:00:00,18928.75,19025.7,18926.65,19003.9,0.0
2023-10-27 10:00:00,19001.6,19029.7,18974.35,19009.65,0.0
2023-10-27 11:00:00,19009.85,19055.25,19005.2,19051.3,0.0
2023-10-27 12:00:00,19051.45,19057.65,19014.3,19019.55,0.0
2023-10-27 13:00:00,19019.65,19073.4,19018.8,19073.15,0.0
2023-10-27 14:00:00,19073.15,19075.7,19045.8,19066.55,0.0
2023-10-27 15:00:00,19065.7,19067.0,19033.7,19060.5,0.0
2023-10-30 09:00:00,19053.4,19079.35,18940.15,18960.25,0.0
2023-10-30 10:00:00,18960.35,19098.7,18957.3,19087.1,0.0
2023-10-30 11:00:00,19087.7,19117.8,19064.5,19114.25,0.0
2023-10-30 12:00:00,19114.05,19128.9,19086.6,19116.9,0.0
2023-10-30 13:00:00,19115.2,19141.3,19107.45,19119.55,0.0
2023-10-30 14:00:00,19119.0,19135.15,19100.8,19129.8,0.0
2023-10-30 15:00:00,19128.65,19157.35,19125.3,19148.85,0.0
2023-10-31 09:00:00,19232.95,19233.7,19107.75,19124.15,0.0
2023-10-31 10:00:00,19125.6,19139.75,19064.8,19097.65,0.0
2023-10-31 11:00:00,19097.6,19116.75,19068.0,19079.2,0.0
2023-10-31 12:00:00,19079.15,19108.15,19074.9,19096.25,0.0
2023-10-31 13:00:00,19096.05,19132.45,19083.85,19100.1,0.0
2023-10-31 14:00:00,19099.95,19145.9,19096.45,19116.25,0.0
2023-10-31 15:00:00,19115.9,19117.15,19056.65,19086.55,0.0
2023-11-01 09:00:00,19064.05,19095.95,19033.2,19038.5,0.0
2023-11-01 10:00:00,19037.3,19061.95,19020.4,19052.45,0.0
2023-11-01 11:00:00,19053.05,19055.05,19030.25,19048.2,0.0
2023-11-01 12:00:00,19048.45,19065.45,19028.15,19037.95,0.0
2023-11-01 13:00:00,19038.6,19039.4,18986.25,19016.9,0.0
2023-11-01 14:00:00,19016.8,19027.8,18999.1,19009.55,0.0
2023-11-01 15:00:00,19011.5,19012.45,18974.2,18990.4,0.0
2023-11-02 09:00:00,19120.0,19174.95,19113.45,19138.55,0.0
2023-11-02 10:00:00,19139.55,19150.0,19109.35,19114.45,0.0
2023-11-02 11:00:00,19114.15,19130.0,19071.75,19076.5,0.0
2023-11-02 12:00:00,19076.7,19110.75,19065.85,19101.4,0.0
2023-11-02 13:00:00,19103.4,19134.6,19091.7,19132.2,0.0
2023-11-02 14:00:00,19131.0,19140.7,19106.95,19132.55,0.0
2023-11-02 15:00:00,19134.75,19147.75,19116.6,19144.85,0.0
2023-11-03 09:00:00,19241.0,19264.9,19230.95,19250.95,0.0
2023-11-03 10:00:00,19250.75,19273.4,19247.15,19270.45,0.0
2023-11-03 11:00:00,19269.7,19275.8,19240.25,19240.9,0.0
2023-11-03 12:00:00,19241.3,19259.05,19235.95,19252.95,0.0
2023-11-03 13:00:00,19253.55,19267.6,19249.75,19251.55,0.0
2023-11-03 14:00:00,19251.45,19269.0,19211.4,19241.05,0.0
2023-11-03 15:00:00,19241.9,19249.95,19220.2,19226.85,0.0
2023-11-06 09:00:00,19345.85,19356.4,19313.15,19347.65,0.0
2023-11-06 10:00:00,19347.8,19370.75,19328.55,19341.85,0.0
2023-11-06 11:00:00,19342.1,19349.0,19310.75,19340.8,0.0
2023-11-06 12:00:00,19340.25,19360.15,19339.5,19353.3,0.0
2023-11-06 13:00:00,19352.25,19364.9,19343.45,19358.45,0.0
2023-11-06 14:00:00,19358.2,19386.15,19352.85,19385.1,0.0
2023-11-06 15:00:00,19385.6,19421.55,19385.6,19411.85,0.0
2023-11-07 09:00:00,19404.05,19409.5,19349.45,19358.05,0.0
2023-11-07 10:00:00,19358.2,19396.4,19347.8,19381.05,0.0
2023-11-07 11:00:00,19380.1,19398.0,19329.75,19344.9,0.0
2023-11-07 12:00:00,19345.95,19373.0,19335.05,19366.85,0.0
2023-11-07 13:00:00,19366.25,19402.95,19353.45,19393.8,0.0
2023-11-07 14:00:00,19393.85,19410.1,19379.15,19399.05,0.0
2023-11-07 15:00:00,19400.05,19422.55,19393.75,19417.2,0.0
2023-11-08 09:00:00,19449.6,19453.6,19403.85,19444.0,0.0
2023-11-08 10:00:00,19443.9,19453.25,19416.55,19428.65,0.0
2023-11-08 11:00:00,19428.2,19443.75,19401.65,19431.5,0.0
2023-11-08 12:00:00,19431.3,19441.2,19421.1,19437.5,0.0
2023-11-08 13:00:00,19437.4,19463.2,19434.2,19461.6,0.0
2023-11-08 14:00:00,19461.35,19464.3,19414.7,19433.35,0.0
2023-11-08 15:00:00,19430.05,19450.65,19430.05,19436.45,0.0
2023-11-09 09:00:00,19457.4,19463.9,19403.65,19437.5,0.0
2023-11-09 10:00:00,19437.9,19452.2,19413.7,19429.2,0.0
2023-11-09 11:00:00,19429.2,19459.75,19425.85,19454.9,0.0
2023-11-09 12:00:00,19454.15,19458.2,19431.35,19435.95,0.0
2023-11-09 13:00:00,19435.95,19441.8,19414.45,19418.05,0.0
2023-11-09 14:00:00,19417.05,19431.4,19383.6,19397.5,0.0
2023-11-09 15:00:00,19393.8,19406.5,19381.4,19404.0,0.0
2023-11-10 09:00:00,19351.85,19361.55,19331.25,19337.2,0.0
2023-11-10 10:00:00,19336.35,19384.75,19333.9,19369.05,0.0
2023-11-10 11:00:00,19369.6,19379.85,19353.9,19373.15,0.0
2023-11-10 12:00:00,19373.45,19409.8,19372.7,19398.25,0.0
2023-11-10 13:00:00,19398.15,19413.45,19385.25,19391.45,0.0
2023-11-10 14:00:00,19391.05,19399.75,19363.3,19399.05,0.0
2023-11-10 15:00:00,19397.25,19450.8,19397.25,19443.45,0.0
2023-11-13 09:00:00,19486.75,19491.8,19441.8,19463.1,0.0
2023-11-13 10:00:00,19462.7,19479.15,19415.15,19427.45,0.0
2023-11-13 11:00:00,19427.4,19454.25,19419.2,19437.95,0.0
2023-11-13 12:00:00,19438.7,19450.15,19430.55,19442.35,0.0
2023-11-13 13:00:00,19442.55,19454.6,19435.85,19446.4,0.0
2023-11-13 14:00:00,19446.7,19460.05,19445.1,19448.35,0.0
2023-11-13 15:00:00,19449.95,19455.05,19436.5,19440.15,0.0
2023-11-15 09:00:00,19651.4,19653.35,19580.45,19633.3,0.0
2023-11-15 10:00:00,19633.05,19641.7,19615.75,19620.55,0.0
2023-11-15 11:00:00,19620.8,19632.15,19614.35,19622.9,0.0
2023-11-15 12:00:00,19623.1,19641.2,19621.35,19635.35,0.0
2023-11-15 13:00:00,19634.8,19673.3,19634.1,19657.25,0.0
2023-11-15 14:00:00,19657.4,19677.35,19645.15,19646.25,0.0
2023-11-15 15:00:00,19643.7,19691.2,19643.7,19676.8,0.0
2023-11-16 09:00:00,19674.7,19709.75,19627.6,19694.3,0.0
2023-11-16 10:00:00,19694.85,19728.15,19685.25,19713.65,0.0
2023-11-16 11:00:00,19713.95,19808.1,19711.8,19798.75,0.0
2023-11-16 12:00:00,19798.35,19812.6,19787.25,19809.4,0.0
2023-11-16 13:00:00,19808.85,19815.75,19793.65,19812.95,0.0
2023-11-16 14:00:00,19812.4,19874.75,19810.6,19845.65,0.0
2023-11-16 15:00:00,19845.65,19847.0,19722.8,19761.15,0.0
2023-11-17 09:00:00,19674.75,19793.6,19669.6,19793.05,0.0
2023-11-17 10:00:00,19793.4,19805.75,19748.5,19789.75,0.0
2023-11-17 11:00:00,19790.15,19796.6,19750.05,19761.35,0.0
2023-11-17 12:00:00,19761.1,19779.4,19743.15,19759.95,0.0
2023-11-17 13:00:00,19760.05,19775.0,19727.55,19737.55,0.0
2023-11-17 14:00:00,19737.4,19771.1,19726.55,19730.45,0.0
2023-11-17 15:00:00,19725.9,19747.15,19715.35,19719.7,0.0
2023-11-20 09:00:00,19731.15,19752.15,19704.9,19714.0,0.0
2023-11-20 10:00:00,19714.65,19755.55,19701.6,19743.1,0.0
2023-11-20 11:00:00,19743.6,19744.95,19673.25,19678.75,0.0
2023-11-20 12:00:00,19678.45,19701.25,19671.2,19685.05,0.0
2023-11-20 13:00:00,19684.1,19712.9,19683.7,19692.1,0.0
2023-11-20 14:00:00,19692.55,19719.0,19683.2,19702.85,0.0
2023-11-20 15:00:00,19702.9,19707.0,19687.65,19693.65,0.0
2023-11-21 09:00:00,19770.9,19789.65,19754.6,19771.45,0.0
2023-11-21 10:00:00,19771.55,19783.85,19759.55,19774.6,0.0
2023-11-21 11:00:00,19774.35,19789.3,19771.75,19784.95,0.0
2023-11-21 12:00:00,19785.05,19828.2,19782.15,19808.8,0.0
2023-11-21 13:00:00,19808.25,19811.85,19770.35,19799.0,0.0
2023-11-21 14:00:00,19798.6,19803.0,19780.6,19783.45,0.0
2023-11-21 15:00:00,19782.95,19790.25,19775.1,19780.8,0.0
2023-11-22 09:00:00,19784.0,19822.1,19768.4,19809.0,0.0
2023-11-22 10:00:00,19808.95,19825.35,19791.85,19800.7,0.0
2023-11-22 11:00:00,19800.0,19807.85,19756.95,19769.5,0.0
2023-11-22 12:00:00,19769.25,19773.1,19705.05,19737.35,0.0
2023-11-22 13:00:00,19737.3,19759.65,19723.8,19741.45,0.0
2023-11-22 14:00:00,19739.6,19815.45,19733.0,19807.7,0.0
2023-11-22 15:00:00,19807.5,19822.35,19803.2,19810.6,0.0
2023-11-23 09:00:00,19828.45,19874.55,19825.7,19844.2,0.0
2023-11-23 10:00:00,19843.75,19851.35,19793.3,19805.95,0.0
2023-11-23 11:00:00,19805.9,19822.1,19792.2,19800.95,0.0
2023-11-23 12:00:00,19801.15,19830.8,19793.45,19819.4,0.0
2023-11-23 13:00:00,19819.3,19824.35,19803.25,19823.0,0.0
2023-11-23 14:00:00,19824.55,19824.65,19787.65,19799.2,0.0
2023-11-23 15:00:00,19799.05,19819.25,19788.95,19811.0,0.0
2023-11-24 09:00:00,19809.6,19832.2,19790.3,19795.1,0.0
2023-11-24 10:00:00,19794.65,19821.85,19787.85,19811.25,0.0
2023-11-24 11:00:00,19810.8,19817.85,19801.7,19815.0,0.0
2023-11-24 12:00:00,19813.9,19818.85,19795.8,19802.05,0.0
2023-11-24 13:00:00,19803.2,19804.5,19769.15,19791.95,0.0
2023-11-24 14:00:00,19792.15,19806.2,19786.2,19794.75,0.0
2023-11-24 15:00:00,19796.45,19803.65,19784.9,19788.7,0.0
2023-11-28 09:00:00,19844.65,19848.05,19807.7,19820.95,0.0
2023-11-28 10:00:00,19820.65,19827.9,19800.45,19819.0,0.0
2023-11-28 11:00:00,19819.3,19829.95,19810.65,19829.7,0.0
2023-11-28 12:00:00,19829.0,19839.7,19824.4,19828.3,0.0
2023-11-28 13:00:00,19828.6,19831.5,19816.0,19818.2,0.0
2023-11-28 14:00:00,19818.45,19885.5,19816.85,19867.5,0.0
2023-11-28 15:00:00,19867.2,19916.3,19865.15,19908.45,0.0
2023-11-29 09:00:00,19976.55,20009.1,19958.4,20001.4,0.0
2023-11-29 10:00:00,20001.1,20016.7,19993.1,20007.0,0.0
2023-11-29 11:00:00,20007.55,20034.7,19999.35,20025.05,0.0
2023-11-29 12:00:00,20025.0,20044.05,20024.55,20037.15,0.0
2023-11-29 13:00:00,20036.4,20075.25,20034.75,20061.7,0.0
2023-11-29 14:00:00,20061.8,20089.1,20056.15,20082.3,0.0
2023-11-29 15:00:00,20081.3,20104.1,20078.6,20096.2,0.0
2023-11-30 09:00:00,20108.5,20134.2,20025.1,20047.1,0.0
2023-11-30 10:00:00,20046.2,20104.7,20017.9,20076.5,0.0
2023-11-30 11:00:00,20076.9,20087.85,20054.65,20069.1,0.0
2023-11-30 12:00:00,20070.05,20071.0,20042.65,20054.35,0.0
2023-11-30 13:00:00,20054.6,20120.0,20053.6,20098.45,0.0
2023-11-30 14:00:00,20099.05,20130.05,20056.75,20115.95,0.0
2023-11-30 15:00:00,20114.1,20157.35,20096.75,20127.2,0.0
2023-12-01 09:00:00,20194.1,20259.1,20183.7,20254.45,0.0
2023-12-01 10:00:00,20254.35,20268.7,20234.6,20263.25,0.0
2023-12-01 11:00:00,20262.8,20281.55,20254.75,20281.55,0.0
2023-12-01 12:00:00,20281.25,20284.5,20264.95,20277.4,0.0
2023-12-01 13:00:00,20278.0,20285.4,20264.55,20277.2,0.0
2023-12-01 14:00:00,20277.4,20290.6,20244.4,20266.45,0.0
2023-12-01 15:00:00,20263.55,20282.05,20249.0,20255.75,0.0
2023-12-04 09:00:00,20601.95,20602.5,20508.65,20558.3,0.0
2023-12-04 10:00:00,20557.9,20564.7,20523.3,20555.05,0.0
2023-12-04 11:00:00,20554.3,20583.4,20546.95,20573.55,0.0
2023-12-04 12:00:00,20574.4,20587.9,20569.05,20586.3,0.0
2023-12-04 13:00:00,20586.45,20623.7,20570.7,20611.6,0.0
2023-12-04 14:00:00,20612.25,20682.7,20612.2,20681.45,0.0
2023-12-04 15:00:00,20681.55,20702.25,20658.7,20686.8,0.0
2023-12-05 09:00:00,20808.9,20813.1,20711.15,20775.5,0.0
2023-12-05 10:00:00,20774.9,20848.1,20771.4,20842.75,0.0
2023-12-05 11:00:00,20843.35,20849.3,20731.0,20762.9,0.0
2023-12-05 12:00:00,20761.55,20809.9,20753.6,20807.1,0.0
2023-12-05 13:00:00,20807.25,20827.4,20788.65,20805.7,0.0
2023-12-05 14:00:00,20805.0,20839.75,20789.2,20836.8,0.0
2023-12-05 15:00:00,20836.1,20863.7,20834.15,20856.7,0.0
2023-12-06 09:00:00,20950.75,20957.9,20887.9,20928.65,0.0
2023-12-06 10:00:00,20929.1,20941.15,20891.05,20939.4,0.0
2023-12-06 11:00:00,20941.5,20942.7,20915.25,20929.25,0.0
2023-12-06 12:00:00,20929.6,20936.1,20886.0,20904.35,0.0
2023-12-06 13:00:00,20904.9,20920.0,20852.8,20917.8,0.0
2023-12-06 14:00:00,20918.45,20961.45,20914.35,20953.8,0.0
2023-12-06 15:00:00,20953.1,20958.25,20923.6,20935.9,0.0
2023-12-07 09:00:00,20932.4,20941.25,20851.45,20875.55,0.0
2023-12-07 10:00:00,20876.3,20922.4,20859.85,20909.05,0.0
2023-12-07 11:00:00,20908.55,20935.85,20899.2,20919.85,0.0
2023-12-07 12:00:00,20919.8,20925.15,20901.35,20916.0,0.0
2023-12-07 13:00:00,20915.2,20927.0,20904.45,20914.0,0.0
2023-12-07 14:00:00,20913.8,20923.7,20887.9,20890.2,0.0
2023-12-07 15:00:00,20891.65,20919.6,20879.1,20916.1,0.0
2023-12-08 09:00:00,20934.1,20996.35,20932.55,20991.7,0.0
2023-12-08 10:00:00,20993.25,21005.75,20970.25,20977.55,0.0
2023-12-08 11:00:00,20977.05,20982.15,20931.7,20974.55,0.0
2023-12-08 12:00:00,20974.9,20979.35,20913.3,20929.25,0.0
2023-12-08 13:00:00,20929.7,20929.7,20863.05,20889.7,0.0
2023-12-08 14:00:00,20891.25,20942.25,20883.45,20937.6,0.0
2023-12-08 15:00:00,20938.1,20983.0,20933.45,20972.1,0.0
2023-12-11 09:00:00,20965.3,21017.3,20923.7,21005.05,0.0
2023-12-11 10:00:00,21003.9,21025.6,20950.6,20978.7,0.0
2023-12-11 11:00:00,20980.45,21013.4,20970.0,20987.0,0.0
2023-12-11 12:00:00,20986.65,20994.4,20953.7,20979.65,0.0
2023-12-11 13:00:00,20979.35,20995.65,20966.3,20980.0,0.0
2023-12-11 14:00:00,20979.2,21005.35,20978.25,20995.85,0.0
2023-12-11 15:00:00,20995.95,21009.6,20981.85,21000.05,0.0
2023-12-12 09:00:00,21018.55,21037.85,21007.2,21028.85,0.0
2023-12-12 10:00:00,21028.3,21032.8,20975.25,21003.55,0.0
2023-12-12 11:00:00,21003.7,21020.3,20993.5,21006.7,0.0
2023-12-12 12:00:00,21006.65,21016.75,20954.55,20960.1,0.0
2023-12-12 13:00:00,20960.65,20973.45,20950.6,20952.85,0.0
2023-12-12 14:00:00,20951.1,20958.75,20867.65,20885.95,0.0
2023-12-12 15:00:00,20884.75,20918.9,20884.75,20900.4,0.0
2023-12-13 09:00:00,20929.75,20932.7,20830.95,20832.5,0.0
2023-12-13 10:00:00,20832.75,20854.0,20801.45,20835.15,0.0
2023-12-13 11:00:00,20835.1,20849.25,20774.65,20786.2,0.0
2023-12-13 12:00:00,20786.6,20826.05,20769.85,20825.3,0.0
2023-12-13 13:00:00,20825.25,20883.25,20818.1,20873.85,0.0
2023-12-13 14:00:00,20873.4,20899.85,20851.65,20880.55,0.0
2023-12-13 15:00:00,20878.6,20949.15,20878.6,20937.45,0.0
2023-12-14 09:00:00,21110.4,21187.15,21081.1,21185.15,0.0
2023-12-14 10:00:00,21184.55,21185.4,21132.1,21161.0,0.0
2023-12-14 11:00:00,21159.5,21183.1,21147.65,21159.55,0.0
2023-12-14 12:00:00,21158.2,21172.4,21147.7,21170.1,0.0
2023-12-14 13:00:00,21170.05,21210.75,21166.1,21199.25,0.0
2023-12-14 14:00:00,21198.9,21201.65,21162.65,21171.1,0.0
2023-12-14 15:00:00,21169.1,21209.45,21162.6,21195.25,0.0
2023-12-15 09:00:00,21287.45,21298.15,21235.5,21287.7,0.0
2023-12-15 10:00:00,21285.95,21355.0,21281.8,21312.65,0.0
2023-12-15 11:00:00,21313.25,21331.85,21301.35,21315.65,0.0
2023-12-15 12:00:00,21317.9,21337.55,21303.45,21328.8,0.0
2023-12-15 13:00:00,21330.95,21363.35,21319.55,21361.8,0.0
2023-12-15 14:00:00,21362.0,21403.55,21328.15,21401.45,0.0
2023-12-15 15:00:00,21398.7,21490.5,21398.7,21448.7,0.0
2023-12-18 09:00:00,21434.8,21471.6,21365.85,21432.55,0.0
2023-12-18 10:00:00,21432.2,21480.75,21432.2,21462.6,0.0
2023-12-18 11:00:00,21462.0,21482.7,21448.35,21449.55,0.0
2023-12-18 12:00:00,21449.25,21466.05,21426.75,21434.05,0.0
2023-12-18 13:00:00,21434.1,21439.75,21409.95,21423.9,0.0
2023-12-18 14:00:00,21423.5,21454.65,21416.6,21424.4,0.0
2023-12-18 15:00:00,21423.1,21432.0,21403.05,21410.8,0.0
2023-12-19 09:00:00,21477.65,21480.0,21368.0,21379.5,0.0
2023-12-19 10:00:00,21379.6,21403.5,21338.5,21386.8,0.0
2023-12-19 11:00:00,21387.6,21454.35,21384.9,21444.45,0.0
2023-12-19 12:00:00,21443.5,21474.4,21431.75,21471.15,0.0
2023-12-19 13:00:00,21470.0,21479.05,21449.05,21474.85,0.0
2023-12-19 14:00:00,21475.1,21504.5,21428.9,21431.75,0.0
2023-12-19 15:00:00,21427.6,21475.55,21426.5,21446.0,0.0
2023-12-20 09:00:00,21543.5,21592.1,21529.8,21569.05,0.0
2023-12-20 10:00:00,21568.6,21580.8,21534.8,21578.5,0.0
2023-12-20 11:00:00,21577.9,21579.9,21491.65,21524.8,0.0
2023-12-20 12:00:00,21525.15,21537.2,21501.4,21521.5,0.0
2023-12-20 13:00:00,21521.55,21521.55,21302.3,21347.4,0.0
2023-12-20 14:00:00,21348.15,21355.6,21206.75,21227.4,0.0
2023-12-20 15:00:00,21227.35,21227.35,21088.55,21101.5,0.0
2023-12-21 09:00:00,21033.95,21095.05,20979.8,21070.15,0.0
2023-12-21 10:00:00,21069.9,21166.0,21058.9,21156.9,0.0
2023-12-21 11:00:00,21157.15,21179.85,21118.4,21164.3,0.0
2023-12-21 12:00:00,21164.35,21257.3,21160.8,21241.9,0.0
2023-12-21 13:00:00,21243.8,21269.35,21182.8,21222.0,0.0
2023-12-21 14:00:00,21223.7,21272.0,21184.95,21242.85,0.0
2023-12-21 15:00:00,21240.1,21287.8,21227.25,21283.0,0.0
2023-12-22 09:00:00,21295.85,21345.0,21248.95,21340.75,0.0
2023-12-22 10:00:00,21341.85,21380.25,21322.5,21378.05,0.0
2023-12-22 11:00:00,21377.7,21389.9,21354.45,21383.45,0.0
2023-12-22 12:00:00,21383.75,21386.8,21290.0,21352.25,0.0
2023-12-22 13:00:00,21351.4,21364.75,21233.5,21254.3,0.0
2023-12-22 14:00:00,21254.65,21373.45,21251.55,21363.4,0.0
2023-12-22 15:00:00,21364.3,21368.1,21328.45,21332.35,0.0
2023-12-26 09:00:00,21365.2,21393.85,21329.6,21393.65,0.0
2023-12-26 10:00:00,21395.05,21472.3,21394.25,21449.2,0.0
2023-12-26 11:00:00,21447.9,21465.7,21435.35,21463.6,0.0
2023-12-26 12:00:00,21463.4,21476.3,21422.45,21442.9,0.0
2023-12-26 13:00:00,21442.5,21453.6,21410.5,21442.2,0.0
2023-12-26 14:00:00,21441.15,21465.65,21422.4,21436.3,0.0
2023-12-26 15:00:00,21436.15,21457.85,21419.4,21454.15,0.0
2023-12-27 09:00:00,21497.65,21565.3,21495.8,21561.7,0.0
2023-12-27 10:00:00,21561.35,21585.3,21545.95,21579.5,0.0
2023-12-27 11:00:00,21579.5,21594.7,21569.1,21592.15,0.0
2023-12-27 12:00:00,21591.35,21603.2,21524.15,21573.95,0.0
2023-12-27 13:00:00,21573.1,21573.95,21505.1,21543.45,0.0
2023-12-27 14:00:00,21543.65,21598.15,21539.95,21583.2,0.0
2023-12-27 15:00:00,21580.7,21674.95,21580.0,21648.95,0.0
2023-12-28 09:00:00,21715.0,21758.5,21700.7,21739.8,0.0
2023-12-28 10:00:00,21739.25,21744.8,21678.2,21693.1,0.0
2023-12-28 11:00:00,21692.7,21745.9,21689.5,21733.75,0.0
2023-12-28 12:00:00,21732.9,21770.7,21722.65,21752.25,0.0
2023-12-28 13:00:00,21753.55,21775.1,21738.15,21750.9,0.0
2023-12-28 14:00:00,21750.45,21772.6,21730.25,21764.8,0.0
2023-12-28 15:00:00,21763.0,21798.6,21751.7,21773.7,0.0
2023-12-29 09:00:00,21737.65,21762.4,21706.25,21724.65,0.0
2023-12-29 10:00:00,21724.15,21744.05,21682.85,21710.65,0.0
2023-12-29 11:00:00,21710.85,21750.75,21705.65,21747.3,0.0
2023-12-29 12:00:00,21747.0,21752.2,21707.45,21711.3,0.0
2023-12-29 13:00:00,21708.95,21743.5,21706.6,21716.9,0.0
2023-12-29 14:00:00,21716.25,21737.8,21677.3,21732.85,0.0
2023-12-29 15:00:00,21731.25,21758.5,21711.3,21728.3,0.0
2024-01-01 09:00:00,21727.75,21736.8,21684.15,21726.3,0.0
2024-01-01 10:00:00,21726.6,21741.9,21695.3,21736.15,0.0
2024-01-01 11:00:00,21736.75,21748.25,21725.7,21732.7,0.0
2024-01-01 12:00:00,21733.05,21750.5,21711.3,21741.35,0.0
2024-01-01 13:00:00,21741.75,21769.95,21733.3,21764.85,0.0
2024-01-01 14:00:00,21763.9,21832.4,21763.9,21822.85,0.0
2024-01-01 15:00:00,21823.05,21831.35,21682.75,21689.45,0.0
2024-01-02 09:00:00,21751.35,21755.6,21629.8,21636.8,0.0
2024-01-02 10:00:00,21636.05,21676.55,21557.5,21615.95,0.0
2024-01-02 11:00:00,21616.3,21620.5,21571.95,21602.6,0.0
2024-01-02 12:00:00,21602.0,21649.05,21600.25,21627.75,0.0
2024-01-02 13:00:00,21627.35,21642.4,21601.7,21628.5,0.0
2024-01-02 14:00:00,21627.8,21687.55,21624.55,21661.3,0.0
2024-01-02 15:00:00,21657.2,21692.7,21642.8,21661.5,0.0
2024-01-03 09:00:00,21661.1,21677.0,21556.95,21588.25,0.0
2024-01-03 10:00:00,21589.2,21596.8,21539.45,21563.25,0.0
2024-01-03 11:00:00,21563.7,21591.45,21548.15,21574.5,0.0
2024-01-03 12:00:00,21575.25,21583.0,21521.3,21562.0,0.0
2024-01-03 13:00:00,21563.45,21583.15,21556.65,21566.55,0.0
2024-01-03 14:00:00,21567.5,21584.4,21530.45,21559.5,0.0
2024-01-03 15:00:00,21561.9,21564.05,21501.5,21523.7,0.0
2024-01-04 09:00:00,21605.8,21624.3,21569.25,21602.25,0.0
2024-01-04 10:00:00,21601.8,21649.05,21601.8,21635.1,0.0
2024-01-04 11:00:00,21634.65,21658.75,21633.75,21643.9,0.0
2024-01-04 12:00:00,21643.8,21668.8,21639.85,21659.2,0.0
2024-01-04 13:00:00,21658.65,21673.9,21651.3,21660.6,0.0
2024-01-04 14:00:00,21659.7,21666.15,21638.65,21650.3,0.0
2024-01-04 15:00:00,21651.35,21684.8,21643.5,21669.6,0.0
2024-01-05 09:00:00,21705.75,21749.2,21705.75,21740.8,0.0
2024-01-05 10:00:00,21740.4,21744.05,21669.8,21688.5,0.0
2024-01-05 11:00:00,21688.5,21703.2,21666.4,21681.6,0.0
2024-01-05 12:00:00,21680.9,21706.3,21678.35,21678.55,0.0
2024-01-05 13:00:00,21678.25,21700.15,21663.45,21679.35,0.0
2024-01-05 14:00:00,21678.75,21709.45,21629.75,21703.0,0.0
2024-01-05 15:00:00,21701.4,21725.45,21681.7,21709.55,0.0
2024-01-08 09:00:00,21747.6,21763.4,21645.6,21675.3,0.0
2024-01-08 10:00:00,21675.25,21724.5,21634.35,21634.85,0.0
2024-01-08 11:00:00,21634.9,21653.7,21553.95,21557.1,0.0
2024-01-08 12:00:00,21557.15,21611.25,21556.15,21569.2,0.0
2024-01-08 13:00:00,21568.6,21596.65,21552.95,21585.25,0.0
2024-01-08 14:00:00,21584.45,21599.8,21516.25,21527.45,0.0
2024-01-08 15:00:00,21527.05,21541.55,21493.6,21511.35,0.0
2024-01-09 09:00:00,21653.6,21672.3,21595.25,21625.75,0.0
2024-01-09 10:00:00,21625.5,21710.15,21625.5,21680.05,0.0
2024-01-09 11:00:00,21680.2,21713.15,21676.0,21699.35,0.0
2024-01-09 12:00:00,21700.3,21723.7,21683.55,21715.25,0.0
2024-01-09 13:00:00,21714.95,21720.7,21671.85,21678.05,0.0
2024-01-09 14:00:00,21678.75,21692.9,21546.45,21576.45,0.0
2024-01-09 15:00:00,21576.0,21580.95,21518.05,21551.95,0.0
2024-01-10 09:00:00,21529.3,21564.3,21448.75,21540.15,0.0
2024-01-10 10:00:00,21539.35,21573.55,21512.0,21525.6,0.0
2024-01-10 11:00:00,21525.95,21559.25,21518.0,21536.85,0.0
2024-01-10 12:00:00,21536.75,21539.85,21468.45,21496.65,0.0
2024-01-10 13:00:00,21498.25,21528.45,21479.75,21525.6,0.0
2024-01-10 14:00:00,21524.55,21617.5,21508.35,21605.75,0.0
2024-01-10 15:00:00,21604.55,21641.3,21590.95,21625.4,0.0
2024-01-11 09:00:00,21688.0,21725.25,21666.3,21674.6,0.0
2024-01-11 10:00:00,21674.65,21683.35,21631.05,21657.8,0.0
2024-01-11 11:00:00,21657.7,21670.6,21643.95,21662.55,0.0
2024-01-11 12:00:00,21662.6,21681.75,21651.2,21672.75,0.0
2024-01-11 13:00:00,21671.95,21680.15,21653.35,21665.55,0.0
2024-01-11 14:00:00,21665.65,21671.25,21594.0,21655.2,0.0
2024-01-11 15:00:00,21652.6,21669.4,21630.75,21669.4,0.0
2024-01-12 09:00:00,21773.55,21788.25,21718.75,21754.85,0.0
2024-01-12 10:00:00,21754.25,21837.25,21751.35,21836.3,0.0
2024-01-12 11:00:00,21835.4,21847.6,21818.4,21834.5,0.0
2024-01-12 12:00:00,21834.5,21858.45,21810.65,21848.75,0.0
2024-01-12 13:00:00,21848.7,21896.75,21840.85,21893.05,0.0
2024-01-12 14:00:00,21894.6,21927.2,21864.1,21904.55,0.0
2024-01-12 15:00:00,21902.75,21922.05,21852.6,21908.25,0.0
2024-01-15 09:00:00,22053.15,22081.7,21980.4,21982.75,0.0
2024-01-15 10:00:00,21983.8,22046.8,21964.1,22046.8,0.0
2024-01-15 11:00:00,22046.3,22063.7,22026.6,22050.45,0.0
2024-01-15 12:00:00,22050.25,22069.4,22042.55,22060.85,0.0
2024-01-15 13:00:00,22060.45,22069.3,22026.5,22064.0,0.0
2024-01-15 14:00:00,22064.05,22098.2,22053.25,22095.75,0.0
2024-01-15 15:00:00,22095.0,22113.55,22082.35,22109.8,0.0
2024-01-16 09:00:00,22080.5,22107.65,22031.9,22079.45,0.0
2024-01-16 10:00:00,22079.7,22120.8,22062.65,22113.75,0.0
2024-01-16 11:00:00,22113.8,22123.55,22076.3,22106.75,0.0
2024-01-16 12:00:00,22106.45,22107.6,22046.5,22055.8,0.0
2024-01-16 13:00:00,22054.95,22056.4,21971.2,22043.85,0.0
2024-01-16 14:00:00,22043.3,22058.45,22006.1,22044.05,0.0
2024-01-16 15:00:00,22041.45,22046.3,22016.35,22031.6,0.0
2024-01-17 09:00:00,21647.25,21851.15,21647.25,21792.2,0.0
2024-01-17 10:00:00,21791.7,21803.55,21729.05,21739.35,0.0
2024-01-17 11:00:00,21740.2,21754.5,21658.6,21678.75,0.0
2024-01-17 12:00:00,21679.1,21693.1,21630.85,21632.9,0.0
2024-01-17 13:00:00,21632.95,21677.2,21613.25,21649.15,0.0
2024-01-17 14:00:00,21648.6,21667.1,21559.85,21572.0,0.0
2024-01-17 15:00:00,21573.65,21605.65,21551.5,21577.25,0.0
2024-01-18 09:00:00,21414.2,21472.25,21286.45,21294.9,0.0
2024-01-18 10:00:00,21294.65,21474.3,21294.65,21466.5,0.0
2024-01-18 11:00:00,21466.3,21514.6,21444.5,21510.05,0.0
2024-01-18 12:00:00,21510.8,21539.05,21436.9,21443.35,0.0
2024-01-18 13:00:00,21443.3,21472.0,21432.05,21451.4,0.0
2024-01-18 14:00:00,21451.3,21487.55,21418.0,21451.4,0.0
2024-01-18 15:00:00,21451.9,21485.25,21445.95,21477.25,0.0
2024-01-19 09:00:00,21615.2,21664.9,21606.65,21640.6,0.0
2024-01-19 10:00:00,21639.45,21670.5,21618.5,21623.95,0.0
2024-01-19 11:00:00,21625.0,21635.7,21576.0,21595.6,0.0
2024-01-19 12:00:00,21595.25,21622.65,21577.35,21610.4,0.0
2024-01-19 13:00:00,21609.35,21638.95,21587.65,21605.6,0.0
2024-01-19 14:00:00,21605.4,21640.1,21587.05,21612.55,0.0
2024-01-19 15:00:00,21612.3,21645.65,21589.45,21638.2,0.0
2024-01-23 09:00:00,21716.7,21749.25,21670.05,21674.0,0.0
2024-01-23 10:00:00,21674.4,21679.95,21520.3,21562.15,0.0
2024-01-23 11:00:00,21560.55,21571.15,21436.05,21443.7,0.0
2024-01-23 12:00:00,21443.1,21445.75,21357.3,21365.3,0.0
2024-01-23 13:00:00,21363.85,21379.2,21302.5,21314.9,0.0
2024-01-23 14:00:00,21315.7,21337.4,21212.65,21221.65,0.0
2024-01-23 15:00:00,21221.15,21271.25,21193.0,21243.05,0.0
2024-01-24 09:00:00,21185.25,21375.5,21137.95,21372.95,0.0
2024-01-24 10:00:00,21372.8,21408.4,21312.9,21369.2,0.0
2024-01-24 11:00:00,21368.85,21394.9,21233.2,21285.45,0.0
2024-01-24 12:00:00,21284.15,21298.55,21213.65,21297.3,0.0
2024-01-24 13:00:00,21296.7,21337.15,21281.15,21301.3,0.0
2024-01-24 14:00:00,21301.35,21438.95,21301.35,21436.0,0.0
2024-01-24 15:00:00,21435.75,21481.9,21404.1,21460.7,0.0
2024-01-25 09:00:00,21454.6,21456.9,21355.75,21373.65,0.0
2024-01-25 10:00:00,21373.85,21387.9,21255.0,21258.1,0.0
2024-01-25 11:00:00,21258.4,21376.6,21248.15,21303.4,0.0
2024-01-25 12:00:00,21303.6,21314.35,21257.7,21258.15,0.0
2024-01-25 13:00:00,21260.9,21312.1,21254.0,21297.05,0.0
2024-01-25 14:00:00,21295.95,21310.25,21249.45,21265.85,0.0
2024-01-25 15:00:00,21266.4,21401.75,21266.4,21370.75,0.0
2024-01-29 09:00:00,21433.1,21582.5,21433.1,21580.6,0.0
2024-01-29 10:00:00,21581.1,21631.45,21555.85,21628.15,0.0
2024-01-29 11:00:00,21628.4,21660.5,21587.1,21654.35,0.0
2024-01-29 12:00:00,21653.5,21700.9,21649.85,21700.15,0.0
2024-01-29 13:00:00,21701.3,21733.85,21672.85,21728.3,0.0
2024-01-29 14:00:00,21729.7,21745.2,21687.15,21702.1,0.0
2024-01-29 15:00:00,21701.0,21762.8,21696.65,21744.8,0.0
2024-01-30 09:00:00,21775.75,21811.0,21689.85,21741.05,0.0
2024-01-30 10:00:00,21741.55,21772.95,21683.05,21705.45,0.0
2024-01-30 11:00:00,21705.3,21733.65,21656.2,21731.25,0.0
2024-01-30 12:00:00,21731.4,21731.45,21668.05,21699.6,0.0
2024-01-30 13:00:00,21699.5,21701.65,21643.6,21658.9,0.0
2024-01-30 14:00:00,21658.45,21671.05,21540.95,21548.05,0.0
2024-01-30 15:00:00,21547.9,21568.1,21502.3,21530.55,0.0
2024-01-31 09:00:00,21487.25,21588.25,21449.65,21556.05,0.0
2024-01-31 10:00:00,21555.85,21650.55,21531.2,21649.35,0.0
2024-01-31 11:00:00,21649.35,21724.4,21639.6,21716.8,0.0
2024-01-31 12:00:00,21717.25,21738.8,21651.55,21667.4,0.0
2024-01-31 13:00:00,21666.75,21711.3,21657.35,21685.85,0.0
2024-01-31 14:00:00,21684.7,21705.3,21660.85,21685.05,0.0
2024-01-31 15:00:00,21686.2,21739.35,21686.0,21708.3,0.0
2024-02-01 09:00:00,21780.65,21780.65,21697.15,21756.9,0.0
2024-02-01 10:00:00,21757.4,21802.75,21724.25,21797.1,0.0
2024-02-01 11:00:00,21796.9,21832.7,21668.9,21729.2,0.0
2024-02-01 12:00:00,21732.55,21766.05,21659.8,21740.75,0.0
2024-02-01 13:00:00,21740.85,21747.0,21678.35,21709.85,0.0
2024-02-01 14:00:00,21709.85,21737.0,21695.55,21722.05,0.0
2024-02-01 15:00:00,21720.9,21721.4,21674.3,21690.3,0.0
2024-02-02 09:00:00,21812.75,21961.6,21812.75,21924.7,0.0
2024-02-02 10:00:00,21925.15,21946.1,21915.95,21939.0,0.0
2024-02-02 11:00:00,21939.2,22125.85,21935.0,22080.55,0.0
2024-02-02 12:00:00,22081.55,22094.15,21841.9,21889.35,0.0
2024-02-02 13:00:00,21888.05,21904.35,21805.95,21873.0,0.0
2024-02-02 14:00:00,21872.6,21906.95,21826.4,21851.35,0.0
2024-02-02 15:00:00,21851.9,21885.4,21837.85,21855.45,0.0
2024-02-05 09:00:00,21921.05,21963.4,21835.25,21947.9,0.0
2024-02-05 10:00:00,21947.05,21963.1,21852.0,21909.95,0.0
2024-02-05 11:00:00,21909.15,21943.35,21896.7,21931.3,0.0
2024-02-05 12:00:00,21930.15,21941.0,21897.7,21931.55,0.0
2024-02-05 13:00:00,21931.65,21952.5,21902.8,21941.65,0.0
2024-02-05 14:00:00,21940.8,21944.2,21730.15,21736.1,0.0
2024-02-05 15:00:00,21731.35,21815.95,21727.5,21761.3,0.0
2024-02-06 09:00:00,21825.2,21869.65,21738.5,21857.5,0.0
2024-02-06 10:00:00,21857.05,21876.85,21776.0,21845.6,0.0
2024-02-06 11:00:00,21846.25,21899.45,21834.6,21898.25,0.0
2024-02-06 12:00:00,21898.25,21916.55,21868.7,21876.1,0.0
2024-02-06 13:00:00,21876.85,21931.5,21876.05,21917.4,0.0
2024-02-06 14:00:00,21918.75,21950.75,21897.05,21912.65,0.0
2024-02-06 15:00:00,21914.2,21947.55,21914.2,21938.8,0.0
2024-02-07 09:00:00,22045.05,22051.1,21964.25,22008.85,0.0
2024-02-07 10:00:00,22009.5,22021.05,21943.45,21971.75,0.0
2024-02-07 11:00:00,21972.7,21975.8,21860.85,21875.0,0.0
2024-02-07 12:00:00,21875.1,21927.2,21869.0,21901.35,0.0
2024-02-07 13:00:00,21901.15,21948.6,21889.3,21937.45,0.0
2024-02-07 14:00:00,21937.35,21983.55,21912.15,21915.95,0.0
2024-02-07 15:00:00,21915.85,21954.6,21915.85,21949.8,0.0
2024-02-08 09:00:00,22009.65,22009.95,21950.7,21965.35,0.0
2024-02-08 10:00:00,21964.75,21998.35,21830.05,21830.05,0.0
2024-02-08 11:00:00,21830.65,21834.85,21710.15,21790.5,0.0
2024-02-08 12:00:00,21790.85,21811.3,21765.1,21806.1,0.0
2024-02-08 13:00:00,21806.05,21820.2,21759.35,21771.2,0.0
2024-02-08 14:00:00,21771.45,21773.4,21666.0,21670.95,0.0
2024-02-08 15:00:00,21673.2,21760.75,21672.1,21759.7,0.0
2024-02-09 09:00:00,21727.0,21780.0,21665.75,21680.15,0.0
2024-02-09 10:00:00,21678.25,21750.7,21649.05,21673.5,0.0
2024-02-09 11:00:00,21673.75,21732.6,21631.35,21725.35,0.0
2024-02-09 12:00:00,21725.55,21768.55,21719.85,21751.5,0.0
2024-02-09 13:00:00,21752.1,21755.3,21710.05,21742.0,0.0
2024-02-09 14:00:00,21743.85,21785.2,21738.0,21762.6,0.0
2024-02-09 15:00:00,21762.3,21803.15,21755.2,21786.0,0.0
2024-02-12 09:00:00,21800.8,21830.55,21719.35,21722.9,0.0
2024-02-12 10:00:00,21723.7,21727.75,21629.55,21693.2,0.0
2024-02-12 11:00:00,21693.2,21728.25,21673.0,21686.2,0.0
2024-02-12 12:00:00,21686.9,21688.75,21610.15,21627.95,0.0
2024-02-12 13:00:00,21628.0,21660.75,21575.2,21635.45,0.0
2024-02-12 14:00:00,21635.15,21697.0,21603.75,21603.85,0.0
2024-02-12 15:00:00,21604.95,21657.35,21585.0,21612.6,0.0
2024-02-13 09:00:00,21664.3,21678.9,21544.4,21676.75,0.0
2024-02-13 10:00:00,21676.75,21746.7,21658.55,21728.15,0.0
2024-02-13 11:00:00,21728.65,21766.45,21695.95,21723.8,0.0
2024-02-13 12:00:00,21723.55,21726.6,21622.8,21687.45,0.0
2024-02-13 13:00:00,21689.15,21745.8,21680.2,21735.3,0.0
2024-02-13 14:00:00,21735.75,21764.15,21705.4,21733.25,0.0
2024-02-13 15:00:00,21733.85,21761.55,21717.75,21728.0,0.0
2024-02-14 09:00:00,21578.15,21609.1,21530.9,21600.1,0.0
2024-02-14 10:00:00,21599.75,21650.2,21570.6,21635.1,0.0
2024-02-14 11:00:00,21634.65,21640.65,21578.15,21613.95,0.0
2024-02-14 12:00:00,21613.85,21681.55,21600.45,21678.7,0.0
2024-02-14 13:00:00,21678.45,21705.75,21634.7,21659.4,0.0
2024-02-14 14:00:00,21658.9,21843.75,21658.75,21838.95,0.0
2024-02-14 15:00:00,21838.05,21870.2,21794.75,21848.7,0.0
2024-02-15 09:00:00,21906.55,21915.7,21798.7,21808.35,0.0
2024-02-15 10:00:00,21808.35,21902.35,21796.1,21847.65,0.0
2024-02-15 11:00:00,21848.65,21881.4,21840.55,21861.35,0.0
2024-02-15 12:00:00,21860.65,21874.75,21823.85,21858.1,0.0
2024-02-15 13:00:00,21858.75,21952.8,21838.65,21952.8,0.0
2024-02-15 14:00:00,21951.4,21952.25,21874.6,21910.7,0.0
2024-02-15 15:00:00,21909.95,21931.15,21887.75,21927.05,0.0
2024-02-16 09:00:00,22020.3,22020.65,21969.55,22006.15,0.0
2024-02-16 10:00:00,22006.1,22044.6,22004.35,22034.1,0.0
2024-02-16 11:00:00,22033.75,22045.6,22006.65,22041.75,0.0
2024-02-16 12:00:00,22042.4,22062.6,22022.75,22060.55,0.0
2024-02-16 13:00:00,22060.65,22067.25,22027.1,22055.75,0.0
2024-02-16 14:00:00,22053.8,22065.95,22023.25,22044.9,0.0
2024-02-16 15:00:00,22044.5,22067.5,22018.9,22035.7,0.0
2024-02-19 09:00:00,22103.45,22104.1,22021.7,22025.35,0.0
2024-02-19 10:00:00,22024.85,22118.7,22024.85,22113.8,0.0
2024-02-19 11:00:00,22113.65,22157.35,22102.15,22148.55,0.0
2024-02-19 12:00:00,22148.9,22166.95,22131.45,22157.4,0.0
2024-02-19 13:00:00,22157.4,22171.65,22132.0,22161.85,0.0
2024-02-19 14:00:00,22161.55,22186.3,22124.1,22129.0,0.0
2024-02-19 15:00:00,22132.6,22156.15,22098.1,22116.95,0.0
2024-02-20 09:00:00,22099.2,22119.7,22046.65,22074.65,0.0
2024-02-20 10:00:00,22074.9,22136.1,22055.65,22096.05,0.0
2024-02-20 11:00:00,22096.25,22144.45,22087.3,22140.3,0.0
2024-02-20 12:00:00,22139.2,22177.4,22137.75,22151.05,0.0
2024-02-20 13:00:00,22150.5,22173.6,22122.15,22130.55,0.0
2024-02-20 14:00:00,22129.25,22159.85,22083.05,22137.7,0.0
2024-02-20 15:00:00,22137.35,22214.95,22137.35,22208.15,0.0
2024-02-21 09:00:00,22248.85,22248.85,22190.3,22241.5,0.0
2024-02-21 10:00:00,22242.05,22249.2,22161.55,22202.3,0.0
2024-02-21 11:00:00,22201.5,22222.25,22175.95,22212.75,0.0
2024-02-21 12:00:00,22213.55,22241.5,22198.05,22230.85,0.0
2024-02-21 13:00:00,22231.7,22237.0,22145.3,22151.6,0.0
2024-02-21 14:00:00,22151.25,22152.15,21998.0,22022.65,0.0
2024-02-21 15:00:00,22023.65,22098.05,22015.55,22028.75,0.0
2024-02-22 09:00:00,22081.55,22087.0,21947.65,21948.75,0.0
2024-02-22 10:00:00,21947.85,21948.2,21875.25,21898.9,0.0
2024-02-22 11:00:00,21898.6,21967.5,21890.75,21962.25,0.0
2024-02-22 12:00:00,21960.9,21981.8,21940.3,21959.8,0.0
2024-02-22 13:00:00,21958.4,22088.5,21943.45,22084.5,0.0
2024-02-22 14:00:00,22086.4,22184.95,22043.7,22180.0,0.0
2024-02-22 15:00:00,22181.35,22251.05,22171.9,22216.9,0.0
2024-02-23 09:00:00,22290.0,22297.45,22216.6,22253.75,0.0
2024-02-23 10:00:00,22254.85,22280.75,22206.75,22230.8,0.0
2024-02-23 11:00:00,22230.8,22261.1,22224.35,22234.2,0.0
2024-02-23 12:00:00,22233.85,22269.8,22223.3,22258.85,0.0
2024-02-23 13:00:00,22258.3,22262.9,22201.55,22236.4,0.0
2024-02-23 14:00:00,22237.5,22251.3,22206.8,22242.65,0.0
2024-02-23 15:00:00,22241.6,22242.85,22187.55,22194.25,0.0
2024-02-26 09:00:00,22169.2,22201.25,22114.1,22114.1,0.0
2024-02-26 10:00:00,22113.7,22153.05,22108.4,22109.4,0.0
2024-02-26 11:00:00,22108.8,22138.7,22083.85,22101.0,0.0
2024-02-26 12:00:00,22101.05,22126.1,22075.7,22124.55,0.0
2024-02-26 13:00:00,22124.4,22166.05,22115.1,22158.75,0.0
2024-02-26 14:00:00,22158.55,22173.85,22114.3,22118.3,0.0
2024-02-26 15:00:00,22120.6,22147.65,22109.8,22117.15,0.0
2024-02-27 09:00:00,22090.2,22151.4,22086.45,22140.45,0.0
2024-02-27 10:00:00,22139.5,22148.95,22102.5,22147.15,0.0
2024-02-27 11:00:00,22147.0,22169.85,22125.15,22136.0,0.0
2024-02-27 12:00:00,22136.65,22207.6,22109.0,22203.65,0.0
2024-02-27 13:00:00,22204.9,22217.35,22132.4,22145.1,0.0
2024-02-27 14:00:00,22144.2,22193.05,22134.55,22188.85,0.0
2024-02-27 15:00:00,22189.9,22216.6,22178.35,22194.2,0.0
2024-02-28 09:00:00,22214.1,22221.3,22175.8,22175.8,0.0
2024-02-28 10:00:00,22175.3,22228.45,22064.25,22064.25,0.0
2024-02-28 11:00:00,22063.85,22088.45,22002.1,22038.1,0.0
2024-02-28 12:00:00,22037.6,22054.65,21977.45,21979.05,0.0
2024-02-28 13:00:00,21980.15,22033.7,21939.7,22024.7,0.0
2024-02-28 14:00:00,22024.8,22050.25,21966.25,21976.35,0.0
2024-02-28 15:00:00,21974.75,22004.75,21918.9,21926.25,0.0
2024-02-29 09:00:00,21935.2,22022.25,21888.0,22015.25,0.0
2024-02-29 10:00:00,22015.05,22018.5,21861.35,21882.35,0.0
2024-02-29 11:00:00,21882.3,21996.6,21882.3,21956.7,0.0
2024-02-29 12:00:00,21955.5,21976.75,21897.15,21948.65,0.0
2024-02-29 13:00:00,21947.7,21988.75,21936.35,21973.85,0.0
2024-02-29 14:00:00,21972.35,22004.25,21900.5,21937.65,0.0
2024-02-29 15:00:00,21939.3,22059.8,21911.9,22042.05,0.0
2024-03-01 09:00:00,22048.3,22181.25,22048.3,22176.5,0.0
2024-03-01 10:00:00,22177.8,22210.15,22165.7,22172.45,0.0
2024-03-01 11:00:00,22172.75,22304.0,22172.75,22283.95,0.0
2024-03-01 12:00:00,22284.4,22312.15,22268.2,22299.4,0.0
2024-03-01 13:00:00,22300.1,22325.5,22281.4,22319.6,0.0
2024-03-01 14:00:00,22319.7,22346.05,22311.25,22340.8,0.0
2024-03-01 15:00:00,22340.05,22352.95,22319.65,22326.05,0.0
2024-03-04 09:00:00,22403.5,22440.9,22358.9,22373.8,0.0
2024-03-04 10:00:00,22372.2,22432.9,22367.15,22376.65,0.0
2024-03-04 11:00:00,22376.25,22423.9,22373.4,22397.1,0.0
2024-03-04 12:00:00,22397.7,22426.6,22372.75,22400.5,0.0
2024-03-04 13:00:00,22400.7,22414.8,22389.95,22396.65,0.0
2024-03-04 14:00:00,22396.95,22434.25,22384.25,22408.9,0.0
2024-03-04 15:00:00,22408.15,22427.25,22383.5,22397.65,0.0
2024-03-05 09:00:00,22371.25,22390.85,22321.65,22347.15,0.0
2024-03-05 10:00:00,22347.05,22347.05,22278.8,22314.95,0.0
2024-03-05 11:00:00,22314.4,22346.35,22269.95,22339.7,0.0
2024-03-05 12:00:00,22339.9,22402.95,22311.55,22402.7,0.0
2024-03-05 13:00:00,22403.1,22415.6,22340.0,22369.35,0.0
2024-03-05 14:00:00,22368.95,22384.05,22346.3,22370.1,0.0
2024-03-05 15:00:00,22369.7,22376.8,22340.6,22358.5,0.0
2024-03-06 09:00:00,22327.5,22367.8,22281.0,22282.25,0.0
2024-03-06 10:00:00,22281.75,22352.8,22251.65,22281.4,0.0
2024-03-06 11:00:00,22280.9,22310.75,22226.75,22249.75,0.0
2024-03-06 12:00:00,22249.8,22301.25,22225.65,22274.35,0.0
2024-03-06 13:00:00,22272.9,22387.55,22262.65,22381.15,0.0
2024-03-06 14:00:00,22382.2,22473.25,22372.5,22434.6,0.0
2024-03-06 15:00:00,22433.9,22493.0,22433.9,22480.05,0.0
2024-03-07 09:00:00,22505.3,22514.85,22450.7,22471.85,0.0
2024-03-07 10:00:00,22472.25,22502.6,22431.1,22459.75,0.0
2024-03-07 11:00:00,22460.0,22521.3,22450.85,22490.2,0.0
2024-03-07 12:00:00,22490.3,22504.1,22472.6,22500.85,0.0
2024-03-07 13:00:00,22501.55,22524.0,22491.3,22513.1,0.0
2024-03-07 14:00:00,22514.35,22522.05,22482.85,22500.85,0.0
2024-03-07 15:00:00,22500.7,22517.2,22464.5,22483.5,0.0
2024-03-11 09:00:00,22517.5,22517.5,22459.2,22465.45,0.0
2024-03-11 10:00:00,22464.95,22468.55,22411.85,22446.3,0.0
2024-03-11 11:00:00,22445.35,22445.9,22384.9,22405.6,0.0
2024-03-11 12:00:00,22404.35,22423.1,22367.65,22410.05,0.0
2024-03-11 13:00:00,22410.3,22426.05,22385.85,22405.75,0.0
2024-03-11 14:00:00,22404.55,22408.0,22343.3,22398.85,0.0
2024-03-11 15:00:00,22399.25,22408.65,22308.25,22319.85,0.0
2024-03-12 09:00:00,22334.45,22434.55,22315.5,22424.8,0.0
2024-03-12 10:00:00,22424.7,22451.25,22256.75,22335.25,0.0
2024-03-12 11:00:00,22335.0,22378.55,22321.25,22325.75,0.0
2024-03-12 12:00:00,22324.7,22392.4,22313.8,22347.65,0.0
2024-03-12 13:00:00,22348.3,22402.1,22335.0,22379.15,0.0
2024-03-12 14:00:00,22377.85,22398.1,22305.6,22319.6,0.0
2024-03-12 15:00:00,22319.05,22363.2,22319.05,22332.7,0.0
2024-03-13 09:00:00,22446.75,22446.75,22274.15,22297.1,0.0
2024-03-13 10:00:00,22296.45,22344.15,22261.45,22272.5,0.0
2024-03-13 11:00:00,22274.2,22276.5,22092.8,22122.15,0.0
2024-03-13 12:00:00,22121.1,22138.55,22041.5,22124.1,0.0
2024-03-13 13:00:00,22122.45,22126.1,22017.65,22052.85,0.0
2024-03-13 14:00:00,22052.7,22060.55,21905.75,21954.45,0.0
2024-03-13 15:00:00,21953.85,22049.05,21953.85,21981.05,0.0
2024-03-14 09:00:00,21982.55,22038.55,21920.05,22019.85,0.0
2024-03-14 10:00:00,22021.1,22093.5,21988.4,22085.5,0.0
2024-03-14 11:00:00,22085.15,22178.65,22064.7,22173.6,0.0
2024-03-14 12:00:00,22173.35,22204.15,22128.0,22157.75,0.0
2024-03-14 13:00:00,22159.4,22178.55,22091.7,22106.15,0.0
2024-03-14 14:00:00,22106.0,22142.55,22080.45,22126.85,0.0
2024-03-14 15:00:00,22125.3,22163.7,22125.3,22153.05,0.0
2024-03-15 09:00:00,22064.85,22120.55,21984.55,21988.45,0.0
2024-03-15 10:00:00,21987.7,22024.05,21957.35,21976.0,0.0
2024-03-15 11:00:00,21975.15,21989.05,21934.95,21947.65,0.0
2024-03-15 12:00:00,21948.4,21989.15,21931.9,21985.15,0.0
2024-03-15 13:00:00,21986.25,22040.5,21972.8,22007.2,0.0
2024-03-15 14:00:00,22006.65,22048.15,21978.35,22048.15,0.0
2024-03-15 15:00:00,22047.65,22052.85,21985.4,21996.35,0.0
2024-03-18 09:00:00,21990.1,22044.9,21937.15,22013.7,0.0
2024-03-18 10:00:00,22013.5,22040.25,21954.5,22002.45,0.0
2024-03-18 11:00:00,22002.1,22013.3,21918.25,21986.45,0.0
2024-03-18 12:00:00,21986.7,22093.0,21982.05,22058.7,0.0
2024-03-18 13:00:00,22059.0,22081.85,22046.35,22077.1,0.0
2024-03-18 14:00:00,22078.35,22123.5,22058.05,22087.4,0.0
2024-03-18 15:00:00,22089.7,22092.35,22036.3,22051.5,0.0
2024-03-19 09:00:00,21946.45,21976.7,21898.5,21901.85,0.0
2024-03-19 10:00:00,21902.65,21902.65,21835.05,21862.4,0.0
2024-03-19 11:00:00,21862.5,21882.35,21809.0,21830.3,0.0
2024-03-19 12:00:00,21830.15,21866.2,21817.7,21857.85,0.0
2024-03-19 13:00:00,21857.55,21872.45,21841.05,21849.65,0.0
2024-03-19 14:00:00,21850.25,21853.6,21794.4,21840.2,0.0
2024-03-19 15:00:00,21840.55,21842.6,21799.85,21810.35,0.0
2024-03-20 09:00:00,21843.9,21891.35,21821.0,21822.9,0.0
2024-03-20 10:00:00,21822.55,21830.4,21710.35,21785.35,0.0
2024-03-20 11:00:00,21787.75,21863.1,21760.2,21846.2,0.0
2024-03-20 12:00:00,21848.35,21887.25,21823.15,21865.85,0.0
2024-03-20 13:00:00,21868.85,21930.5,21855.7,21858.8,0.0
2024-03-20 14:00:00,21859.25,21879.3,21818.95,21839.2,0.0
2024-03-20 15:00:00,21843.05,21858.45,21813.95,21855.1,0.0
2024-03-21 09:00:00,21989.9,22025.2,21978.7,22005.5,0.0
2024-03-21 10:00:00,22006.8,22078.95,22003.55,22058.15,0.0
2024-03-21 11:00:00,22058.1,22080.8,22002.6,22011.2,0.0
2024-03-21 12:00:00,22010.95,22011.3,21941.95,22001.0,0.0
2024-03-21 13:00:00,22000.6,22030.45,21987.3,22001.7,0.0
2024-03-21 14:00:00,22000.55,22036.95,21990.0,21999.85,0.0
2024-03-21 15:00:00,21999.45,22038.25,21982.6,22014.6,0.0
2024-03-22 09:00:00,21932.2,21991.2,21884.15,21990.8,0.0
2024-03-22 10:00:00,21990.7,22071.05,21987.15,22037.7,0.0
2024-03-22 11:00:00,22037.35,22102.55,22035.5,22099.15,0.0
2024-03-22 12:00:00,22096.25,22103.55,22060.45,22096.5,0.0
2024-03-22 13:00:00,22097.05,22118.25,22078.3,22093.35,0.0
2024-03-22 14:00:00,22092.05,22179.0,22088.5,22131.25,0.0
2024-03-22 15:00:00,22130.05,22135.75,22063.8,22080.8,0.0
2024-03-26 09:00:00,21947.9,22072.65,21947.9,22040.05,0.0
2024-03-26 10:00:00,22040.45,22064.8,22001.55,22032.3,0.0
2024-03-26 11:00:00,22032.35,22062.2,22025.85,22051.5,0.0
2024-03-26 12:00:00,22050.65,22071.65,22023.7,22067.15,0.0
2024-03-26 13:00:00,22067.35,22072.55,22029.05,22049.85,0.0
2024-03-26 14:00:00,22049.75,22057.85,21992.3,22005.0,0.0
2024-03-26 15:00:00,22004.6,22030.2,21993.8,22019.8,0.0
2024-03-27 09:00:00,22053.95,22135.15,22053.95,22133.25,0.0
2024-03-27 10:00:00,22133.1,22162.1,22133.0,22149.1,0.0
2024-03-27 11:00:00,22147.95,22182.8,22142.5,22172.45,0.0
2024-03-27 12:00:00,22172.35,22178.15,22152.5,22169.3,0.0
2024-03-27 13:00:00,22168.0,22193.15,22148.0,22177.35,0.0
2024-03-27 14:00:00,22177.3,22191.4,22152.0,22154.4,0.0
2024-03-27 15:00:00,22153.75,22159.35,22093.3,22147.2,0.0
2024-03-28 09:00:00,22163.6,22316.2,22163.6,22299.5,0.0
2024-03-28 10:00:00,22300.6,22367.85,22278.5,22346.45,0.0
2024-03-28 11:00:00,22346.25,22373.0,22321.05,22330.75,0.0
2024-03-28 12:00:00,22332.85,22434.2,22325.65,22403.8,0.0
2024-03-28 13:00:00,22405.15,22442.0,22397.85,22432.75,0.0
2024-03-28 14:00:00,22433.3,22513.2,22416.05,22419.95,0.0
2024-03-28 15:00:00,22420.3,22420.3,22264.65,22343.1,0.0
2024-04-01 09:00:00,22455.0,22529.1,22455.0,22520.05,0.0
2024-04-01 10:00:00,22519.6,22524.4,22467.45,22477.05,0.0
2024-04-01 11:00:00,22475.45,22491.5,22453.3,22481.55,0.0
2024-04-01 12:00:00,22482.35,22489.05,22449.85,22461.65,0.0
2024-04-01 13:00:00,22462.2,22472.3,22427.85,22460.2,0.0
2024-04-01 14:00:00,22460.15,22473.3,22433.5,22457.1,0.0
2024-04-01 15:00:00,22458.35,22477.7,22447.65,22469.05,0.0
2024-04-02 09:00:00,22458.8,22496.9,22415.9,22429.9,0.0
2024-04-02 10:00:00,22429.85,22455.4,22400.5,22400.75,0.0
2024-04-02 11:00:00,22400.85,22445.15,22389.15,22417.15,0.0
2024-04-02 12:00:00,22417.5,22432.15,22414.4,22421.15,0.0
2024-04-02 13:00:00,22421.05,22424.75,22393.05,22405.1,0.0
2024-04-02 14:00:00,22404.95,22436.95,22400.6,22433.25,0.0
2024-04-02 15:00:00,22432.35,22470.3,22431.95,22464.3,0.0
2024-04-03 09:00:00,22385.7,22398.05,22347.8,22392.9,0.0
2024-04-03 10:00:00,22392.8,22466.05,22384.4,22444.65,0.0
2024-04-03 11:00:00,22444.9,22469.85,22440.1,22453.5,0.0
2024-04-03 12:00:00,22454.4,22520.9,22451.15,22502.75,0.0
2024-04-03 13:00:00,22502.65,22508.75,22472.45,22474.15,0.0
2024-04-03 14:00:00,22474.0,22500.75,22434.45,22445.5,0.0
2024-04-03 15:00:00,22446.5,22459.0,22423.45,22445.55,0.0
2024-04-04 09:00:00,22592.1,22619.0,22384.35,22401.3,0.0
2024-04-04 10:00:00,22401.8,22450.3,22307.45,22362.95,0.0
2024-04-04 11:00:00,22363.25,22429.05,22338.25,22389.0,0.0
2024-04-04 12:00:00,22388.9,22491.35,22376.5,22468.85,0.0
2024-04-04 13:00:00,22469.5,22580.2,22456.1,22516.85,0.0
2024-04-04 14:00:00,22515.85,22568.1,22513.75,22514.7,0.0
2024-04-04 15:00:00,22519.55,22553.95,22486.7,22541.2,0.0
2024-04-05 09:00:00,22486.4,22502.45,22429.0,22487.25,0.0
2024-04-05 10:00:00,22487.65,22507.0,22451.6,22506.4,0.0
2024-04-05 11:00:00,22506.35,22516.85,22473.05,22500.9,0.0
2024-04-05 12:00:00,22500.35,22511.85,22486.75,22494.35,0.0
2024-04-05 13:00:00,22494.95,22510.95,22475.7,22508.35,0.0
2024-04-05 14:00:00,22508.95,22528.35,22487.25,22505.0,0.0
2024-04-05 15:00:00,22506.5,22536.6,22489.45,22523.4,0.0
2024-04-08 09:00:00,22580.25,22623.85,22550.35,22591.65,0.0
2024-04-08 10:00:00,22591.55,22634.05,22586.6,22629.3,0.0
2024-04-08 11:00:00,22629.75,22651.95,22618.0,22646.25,0.0
2024-04-08 12:00:00,22646.35,22683.9,22641.55,22681.1,0.0
2024-04-08 13:00:00,22681.0,22696.95,22634.15,22655.85,0.0
2024-04-08 14:00:00,22655.8,22688.25,22642.15,22675.05,0.0
2024-04-08 15:00:00,22675.4,22678.8,22655.45,22661.0,0.0
2024-04-09 09:00:00,22760.0,22760.0,22675.45,22740.3,0.0
2024-04-09 10:00:00,22738.85,22768.35,22733.5,22746.95,0.0
2024-04-09 11:00:00,22746.45,22757.5,22727.1,22746.25,0.0
2024-04-09 12:00:00,22745.75,22750.0,22669.1,22698.1,0.0
2024-04-09 13:00:00,22698.2,22700.0,22641.1,22652.7,0.0
2024-04-09 14:00:00,22652.3,22671.9,22613.15,22651.4,0.0
2024-04-09 15:00:00,22651.3,22652.7,22633.9,22642.05,0.0
2024-04-10 09:00:00,22721.25,22727.1,22679.45,22701.65,0.0
2024-04-10 10:00:00,22701.85,22715.25,22680.35,22702.7,0.0
2024-04-10 11:00:00,22702.75,22720.05,22674.55,22691.9,0.0
2024-04-10 12:00:00,22691.7,22708.45,22690.75,22698.65,0.0
2024-04-10 13:00:00,22697.95,22744.75,22694.55,22737.75,0.0
2024-04-10 14:00:00,22737.75,22751.9,22718.3,22744.15,0.0
2024-04-10 15:00:00,22742.8,22775.7,22730.6,22735.05,0.0
2024-04-12 09:00:00,22677.4,22726.44921875,22624.849609375,22650.7,0.0
2024-04-12 10:00:00,22650.8,22666.75,22626.5,22659.4,0.0
2024-04-12 11:00:00,22659.4,22698.2,22651.1,22690.4,0.0
2024-04-12 12:00:00,22690.75,22697.15,22553.55078125,22588.0,0.0
2024-04-12 13:00:00,22588.85,22596.2,22544.19921875,22580.55,0.0
2024-04-12 14:00:00,22579.9,22582.4,22519.0,22545.8,0.0
2024-04-12 15:00:00,22545.85,22549.05,22503.75,22519.4,0.0
2024-04-15 09:00:00,22356.7,22373.55078125,22263.55078125,22343.85,0.0
2024-04-15 10:00:00,22343.55,22427.44921875,22334.0,22424.55,0.0
2024-04-15 11:00:00,22425.95,22426.45,22355.9,22383.55,0.0
2024-04-15 12:00:00,22383.55,22404.05,22350.55,22352.7,0.0
2024-04-15 13:00:00,22352.95,22356.6,22320.9,22344.25,0.0
2024-04-15 14:00:00,22343.7,22353.8,22289.25,22304.7,0.0
2024-04-15 15:00:00,22304.75,22308.95,22259.55078125,22277.45,0.0
2024-04-16 09:00:00,22125.3,22209.75,22103.849609375,22198.55,0.0
2024-04-16 10:00:00,22198.1,22213.75,22156.7,22198.95,0.0
2024-04-16 11:00:00,22198.7,22209.05,22165.9,22166.15,0.0
2024-04-16 12:00:00,22165.85,22173.2,22113.75,22132.0,0.0
2024-04-16 13:00:00,22131.45,22134.55,22079.44921875,22129.35,0.0
2024-04-16 14:00:00,22129.45,22154.3,22108.7,22123.25,0.0
2024-04-16 15:00:00,22122.7,22180.05,22116.6,22177.45,0.0
2024-04-18 09:00:00,22212.35,22270.650390625,22172.19921875,22207.25,0.0
2024-04-18 10:00:00,22207.65,22223.1,22153.80078125,22193.6,0.0
2024-04-18 11:00:00,22193.8,22304.25,22190.75,22303.05,0.0
2024-04-18 12:00:00,22304.0,22326.5,22283.75,22298.7,0.0
2024-04-18 13:00:00,22298.85,22305.4,22080.94921875,22140.65,0.0
2024-04-18 14:00:00,22139.4,22171.3,22007.599609375,22023.85,0.0
2024-04-18 15:00:00,22023.2,22047.85,21961.69921875,22045.75,0.0
2024-04-19 09:00:00,21861.5,21882.650390625,21777.650390625,21869.75,0.0
2024-04-19 10:00:00,21872.65,21902.80078125,21850.2,21858.2,0.0
2024-04-19 11:00:00,21859.45,21937.150390625,21851.15,21915.35,0.0
2024-04-19 12:00:00,21914.9,22052.099609375,21898.25,22044.05,0.0
2024-04-19 13:00:00,22043.55,22142.69921875,22009.65,22142.05,0.0
2024-04-19 14:00:00,22141.25,22178.5,22100.6,22145.4,0.0
2024-04-19 15:00:00,22145.05,22179.55078125,22125.6,22149.7,0.0
2024-04-22 09:00:00,22336.9,22337.099609375,22198.150390625,22227.25,0.0
2024-04-22 10:00:00,22226.6,22280.8,22219.7,22279.05,0.0
2024-04-22 11:00:00,22278.75,22312.1,22269.85,22307.4,0.0
2024-04-22 12:00:00,22306.35,22308.65,22271.85,22273.8,0.0
2024-04-22 13:00:00,22274.1,22300.4,22257.5,22290.0,0.0
2024-04-22 14:00:00,22290.3,22326.95,22272.9,22308.2,0.0
2024-04-22 15:00:00,22309.3,22375.650390625,22308.8,22370.5,0.0
2024-04-23 09:00:00,22447.05,22447.55078125,22368.44921875,22392.25,0.0
2024-04-23 10:00:00,22392.25,22419.4,22355.849609375,22381.6,0.0
2024-04-23 11:00:00,22381.5,22403.15,22362.85,22402.9,0.0
2024-04-23 12:00:00,22402.2,22423.6,22393.1,22406.8,0.0
2024-04-23 13:00:00,22406.45,22407.35,22358.4,22388.9,0.0
2024-04-23 14:00:00,22388.9,22412.6,22377.6,22411.45,0.0
2024-04-23 15:00:00,22411.85,22411.85,22349.44921875,22361.0,0.0
2024-04-24 09:00:00,22421.55,22444.599609375,22399.849609375,22435.0,0.0
2024-04-24 10:00:00,22435.2,22476.44921875,22434.3,22466.0,0.0
2024-04-24 11:00:00,22466.55,22468.7,22438.3,22456.1,0.0
2024-04-24 12:00:00,22455.85,22464.9,22443.8,22445.0,0.0
2024-04-24 13:00:00,22445.0,22458.95,22432.95,22446.8,0.0
2024-04-24 14:00:00,22446.1,22453.15,22385.900390625,22412.35,0.0
2024-04-24 15:00:00,22412.55,22414.95,22384.0,22412.2,0.0
2024-04-25 09:00:00,22316.9,22412.30078125,22305.25,22401.35,0.0
2024-04-25 10:00:00,22400.85,22475.55078125,22339.75,22365.1,0.0
2024-04-25 11:00:00,22362.15,22444.4,22359.4,22401.05,0.0
2024-04-25 12:00:00,22401.7,22439.5,22380.4,22423.3,0.0
2024-04-25 13:00:00,22422.25,22528.25,22414.2,22497.3,0.0
2024-04-25 14:00:00,22496.0,22625.94921875,22492.8,22596.6,0.0
2024-04-25 15:00:00,22597.15,22597.15,22549.4,22559.25,0.0
2024-04-26 09:00:00,22620.4,22620.4,22564.30078125,22584.05,0.0
2024-04-26 10:00:00,22583.35,22585.4,22507.5,22550.0,0.0
2024-04-26 11:00:00,22550.8,22554.45,22511.05,22524.05,0.0
2024-04-26 12:00:00,22523.75,22536.6,22490.75,22500.5,0.0
2024-04-26 13:00:00,22500.4,22516.1,22419.900390625,22432.0,0.0
2024-04-26 14:00:00,22432.55,22464.3,22421.35,22442.1,0.0
2024-04-26 15:00:00,22441.1,22461.6,22385.55078125,22450.2,0.0
2024-04-29 09:00:00,22475.55,22532.5,22441.900390625,22454.0,0.0
2024-04-29 10:00:00,22454.45,22546.94921875,22443.15,22528.5,0.0
2024-04-29 11:00:00,22528.5,22557.30078125,22519.7,22554.3,0.0
2024-04-29 12:00:00,22553.7,22575.25,22546.7,22573.0,0.0
2024-04-29 13:00:00,22573.5,22622.25,22562.1,22620.7,0.0
2024-04-29 14:00:00,22620.0,22640.650390625,22599.55,22627.95,0.0
2024-04-29 15:00:00,22628.6,22655.80078125,22626.45,22633.15,0.0
2024-04-30 09:00:00,22679.65,22747.30078125,22661.80078125,22745.6,0.0
2024-04-30 10:00:00,22745.15,22769.099609375,22700.45,22745.2,0.0
2024-04-30 11:00:00,22744.25,22749.25,22709.75,22744.55,0.0
2024-04-30 12:00:00,22744.45,22756.1,22726.3,22737.8,0.0
2024-04-30 13:00:00,22737.65,22747.25,22706.55,22738.9,0.0
2024-04-30 14:00:00,22738.35,22783.349609375,22689.45,22693.95,0.0
2024-04-30 15:00:00,22692.05,22693.6,22568.400390625,22587.75,0.0
2024-05-02 09:00:00,22567.85,22674.349609375,22567.85,22644.0,0.0
2024-05-02 10:00:00,22643.65,22693.75,22639.55,22681.65,0.0
2024-05-02 11:00:00,22680.6,22706.900390625,22631.05,22682.35,0.0
2024-05-02 12:00:00,22681.65,22704.7,22662.6,22679.5,0.0
2024-05-02 13:00:00,22679.45,22710.5,22676.3,22692.8,0.0
2024-05-02 14:00:00,22694.55,22700.9,22640.95,22667.5,0.0
2024-05-02 15:00:00,22664.3,22681.55,22633.45,22656.75,0.0
2024-05-03 09:00:00,22766.35,22794.69921875,22754.0,22767.7,0.0
2024-05-03 10:00:00,22767.95,22772.3,22593.099609375,22605.7,0.0
2024-05-03 11:00:00,22604.6,22618.55,22454.80078125,22478.55,0.0
2024-05-03 12:00:00,22477.3,22548.35,22405.5,22413.55,0.0
2024-05-03 13:00:00,22411.65,22443.7,22348.05078125,22385.05,0.0
2024-05-03 14:00:00,22384.6,22458.7,22373.2,22454.55,0.0
2024-05-03 15:00:00,22454.6,22503.85,22444.65,22456.7,0.0
2024-05-06 09:00:00,22561.6,22588.80078125,22433.94921875,22456.65,0.0
2024-05-06 10:00:00,22455.75,22530.3,22433.30078125,22521.0,0.0
2024-05-06 11:00:00,22522.65,22542.7,22462.0,22519.75,0.0
2024-05-06 12:00:00,22519.35,22526.45,22448.3,22468.85,0.0
2024-05-06 13:00:00,22467.9,22476.85,22412.30078125,22443.8,0.0
2024-05-06 14:00:00,22443.1,22487.3,22409.44921875,22427.05,0.0
2024-05-06 15:00:00,22428.25,22463.2,22417.25,22458.0,0.0
2024-05-07 09:00:00,22489.75,22499.05078125,22411.5,22412.3,0.0
2024-05-07 10:00:00,22411.4,22413.55,22298.900390625,22344.0,0.0
2024-05-07 11:00:00,22343.8,22344.3,22232.05078125,22272.3,0.0
2024-05-07 12:00:00,22272.8,22306.2,22237.05,22260.4,0.0
2024-05-07 13:00:00,22260.75,22330.4,22237.3,22311.2,0.0
2024-05-07 14:00:00,22311.1,22328.8,22256.2,22292.1,0.0
2024-05-07 15:00:00,22293.9,22319.6,22281.35,22304.5,0.0
2024-05-08 09:00:00,22231.19921875,22282.650390625,22185.599609375,22244.1,0.0
2024-05-08 10:00:00,22245.0,22291.80078125,22185.19921875,22221.3,0.0
2024-05-08 11:00:00,22221.75,22326.30078125,22216.8,22307.8,0.0
2024-05-08 12:00:00,22308.25,22359.05078125,22292.95,22337.4,0.0
2024-05-08 13:00:00,22337.2,22368.650390625,22259.7,22298.45,0.0
2024-05-08 14:00:00,22298.8,22318.25,22244.35,22293.5,0.0
2024-05-08 15:00:00,22294.4,22317.55,22285.7,22306.75,0.0
2024-05-09 09:00:00,22224.80078125,22307.75,22213.150390625,22220.55,0.0
2024-05-09 10:00:00,22219.8,22237.15,22126.650390625,22156.05,0.0
2024-05-09 11:00:00,22156.35,22177.45,22122.05078125,22165.35,0.0
2024-05-09 12:00:00,22165.3,22186.15,22030.94921875,22046.6,0.0
2024-05-09 13:00:00,22046.3,22081.95,22021.05078125,22041.8,0.0
2024-05-09 14:00:00,22043.25,22076.9,21968.05078125,21991.9,0.0
2024-05-09 15:00:00,21991.9,21994.35,21932.400390625,21968.15,0.0
2024-05-10 09:00:00,21990.94921875,22114.25,21950.30078125,22108.75,0.0
2024-05-10 10:00:00,22108.25,22131.30078125,22012.95,22027.05,0.0
2024-05-10 11:00:00,22027.1,22093.75,22015.45,22029.2,0.0
2024-05-10 12:00:00,22028.6,22052.2,21991.7,21994.7,0.0
2024-05-10 13:00:00,21995.35,22062.4,21985.15,22059.95,0.0
2024-05-10 14:00:00,22059.7,22061.9,22009.15,22037.3,0.0
2024-05-10 15:00:00,22037.7,22072.4,22036.75,22054.0,0.0
2024-05-13 09:00:00,22027.94921875,22067.30078125,21851.599609375,21860.35,0.0
2024-05-13 10:00:00,21861.55,21889.75,21821.05078125,21873.25,0.0
2024-05-13 11:00:00,21873.55,21989.7,21861.2,21971.6,0.0
2024-05-13 12:00:00,21971.15,22041.0,21967.0,22019.7,0.0
2024-05-13 13:00:00,22019.15,22104.099609375,21934.0,22102.0,0.0
2024-05-13 14:00:00,22102.6,22130.7,22078.5,22119.75,0.0
2024-05-13 15:00:00,22120.0,22131.650390625,22070.55,22119.4,0.0
2024-05-14 09:00:00,22112.900390625,22182.69921875,22095.150390625,22141.6,0.0
2024-05-14 10:00:00,22142.45,22157.25,22081.25,22143.5,0.0
2024-05-14 11:00:00,22143.8,22189.80078125,22140.7,22180.95,0.0
2024-05-14 12:00:00,22181.9,22231.80078125,22167.0,22223.75,0.0
2024-05-14 13:00:00,22223.5,22260.849609375,22202.2,22258.5,0.0
2024-05-14 14:00:00,22258.65,22270.05078125,22217.7,22236.75,0.0
2024-05-14 15:00:00,22235.8,22238.1,22195.4,22223.8,0.0
2024-05-15 09:00:00,22255.599609375,22297.55078125,22241.599609375,22249.4,0.0
2024-05-15 10:00:00,22249.8,22252.95,22151.75,22193.3,0.0
2024-05-15 11:00:00,22193.45,22254.9,22164.5,22223.9,0.0
2024-05-15 12:00:00,22223.8,22226.25,22175.55,22189.9,0.0
2024-05-15 13:00:00,22190.55,22217.3,22164.3,22188.75,0.0
2024-05-15 14:00:00,22189.0,22227.95,22182.15,22224.35,0.0
2024-05-15 15:00:00,22221.95,22233.55,22183.45,22210.4,0.0
2024-05-16 09:00:00,22319.19921875,22330.0,22226.80078125,22241.55,0.0
2024-05-16 10:00:00,22239.5,22260.25,22131.05078125,22163.15,0.0
2024-05-16 11:00:00,22163.8,22185.6,22105.94921875,22164.95,0.0
2024-05-16 12:00:00,22167.3,22303.55,22130.45,22141.15,0.0
2024-05-16 13:00:00,22141.45,22151.85,22054.55078125,22112.35,0.0
2024-05-16 14:00:00,22112.35,22360.650390625,22060.45,22360.65,0.0
2024-05-16 15:00:00,22361.25,22432.25,22361.25,22392.35,0.0
2024-05-17 09:00:00,22415.25,22431.25,22345.650390625,22407.05,0.0
2024-05-17 10:00:00,22407.2,22471.650390625,22370.1,22458.75,0.0
2024-05-17 11:00:00,22457.9,22490.80078125,22441.5,22480.85,0.0
2024-05-17 12:00:00,22480.75,22486.45,22450.85,22464.2,0.0
2024-05-17 13:00:00,22463.3,22502.150390625,22441.45,22472.8,0.0
2024-05-17 14:00:00,22473.2,22493.3,22460.15,22463.4,0.0
2024-05-17 15:00:00,22464.7,22485.75,22443.5,22465.4,0.0
2024-05-21 09:00:00,22404.55078125,22509.05078125,22404.55078125,22461.6,0.0
2024-05-21 10:00:00,22461.45,22485.75,22454.1,22477.95,0.0
2024-05-21 11:00:00,22478.05,22543.69921875,22476.8,22537.6,0.0
2024-05-21 12:00:00,22537.9,22583.69921875,22524.75,22582.15,0.0
2024-05-21 13:00:00,22582.1,22591.099609375,22532.2,22542.95,0.0
2024-05-21 14:00:00,22543.85,22561.4,22514.3,22516.25,0.0
2024-05-21 15:00:00,22516.05,22551.0,22498.25,22507.55,0.0
2024-05-22 09:00:00,22576.599609375,22577.400390625,22483.150390625,22554.3,0.0
2024-05-22 10:00:00,22554.6,22575.55,22519.3,22555.75,0.0
2024-05-22 11:00:00,22556.25,22565.15,22527.45,22552.75,0.0
2024-05-22 12:00:00,22552.3,22586.400390625,22549.55,22560.2,0.0
2024-05-22 13:00:00,22560.1,22589.30078125,22550.8,22582.7,0.0
2024-05-22 14:00:00,22581.6,22608.150390625,22536.55,22552.35,0.0
2024-05-22 15:00:00,22551.35,22629.5,22551.35,22620.5,0.0
2024-05-23 09:00:00,22614.099609375,22689.349609375,22577.44921875,22683.15,0.0
2024-05-23 10:00:00,22683.95,22719.349609375,22642.45,22694.75,0.0
2024-05-23 11:00:00,22694.65,22768.650390625,22691.55,22760.4,0.0
2024-05-23 12:00:00,22760.5,22845.650390625,22744.85,22842.05,0.0
2024-05-23 13:00:00,22841.75,22869.5,22795.85,22857.9,0.0
2024-05-23 14:00:00,22857.05,22959.69921875,22854.2,22920.5,0.0
2024-05-23 15:00:00,22917.5,22993.599609375,22917.5,22951.0,0.0
2024-05-24 09:00:00,22930.75,23004.05078125,22908.0,22945.6,0.0
2024-05-24 10:00:00,22944.85,22978.55,22916.8,22977.3,0.0
2024-05-24 11:00:00,22977.75,22984.2,22955.45,22972.8,0.0
2024-05-24 12:00:00,22973.3,23011.05078125,22954.3,23002.55,0.0
2024-05-24 13:00:00,23001.65,23019.650390625,22982.9,22999.6,0.0
2024-05-24 14:00:00,22999.45,23026.400390625,22956.45,22972.95,0.0
2024-05-24 15:00:00,22973.5,22991.5,22927.8,22952.0,0.0
2024-05-27 09:00:00,23038.94921875,23043.19921875,22947.349609375,22953.25,0.0
2024-05-27 10:00:00,22952.95,23005.5,22932.0,23003.0,0.0
2024-05-27 11:00:00,23003.25,23075.650390625,22979.6,23068.4,0.0
2024-05-27 12:00:00,23068.3,23110.80078125,23045.25,23065.75,0.0
2024-05-27 13:00:00,23066.0,23091.85,23047.5,23071.15,0.0
2024-05-27 14:00:00,23071.9,23085.55,22922.75,22925.3,0.0
2024-05-27 15:00:00,22924.05,22981.85,22871.19921875,22931.05,0.0
2024-05-28 09:00:00,22977.150390625,22992.400390625,22936.55078125,22949.15,0.0
2024-05-28 10:00:00,22949.7,22998.55078125,22926.349609375,22980.7,0.0
2024-05-28 11:00:00,22980.1,22984.35,22932.65,22933.85,0.0
2024-05-28 12:00:00,22934.15,22959.95,22889.099609375,22938.55,0.0
2024-05-28 13:00:00,22938.7,22973.4,22914.1,22929.2,0.0
2024-05-28 14:00:00,22929.5,22937.8,22894.25,22895.3,0.0
2024-05-28 15:00:00,22896.75,22914.4,22858.5,22868.65,0.0
2024-05-29 09:00:00,22762.75,22825.5,22762.25,22808.05,0.0
2024-05-29 10:00:00,22808.75,22809.85,22719.44921875,22742.7,0.0
2024-05-29 11:00:00,22742.7,22747.3,22705.599609375,22735.2,0.0
2024-05-29 12:00:00,22734.65,22802.4,22725.25,22747.85,0.0
2024-05-29 13:00:00,22748.05,22792.5,22736.4,22756.75,0.0
2024-05-29 14:00:00,22755.65,22760.9,22705.44921875,22718.95,0.0
2024-05-29 15:00:00,22720.95,22727.95,22685.44921875,22705.8,0.0
2024-05-30 09:00:00,22617.44921875,22705.75,22580.44921875,22589.85,0.0
2024-05-30 10:00:00,22590.8,22617.85,22554.0,22580.6,0.0
2024-05-30 11:00:00,22581.0,22593.5,22540.900390625,22554.05,0.0
2024-05-30 12:00:00,22553.75,22602.25,22551.25,22595.45,0.0
2024-05-30 13:00:00,22594.85,22601.9,22518.55078125,22539.45,0.0
2024-05-30 14:00:00,22538.85,22547.0,22417.0,22420.55,0.0
2024-05-30 15:00:00,22421.3,22560.9,22421.3,22557.1,0.0
2024-05-31 09:00:00,22568.099609375,22653.75,22557.69921875,22576.9,0.0
2024-05-31 10:00:00,22576.4,22587.3,22503.599609375,22507.6,0.0
2024-05-31 11:00:00,22507.75,22560.55,22495.849609375,22526.7,0.0
2024-05-31 12:00:00,22527.35,22550.5,22500.55,22548.95,0.0
2024-05-31 13:00:00,22548.2,22607.0,22525.8,22602.25,0.0
2024-05-31 14:00:00,22601.5,22631.4,22465.099609375,22518.05,0.0
2024-05-31 15:00:00,22517.15,22579.45,22480.4,22550.45,0.0
2024-06-03 09:00:00,23337.9,23338.69921875,23062.30078125,23163.15,0.0
2024-06-03 10:00:00,23162.2,23207.5,23134.45,23144.4,0.0
2024-06-03 11:00:00,23143.6,23232.35,23138.5,23227.7,0.0
2024-06-03 12:00:00,23227.35,23248.45,23198.6,23227.95,0.0
2024-06-03 13:00:00,23228.1,23240.6,23161.0,23238.65,0.0
2024-06-03 14:00:00,23238.45,23265.7,23212.3,23244.35,0.0
2024-06-03 15:00:00,23244.2,23308.25,23224.15,23305.95,0.0
2024-06-04 09:00:00,23179.5,23179.5,22389.849609375,22783.6,0.0
2024-06-04 10:00:00,22785.0,22833.9,22277.75,22335.7,0.0
2024-06-04 11:00:00,22336.6,22359.75,21886.80078125,21888.3,0.0
2024-06-04 12:00:00,21884.35,22005.55,21281.44921875,21887.8,0.0
2024-06-04 13:00:00,21886.7,22271.7,21759.95,22239.7,0.0
2024-06-04 14:00:00,22241.55,22243.75,21798.7,21800.85,0.0
2024-06-04 15:00:00,21802.6,22068.55,21725.3,21996.45,0.0
2024-06-05 09:00:00,22128.349609375,22131.599609375,21791.94921875,21858.7,0.0
2024-06-05 10:00:00,21860.8,22230.55078125,21860.25,22217.5,0.0
2024-06-05 11:00:00,22215.55,22445.0,22185.95,22268.35,0.0
2024-06-05 12:00:00,22269.9,22373.0,22241.25,22359.05,0.0
2024-06-05 13:00:00,22359.05,22499.650390625,22328.8,22485.8,0.0
2024-06-05 14:00:00,22487.35,22638.349609375,22430.05,22615.05,0.0
2024-06-05 15:00:00,22616.55,22670.400390625,22554.65,22573.0,0.0
2024-06-06 09:00:00,22798.599609375,22799.5,22642.599609375,22750.2,0.0
2024-06-06 10:00:00,22748.25,22885.55078125,22736.8,22883.95,0.0
2024-06-06 11:00:00,22884.45,22910.150390625,22675.8,22777.85,0.0
2024-06-06 12:00:00,22777.55,22805.45,22700.25,22744.5,0.0
2024-06-06 13:00:00,22744.55,22848.35,22645.15,22781.3,0.0
2024-06-06 14:00:00,22779.1,22804.35,22669.5,22773.65,0.0
2024-06-06 15:00:00,22774.85,22865.45,22774.85,22849.05,0.0
2024-06-07 09:00:00,22821.849609375,22983.150390625,22789.05078125,22979.05,0.0
2024-06-07 10:00:00,22978.3,23060.400390625,22916.6,23050.95,0.0
2024-06-07 11:00:00,23050.75,23230.150390625,23037.9,23182.95,0.0
2024-06-07 12:00:00,23181.95,23250.0,23135.85,23216.2,0.0
2024-06-07 13:00:00,23215.35,23253.55078125,23151.85,23200.9,0.0
2024-06-07 14:00:00,23200.9,23319.099609375,23192.1,23309.1,0.0
2024-06-07 15:00:00,23309.65,23320.19921875,23262.8,23270.05,0.0
2024-06-10 09:00:00,23319.150390625,23411.900390625,23241.349609375,23266.15,0.0
2024-06-10 10:00:00,23262.1,23362.85,23233.05078125,23349.95,0.0
2024-06-10 11:00:00,23350.0,23370.85,23318.7,23332.45,0.0
2024-06-10 12:00:00,23331.05,23347.1,23297.5,23337.2,0.0
2024-06-10 13:00:00,23336.45,23368.5,23324.15,23368.35,0.0
2024-06-10 14:00:00,23366.2,23377.35,23228.44921875,23284.35,0.0
2024-06-10 15:00:00,23284.25,23300.4,23227.150390625,23234.45,0.0
2024-06-11 09:00:00,23283.75,23289.80078125,23206.650390625,23269.95,0.0
2024-06-11 10:00:00,23268.95,23348.0,23265.75,23318.6,0.0
2024-06-11 11:00:00,23317.9,23336.15,23297.9,23320.4,0.0
2024-06-11 12:00:00,23319.5,23361.5,23311.05,23334.0,0.0
2024-06-11 13:00:00,23333.2,23389.44921875,23327.55,23374.2,0.0
2024-06-11 14:00:00,23374.3,23375.3,23300.95,23327.05,0.0
2024-06-11 15:00:00,23325.7,23327.1,23232.0,23261.8,0.0
2024-06-12 09:00:00,23344.44921875,23404.599609375,23295.94921875,23404.45,0.0
2024-06-12 10:00:00,23403.6,23441.94921875,23383.75,23424.85,0.0
2024-06-12 11:00:00,23425.05,23436.85,23365.0,23435.05,0.0
2024-06-12 12:00:00,23434.7,23436.15,23384.05,23403.55,0.0
2024-06-12 13:00:00,23403.45,23420.8,23350.2,23365.95,0.0
2024-06-12 14:00:00,23365.85,23394.15,23336.95,23374.0,0.0
2024-06-12 15:00:00,23371.65,23371.65,23297.75,23308.4,0.0
2024-06-13 09:00:00,23480.94921875,23481.05078125,23364.05078125,23400.85,0.0
2024-06-13 10:00:00,23402.25,23414.1,23371.2,23376.85,0.0
2024-06-13 11:00:00,23376.8,23414.25,23353.9,23396.7,0.0
2024-06-13 12:00:00,23396.4,23412.25,23380.9,23399.55,0.0
2024-06-13 13:00:00,23399.3,23421.1,23384.1,23404.45,0.0
2024-06-13 14:00:00,23404.4,23408.05,23366.25,23400.75,0.0
2024-06-13 15:00:00,23399.4,23411.2,23384.6,23399.35,0.0
2024-06-14 09:00:00,23464.94921875,23469.44921875,23334.25,23406.75,0.0
2024-06-14 10:00:00,23406.95,23459.45,23406.95,23439.25,0.0
2024-06-14 11:00:00,23438.6,23452.5,23429.7,23445.9,0.0
2024-06-14 12:00:00,23446.6,23451.8,23428.0,23444.6,0.0
2024-06-14 13:00:00,23444.85,23463.55,23424.15,23432.9,0.0
2024-06-14 14:00:00,23432.5,23468.1,23429.45,23465.5,0.0
2024-06-14 15:00:00,23466.0,23490.400390625,23444.6,23454.15,0.0
2024-06-18 09:00:00,23570.80078125,23573.849609375,23499.69921875,23562.5,0.0
2024-06-18 10:00:00,23562.75,23579.05078125,23512.85,23538.2,0.0
2024-06-18 11:00:00,23537.55,23557.35,23526.95,23540.25,0.0
2024-06-18 12:00:00,23540.65,23546.7,23513.7,23528.75,0.0
2024-06-18 13:00:00,23530.0,23542.8,23521.6,23539.25,0.0
2024-06-18 14:00:00,23539.45,23550.1,23527.95,23537.1,0.0
2024-06-18 15:00:00,23537.55,23572.1,23536.8,23562.3,0.0
2024-06-19 09:00:00,23629.849609375,23630.849609375,23532.099609375,23574.85,0.0
2024-06-19 10:00:00,23575.4,23588.85,23412.900390625,23507.2,0.0
2024-06-19 11:00:00,23508.2,23553.4,23478.55,23535.45,0.0
2024-06-19 12:00:00,23536.0,23574.2,23526.35,23540.95,0.0
2024-06-19 13:00:00,23540.5,23557.1,23513.5,23552.05,0.0
2024-06-19 14:00:00,23552.3,23664.0,23540.05,23557.5,0.0
2024-06-19 15:00:00,23557.3,23563.05,23484.15,23521.4,0.0
2024-06-20 09:00:00,23586.150390625,23587.69921875,23442.599609375,23498.05,0.0
2024-06-20 10:00:00,23498.35,23542.5,23472.75,23536.8,0.0
2024-06-20 11:00:00,23538.05,23569.3,23524.05,23560.0,0.0
2024-06-20 12:00:00,23560.3,23566.0,23532.5,23551.2,0.0
2024-06-20 13:00:00,23551.0,23624.0,23535.25,23536.15,0.0
2024-06-20 14:00:00,23535.95,23600.5,23532.5,23557.8,0.0
2024-06-20 15:00:00,23557.9,23587.8,23549.4,23579.15,0.0
2024-06-21 09:00:00,23661.150390625,23667.099609375,23567.05078125,23609.65,0.0
2024-06-21 10:00:00,23610.55,23622.45,23491.5,23533.95,0.0
2024-06-21 11:00:00,23534.35,23561.9,23503.45,23536.5,0.0
2024-06-21 12:00:00,23538.15,23547.85,23442.849609375,23465.6,0.0
2024-06-21 13:00:00,23465.55,23545.5,23422.400390625,23522.9,0.0
2024-06-21 14:00:00,23523.95,23585.7,23398.19921875,23510.0,0.0
2024-06-21 15:00:00,23511.15,23566.15,23445.65,23453.15,0.0
2024-06-24 09:00:00,23382.30078125,23446.94921875,23350.0,23421.75,0.0
2024-06-24 10:00:00,23421.4,23494.0,23400.75,23469.75,0.0
2024-06-24 11:00:00,23470.1,23544.900390625,23469.5,23534.95,0.0
2024-06-24 12:00:00,23535.35,23558.099609375,23513.65,23524.75,0.0
2024-06-24 13:00:00,23524.1,23555.25,23513.7,23535.65,0.0
2024-06-24 14:00:00,23534.8,23537.7,23492.25,23513.4,0.0
2024-06-24 15:00:00,23513.75,23553.1,23504.0,23548.65,0.0
2024-06-25 09:00:00,23577.099609375,23618.099609375,23571.05078125,23574.75,0.0
2024-06-25 10:00:00,23574.4,23610.9,23564.94921875,23603.8,0.0
2024-06-25 11:00:00,23603.8,23605.45,23562.05078125,23588.4,0.0
2024-06-25 12:00:00,23588.45,23668.650390625,23579.55,23655.25,0.0
2024-06-25 13:00:00,23654.65,23692.25,23646.4,23679.3,0.0
2024-06-25 14:00:00,23678.75,23710.44921875,23671.45,23684.9,0.0
2024-06-25 15:00:00,23685.65,23754.150390625,23685.05,23721.9,0.0
2024-06-26 09:00:00,23723.099609375,23749.5,23670.44921875,23702.3,0.0
2024-06-26 10:00:00,23701.95,23769.75,23686.15,23764.3,0.0
2024-06-26 11:00:00,23764.3,23827.5,23764.25,23826.35,0.0
2024-06-26 12:00:00,23827.1,23859.5,23816.8,23830.25,0.0
2024-06-26 13:00:00,23831.4,23863.80078125,23803.8,23851.7,0.0
2024-06-26 14:00:00,23851.85,23885.5,23849.95,23874.05,0.0
2024-06-26 15:00:00,23873.35,23889.900390625,23839.6,23840.25,0.0
2024-06-27 09:00:00,23881.55078125,23915.900390625,23805.400390625,23913.6,0.0
2024-06-27 10:00:00,23915.4,23974.69921875,23834.3,23889.3,0.0
2024-06-27 11:00:00,23888.1,23954.75,23875.55,23953.7,0.0
2024-06-27 12:00:00,23953.4,24036.599609375,23944.15,23950.15,0.0
2024-06-27 13:00:00,23950.65,23992.15,23931.2,23970.9,0.0
2024-06-27 14:00:00,23974.15,24034.9,23913.65,24029.75,0.0
2024-06-27 15:00:00,24029.3,24087.44921875,24007.2,24036.1,0.0
2024-06-28 09:00:00,24085.900390625,24174.0,24062.849609375,24135.65,0.0
2024-06-28 10:00:00,24134.45,24151.85,24105.15,24134.6,0.0
2024-06-28 11:00:00,24133.85,24151.25,24103.7,24108.85,0.0
2024-06-28 12:00:00,24108.45,24123.05,24009.150390625,24034.9,0.0
2024-06-28 13:00:00,24035.6,24093.1,24024.45,24089.55,0.0
2024-06-28 14:00:00,24089.45,24135.45,24041.05,24063.1,0.0
2024-06-28 15:00:00,24064.55,24074.7,23985.80078125,24009.8,0.0
2024-07-01 09:00:00,23992.94921875,24084.849609375,23992.69921875,24080.15,0.0
2024-07-01 10:00:00,24079.25,24096.599609375,24054.15,24080.8,0.0
2024-07-01 11:00:00,24081.05,24120.19921875,24067.2,24107.15,0.0
2024-07-01 12:00:00,24105.8,24128.0,24099.0,24120.0,0.0
2024-07-01 13:00:00,24119.65,24146.80078125,24108.25,24144.0,0.0
2024-07-01 14:00:00,24143.5,24152.400390625,24120.35,24139.4,0.0
2024-07-01 15:00:00,24140.65,24164.0,24120.0,24123.15,0.0
2024-07-02 09:00:00,24228.75,24236.349609375,24073.650390625,24125.85,0.0
2024-07-02 10:00:00,24125.8,24162.95,24120.8,24162.4,0.0
2024-07-02 11:00:00,24163.35,24190.25,24122.75,24159.2,0.0
2024-07-02 12:00:00,24159.45,24169.15,24059.650390625,24070.2,0.0
2024-07-02 13:00:00,24070.15,24136.9,24056.400390625,24118.55,0.0
2024-07-02 14:00:00,24118.65,24150.25,24100.7,24132.4,0.0
2024-07-02 15:00:00,24132.25,24139.5,24110.6,24117.8,0.0
2024-07-03 09:00:00,24291.75,24307.25,24207.099609375,24273.15,0.0
2024-07-03 10:00:00,24273.45,24293.75,24259.6,24277.1,0.0
2024-07-03 11:00:00,24278.1,24282.15,24236.25,24257.75,0.0
2024-07-03 12:00:00,24258.45,24292.15,24246.85,24282.25,0.0
2024-07-03 13:00:00,24282.5,24293.55,24265.7,24272.05,0.0
2024-07-03 14:00:00,24272.1,24275.7,24238.75,24248.15,0.0
2024-07-03 15:00:00,24247.8,24309.150390625,24247.8,24290.8,0.0
2024-07-04 09:00:00,24369.94921875,24400.94921875,24319.150390625,24398.9,0.0
2024-07-04 10:00:00,24398.15,24401.0,24300.349609375,24325.4,0.0
2024-07-04 11:00:00,24325.6,24350.5,24315.35,24330.05,0.0
2024-07-04 12:00:00,24329.55,24357.55,24325.7,24348.95,0.0
2024-07-04 13:00:00,24348.9,24354.3,24314.2,24326.15,0.0
2024-07-04 14:00:00,24326.4,24351.3,24297.30078125,24300.9,0.0
2024-07-04 15:00:00,24302.7,24310.8,24281.0,24304.65,0.0
2024-07-05 09:00:00,24213.349609375,24260.94921875,24168.849609375,24187.4,0.0
2024-07-05 10:00:00,24187.75,24262.05078125,24184.05,24250.2,0.0
2024-07-05 11:00:00,24249.85,24283.44921875,24228.5,24276.95,0.0
2024-07-05 12:00:00,24276.4,24288.849609375,24264.35,24275.65,0.0
2024-07-05 13:00:00,24275.25,24283.05,24241.8,24248.35,0.0
2024-07-05 14:00:00,24249.1,24258.85,24204.2,24217.35,0.0
2024-07-05 15:00:00,24219.9,24363.0,24219.2,24316.75,0.0
2024-07-08 09:00:00,24329.44921875,24338.849609375,24262.55078125,24274.35,0.0
2024-07-08 10:00:00,24274.2,24329.15,24270.2,24295.2,0.0
2024-07-08 11:00:00,24296.15,24299.8,24247.80078125,24284.4,0.0
2024-07-08 12:00:00,24284.5,24297.9,24240.55078125,24297.3,0.0
2024-07-08 13:00:00,24297.3,24311.85,24268.0,24296.2,0.0
2024-07-08 14:00:00,24296.15,24316.15,24286.65,24295.05,0.0
2024-07-08 15:00:00,24294.5,24344.599609375,24294.5,24331.05,0.0
2024-07-09 09:00:00,24351.0,24384.0,24331.900390625,24371.6,0.0
2024-07-09 10:00:00,24370.25,24386.55078125,24339.95,24375.7,0.0
2024-07-09 11:00:00,24375.55,24401.19921875,24368.9,24388.65,0.0
2024-07-09 12:00:00,24386.85,24408.599609375,24381.2,24406.6,0.0
2024-07-09 13:00:00,24405.15,24429.150390625,24402.65,24427.7,0.0
2024-07-09 14:00:00,24426.65,24437.900390625,24407.8,24416.2,0.0
2024-07-09 15:00:00,24418.45,24443.599609375,24411.05,24417.25,0.0
2024-07-10 09:00:00,24459.849609375,24461.05078125,24367.0,24369.15,0.0
2024-07-10 10:00:00,24368.1,24377.85,24141.80078125,24212.7,0.0
2024-07-10 11:00:00,24213.55,24287.55,24193.9,24262.35,0.0
2024-07-10 12:00:00,24263.2,24298.35,24248.45,24287.5,0.0
2024-07-10 13:00:00,24286.95,24292.35,24241.9,24260.4,0.0
2024-07-10 14:00:00,24261.15,24321.9,24212.1,24294.0,0.0
2024-07-10 15:00:00,24294.6,24337.15,24294.6,24312.4,0.0
2024-07-11 09:00:00,24396.55078125,24402.650390625,24310.150390625,24341.45,0.0
2024-07-11 10:00:00,24342.65,24363.15,24235.599609375,24241.2,0.0
2024-07-11 11:00:00,24238.75,24283.4,24234.5,24272.8,0.0
2024-07-11 12:00:00,24270.3,24305.3,24193.75,24293.6,0.0
2024-07-11 13:00:00,24293.35,24324.25,24278.3,24313.95,0.0
2024-07-11 14:00:00,24314.1,24332.0,24293.05,24331.35,0.0
2024-07-11 15:00:00,24331.75,24357.0,24291.45,24338.5,0.0
2024-07-12 09:00:00,24387.94921875,24440.75,24331.150390625,24381.65,0.0
2024-07-12 10:00:00,24381.25,24533.75,24357.15,24526.85,0.0
2024-07-12 11:00:00,24528.5,24592.19921875,24473.3,24494.2,0.0
2024-07-12 12:00:00,24494.6,24525.5,24478.25,24504.85,0.0
2024-07-12 13:00:00,24506.9,24560.8,24494.3,24553.25,0.0
2024-07-12 14:00:00,24551.85,24581.05,24520.55,24524.7,0.0
2024-07-12 15:00:00,24524.4,24524.4,24485.6,24512.4,0.0
2024-07-15 09:00:00,24587.6,24598.0,24522.75,24535.65,0.0
2024-07-15 10:00:00,24535.2,24603.400390625,24527.9,24579.0,0.0
2024-07-15 11:00:00,24578.75,24611.849609375,24547.55,24591.6,0.0
2024-07-15 12:00:00,24591.75,24602.25,24576.1,24588.4,0.0
2024-07-15 13:00:00,24588.05,24635.05078125,24585.55,24612.9,0.0
2024-07-15 14:00:00,24612.8,24619.15,24579.5,24588.6,0.0
2024-07-15 15:00:00,24587.75,24601.7,24577.7,24588.35,0.0
2024-07-16 09:00:00,24615.900390625,24650.05078125,24599.75,24631.8,0.0
2024-07-16 10:00:00,24630.25,24661.25,24620.0,24656.0,0.0
2024-07-16 11:00:00,24656.0,24660.8,24631.6,24640.45,0.0
2024-07-16 12:00:00,24640.0,24653.4,24620.3,24652.4,0.0
2024-07-16 13:00:00,24652.6,24656.65,24610.75,24621.4,0.0
2024-07-16 14:00:00,24621.8,24630.5,24587.650390625,24611.05,0.0
2024-07-16 15:00:00,24611.15,24648.0,24593.9,24601.1,0.0
2024-07-18 09:00:00,24543.80078125,24658.75,24515.099609375,24637.25,0.0
2024-07-18 10:00:00,24636.05,24678.900390625,24591.5,24593.6,0.0
2024-07-18 11:00:00,24590.2,24609.1,24504.44921875,24553.2,0.0
2024-07-18 12:00:00,24553.0,24648.45,24541.45,24616.75,0.0
2024-07-18 13:00:00,24616.55,24768.55078125,24611.45,24758.0,0.0
2024-07-18 14:00:00,24758.35,24837.75,24757.8,24800.05,0.0
2024-07-18 15:00:00,24799.85,24817.25,24775.95,24779.35,0.0
2024-07-19 09:00:00,24853.80078125,24854.80078125,24704.30078125,24719.1,0.0
2024-07-19 10:00:00,24718.9,24725.7,24656.80078125,24658.4,0.0
2024-07-19 11:00:00,24657.55,24675.25,24621.849609375,24635.45,0.0
2024-07-19 12:00:00,24634.45,24673.55,24607.25,24608.25,0.0
2024-07-19 13:00:00,24607.4,24646.15,24590.099609375,24625.65,0.0
2024-07-19 14:00:00,24627.15,24635.75,24524.75,24556.2,0.0
2024-07-19 15:00:00,24556.6,24561.5,24508.150390625,24525.85,0.0
2024-07-22 09:00:00,24445.75,24538.900390625,24362.30078125,24533.95,0.0
2024-07-22 10:00:00,24532.15,24595.19921875,24501.0,24568.7,0.0
2024-07-22 11:00:00,24567.2,24572.3,24507.35,24533.05,0.0
2024-07-22 12:00:00,24532.85,24537.9,24465.55,24502.4,0.0
2024-07-22 13:00:00,24502.9,24541.65,24481.05,24523.45,0.0
2024-07-22 14:00:00,24523.25,24524.75,24480.8,24505.65,0.0
2024-07-22 15:00:00,24505.8,24520.95,24493.25,24515.9,0.0
2024-07-23 09:00:00,24568.900390625,24582.55078125,24467.44921875,24487.0,0.0
2024-07-23 10:00:00,24485.75,24491.95,24423.75,24481.8,0.0
2024-07-23 11:00:00,24482.25,24552.5,24380.30078125,24454.3,0.0
2024-07-23 12:00:00,24450.9,24488.9,24074.19921875,24353.5,0.0
2024-07-23 13:00:00,24354.35,24444.5,24277.3,24439.6,0.0
2024-07-23 14:00:00,24439.35,24544.7,24413.9,24485.8,0.0
2024-07-23 15:00:00,24484.8,24514.7,24446.75,24476.4,0.0
2024-07-24 09:00:00,24444.94921875,24504.25,24373.44921875,24462.95,0.0
2024-07-24 10:00:00,24462.9,24492.1,24397.25,24455.5,0.0
2024-07-24 11:00:00,24454.75,24469.9,24384.15,24400.9,0.0
2024-07-24 12:00:00,24401.25,24410.85,24307.25,24339.4,0.0
2024-07-24 13:00:00,24339.95,24378.1,24315.4,24329.05,0.0
2024-07-24 14:00:00,24329.5,24453.95,24310.5,24424.8,0.0
2024-07-24 15:00:00,24425.7,24446.4,24380.25,24441.9,0.0
2024-07-25 09:00:00,24230.94921875,24300.099609375,24210.80078125,24274.65,0.0
2024-07-25 10:00:00,24273.15,24330.099609375,24267.7,24320.2,0.0
2024-07-25 11:00:00,24318.8,24366.5,24295.1,24358.2,0.0
2024-07-25 12:00:00,24357.4,24395.05078125,24345.75,24390.95,0.0
2024-07-25 13:00:00,24390.7,24397.900390625,24361.05,24394.4,0.0
2024-07-25 14:00:00,24394.2,24426.150390625,24380.1,24399.8,0.0
2024-07-25 15:00:00,24400.55,24423.15,24388.95,24415.0,0.0
2024-07-26 09:00:00,24423.349609375,24551.650390625,24410.900390625,24548.85,0.0
2024-07-26 10:00:00,24548.65,24615.099609375,24548.0,24613.25,0.0
2024-07-26 11:00:00,24613.35,24656.849609375,24610.6,24651.05,0.0
2024-07-26 12:00:00,24650.8,24733.30078125,24637.1,24716.35,0.0
2024-07-26 13:00:00,24715.85,24818.25,24715.85,24790.1,0.0
2024-07-26 14:00:00,24787.35,24834.150390625,24759.45,24828.35,0.0
2024-07-26 15:00:00,24827.1,24861.150390625,24810.75,24851.75,0.0
2024-07-29 09:00:00,24943.30078125,24980.44921875,24894.05078125,24906.8,0.0
2024-07-29 10:00:00,24906.15,24932.2,24866.44921875,24929.3,0.0
2024-07-29 11:00:00,24930.7,24999.75,24928.75,24978.8,0.0
2024-07-29 12:00:00,24979.75,24987.05,24790.44921875,24882.3,0.0
2024-07-29 13:00:00,24882.35,24892.1,24825.4,24825.75,0.0
2024-07-29 14:00:00,24826.05,24865.85,24774.599609375,24852.55,0.0
2024-07-29 15:00:00,24852.25,24860.95,24796.65,24840.95,0.0
2024-07-30 09:00:00,24839.400390625,24887.44921875,24798.650390625,24863.5,0.0
2024-07-30 10:00:00,24863.25,24934.69921875,24818.55,24932.3,0.0
2024-07-30 11:00:00,24932.7,24956.69921875,24914.85,24935.7,0.0
2024-07-30 12:00:00,24935.95,24961.400390625,24924.7,24927.95,0.0
2024-07-30 13:00:00,24930.75,24968.849609375,24881.0,24911.5,0.0
2024-07-30 14:00:00,24911.75,24971.75,24902.6,24913.7,0.0
2024-07-30 15:00:00,24913.6,24914.35,24832.6,24840.9,0.0
2024-07-31 09:00:00,24886.69921875,24929.099609375,24856.5,24914.05,0.0
2024-07-31 10:00:00,24913.9,24954.44921875,24909.15,24934.1,0.0
2024-07-31 11:00:00,24933.9,24949.65,24898.25,24933.45,0.0
2024-07-31 12:00:00,24931.5,24949.45,24918.6,24934.25,0.0
2024-07-31 13:00:00,24932.25,24952.45,24904.1,24934.3,0.0
2024-07-31 14:00:00,24934.3,24969.349609375,24918.55,24950.85,0.0
2024-07-31 15:00:00,24950.95,24984.599609375,24930.25,24979.3,0.0
2024-08-01 09:00:00,25030.94921875,25078.30078125,25008.80078125,25053.55,0.0
2024-08-01 10:00:00,25053.7,25056.6,25005.44921875,25014.4,0.0
2024-08-01 11:00:00,25014.5,25041.2,24986.349609375,24999.85,0.0
2024-08-01 12:00:00,24999.8,25005.1,24964.349609375,24983.2,0.0
2024-08-01 13:00:00,24983.15,25008.35,24972.15,24985.1,0.0
2024-08-01 14:00:00,24985.3,25010.25,24956.400390625,24982.55,0.0
2024-08-01 15:00:00,24983.65,25030.85,24975.35,25006.0,0.0
2024-08-02 09:00:00,24789.0,24851.900390625,24723.69921875,24738.65,0.0
2024-08-02 10:00:00,24739.25,24823.25,24730.25,24821.4,0.0
2024-08-02 11:00:00,24820.6,24835.1,24778.75,24797.4,0.0
2024-08-02 12:00:00,24797.25,24799.45,24754.7,24776.65,0.0
2024-08-02 13:00:00,24776.65,24808.3,24755.4,24801.25,0.0
2024-08-02 14:00:00,24801.5,24808.9,24718.94921875,24731.15,0.0
2024-08-02 15:00:00,24730.65,24736.7,24686.849609375,24699.45,0.0
2024-08-05 09:00:00,24302.849609375,24350.05078125,24192.5,24332.45,0.0
2024-08-05 10:00:00,24333.4,24337.5,24093.150390625,24096.65,0.0
2024-08-05 11:00:00,24095.55,24099.45,23893.69921875,23990.45,0.0
2024-08-05 12:00:00,23990.4,24056.8,23918.1,23925.05,0.0
2024-08-05 13:00:00,23925.55,24127.35,23916.7,24102.85,0.0
2024-08-05 14:00:00,24103.15,24125.8,24014.6,24110.95,0.0
2024-08-05 15:00:00,24107.7,24110.25,24031.4,24051.8,0.0
2024-08-06 09:00:00,24189.849609375,24382.599609375,24189.5,24339.95,0.0
2024-08-06 10:00:00,24339.95,24347.8,24131.0,24258.2,0.0
2024-08-06 11:00:00,24257.2,24265.85,24195.15,24230.8,0.0
2024-08-06 12:00:00,24231.6,24248.95,24166.1,24187.7,0.0
2024-08-06 13:00:00,24187.85,24194.05,24041.5,24094.85,0.0
2024-08-06 14:00:00,24093.75,24102.8,23960.400390625,24013.7,0.0
2024-08-06 15:00:00,24013.9,24039.45,23963.5,24033.05,0.0
2024-08-07 09:00:00,24289.400390625,24306.44921875,24213.80078125,24230.5,0.0
2024-08-07 10:00:00,24230.4,24337.69921875,24184.900390625,24300.3,0.0
2024-08-07 11:00:00,24300.55,24300.55,24209.7,24225.0,0.0
2024-08-07 12:00:00,24227.75,24276.8,24208.3,24220.55,0.0
2024-08-07 13:00:00,24221.55,24239.1,24188.95,24229.75,0.0
2024-08-07 14:00:00,24231.85,24293.55,24209.05,24271.05,0.0
2024-08-07 15:00:00,24272.75,24316.9,24268.25,24315.25,0.0
2024-08-08 09:00:00,24248.55078125,24263.5,24192.849609375,24205.4,0.0
2024-08-08 10:00:00,24204.95,24259.6,24119.30078125,24149.4,0.0
2024-08-08 11:00:00,24148.95,24252.95,24148.45,24225.6,0.0
2024-08-08 12:00:00,24225.95,24340.5,24205.7,24223.2,0.0
2024-08-08 13:00:00,24223.3,24224.5,24092.150390625,24136.2,0.0
2024-08-08 14:00:00,24136.4,24195.8,24122.75,24155.5,0.0
2024-08-08 15:00:00,24157.0,24167.6,24079.69921875,24098.7,0.0
2024-08-09 09:00:00,24386.849609375,24419.75,24315.900390625,24373.3,0.0
2024-08-09 10:00:00,24370.95,24386.4,24311.19921875,24343.0,0.0
2024-08-09 11:00:00,24344.0,24371.85,24337.25,24371.0,0.0
2024-08-09 12:00:00,24370.85,24374.9,24338.7,24343.85,0.0
2024-08-09 13:00:00,24344.35,24374.9,24338.1,24364.75,0.0
2024-08-09 14:00:00,24367.15,24389.6,24353.85,24377.4,0.0
2024-08-09 15:00:00,24374.55,24385.9,24356.95,24364.4,0.0
2024-08-12 09:00:00,24320.05078125,24323.69921875,24212.099609375,24223.4,0.0
2024-08-12 10:00:00,24223.05,24406.099609375,24219.25,24400.3,0.0
2024-08-12 11:00:00,24400.75,24472.80078125,24381.15,24418.25,0.0
2024-08-12 12:00:00,24418.7,24436.45,24380.55,24402.8,0.0
2024-08-12 13:00:00,24406.15,24439.1,24392.75,24423.75,0.0
2024-08-12 14:00:00,24423.35,24444.35,24349.0,24349.0,0.0
2024-08-12 15:00:00,24350.8,24365.35,24302.4,24348.8,0.0
2024-08-13 09:00:00,24342.349609375,24359.94921875,24299.400390625,24315.75,0.0
2024-08-13 10:00:00,24314.35,24341.95,24277.150390625,24309.95,0.0
2024-08-13 11:00:00,24308.4,24330.15,24290.95,24323.7,0.0
2024-08-13 12:00:00,24322.8,24327.65,24218.19921875,24234.3,0.0
2024-08-13 13:00:00,24233.45,24257.3,24157.69921875,24159.7,0.0
2024-08-13 14:00:00,24159.5,24177.95,24116.5,24127.95,0.0
2024-08-13 15:00:00,24128.65,24164.9,24119.35,24141.2,0.0
2024-08-14 09:00:00,24184.400390625,24196.5,24099.69921875,24113.3,0.0
2024-08-14 10:00:00,24113.7,24171.35,24113.7,24133.3,0.0
2024-08-14 11:00:00,24133.7,24156.2,24118.3,24147.25,0.0
2024-08-14 12:00:00,24148.15,24192.95,24144.15,24188.55,0.0
2024-08-14 13:00:00,24190.2,24194.35,24145.6,24156.5,0.0
2024-08-14 14:00:00,24156.9,24177.75,24127.5,24136.2,0.0
2024-08-14 15:00:00,24137.3,24157.3,24121.85,24144.5,0.0
2024-08-16 09:00:00,24334.849609375,24403.55078125,24285.94921875,24300.15,0.0
2024-08-16 10:00:00,24299.1,24319.6,24204.5,24256.9,0.0
2024-08-16 11:00:00,24257.45,24388.75,24226.4,24385.85,0.0
2024-08-16 12:00:00,24385.1,24452.25,24375.7,24427.65,0.0
2024-08-16 13:00:00,24427.1,24495.650390625,24426.9,24481.8,0.0
2024-08-16 14:00:00,24481.7,24518.599609375,24473.25,24513.65,0.0
2024-08-16 15:00:00,24513.2,24563.900390625,24507.75,24539.2,0.0
2024-08-19 09:00:00,24636.349609375,24638.80078125,24566.0,24585.25,0.0
2024-08-19 10:00:00,24584.2,24602.1,24541.599609375,24552.5,0.0
2024-08-19 11:00:00,24551.65,24598.0,24522.94921875,24593.9,0.0
2024-08-19 12:00:00,24594.0,24596.65,24552.25,24574.65,0.0
2024-08-19 13:00:00,24574.7,24605.1,24543.85,24569.5,0.0
2024-08-19 14:00:00,24569.65,24592.35,24563.0,24577.85,0.0
2024-08-19 15:00:00,24578.7,24590.3,24562.45,24579.0,0.0
2024-08-20 09:00:00,24648.900390625,24698.0,24607.19921875,24695.6,0.0
2024-08-20 10:00:00,24695.3,24734.30078125,24684.55,24685.5,0.0
2024-08-20 11:00:00,24685.05,24717.3,24674.55,24711.95,0.0
2024-08-20 12:00:00,24711.2,24734.15,24701.55,24729.4,0.0
2024-08-20 13:00:00,24729.5,24731.65,24702.5,24721.3,0.0
2024-08-20 14:00:00,24721.4,24729.3,24699.4,24720.85,0.0
2024-08-20 15:00:00,24719.7,24719.7,24670.85,24672.85,0.0
2024-08-21 09:00:00,24680.55078125,24713.599609375,24654.5,24690.35,0.0
2024-08-21 10:00:00,24688.4,24753.94921875,24688.4,24724.65,0.0
2024-08-21 11:00:00,24724.55,24742.3,24678.8,24716.1,0.0
2024-08-21 12:00:00,24717.25,24739.1,24714.9,24722.9,0.0
2024-08-21 13:00:00,24721.85,24733.65,24696.8,24724.6,0.0
2024-08-21 14:00:00,24724.65,24753.75,24720.95,24751.55,0.0
2024-08-21 15:00:00,24752.2,24787.94921875,24751.7,24781.9,0.0
2024-08-22 09:00:00,24863.400390625,24867.349609375,24784.44921875,24809.25,0.0
2024-08-22 10:00:00,24809.45,24830.1,24793.05,24826.1,0.0
2024-08-22 11:00:00,24826.1,24847.8,24810.55,24839.85,0.0
2024-08-22 12:00:00,24840.35,24842.05,24822.65,24826.9,0.0
2024-08-22 13:00:00,24827.25,24833.4,24800.85,24826.3,0.0
2024-08-22 14:00:00,24827.3,24837.7,24796.9,24810.05,0.0
2024-08-22 15:00:00,24810.3,24822.75,24796.65,24810.9,0.0
2024-08-23 09:00:00,24845.400390625,24858.400390625,24771.650390625,24822.25,0.0
2024-08-23 10:00:00,24822.15,24848.95,24797.0,24836.95,0.0
2024-08-23 11:00:00,24835.75,24853.75,24819.3,24834.75,0.0
2024-08-23 12:00:00,24834.5,24847.65,24829.95,24836.5,0.0
2024-08-23 13:00:00,24834.55,24843.05,24818.9,24836.65,0.0
2024-08-23 14:00:00,24835.65,24848.85,24811.85,24824.45,0.0
2024-08-23 15:00:00,24823.3,24841.75,24794.7,24831.85,0.0
2024-08-26 09:00:00,24906.099609375,24997.400390625,24874.69921875,24981.2,0.0
2024-08-26 10:00:00,24980.6,25043.80078125,24966.25,24985.6,0.0
2024-08-26 11:00:00,24985.05,25020.25,24973.1,25002.8,0.0
2024-08-26 12:00:00,25003.3,25034.75,24995.3,25022.7,0.0
2024-08-26 13:00:00,25023.6,25034.05,25001.65,25027.95,0.0
2024-08-26 14:00:00,25027.9,25033.2,25005.55,25018.35,0.0
2024-08-26 15:00:00,25020.2,25022.05,25002.8,25011.45,0.0
2024-08-27 09:00:00,25024.80078125,25043.650390625,24973.650390625,25028.1,0.0
2024-08-27 10:00:00,25028.35,25041.3,24983.5,25025.75,0.0
2024-08-27 11:00:00,25024.9,25073.099609375,25024.9,25041.8,0.0
2024-08-27 12:00:00,25041.5,25060.2,25033.65,25043.55,0.0
2024-08-27 13:00:00,25043.65,25067.1,25040.9,25058.4,0.0
2024-08-27 14:00:00,25057.2,25060.55,24998.0,25016.05,0.0
2024-08-27 15:00:00,25016.75,25032.05,24988.4,24997.05,0.0
2024-08-28 09:00:00,25030.80078125,25048.150390625,24964.650390625,25023.1,0.0
2024-08-28 10:00:00,25022.15,25032.2,24987.95,25023.85,0.0
2024-08-28 11:00:00,25023.25,25114.05078125,25020.5,25094.3,0.0
2024-08-28 12:00:00,25092.95,25110.05,25080.8,25098.1,0.0
2024-08-28 13:00:00,25097.75,25115.5,25090.55,25108.7,0.0
2024-08-28 14:00:00,25107.9,25129.599609375,25049.8,25060.05,0.0
2024-08-28 15:00:00,25061.45,25068.35,25032.1,25044.85,0.0
2024-08-29 09:00:00,25035.30078125,25109.30078125,25017.5,25098.0,0.0
2024-08-29 10:00:00,25098.0,25117.94921875,25077.05,25089.35,0.0
2024-08-29 11:00:00,25089.5,25106.5,25072.15,25078.85,0.0
2024-08-29 12:00:00,25079.2,25174.55078125,25070.15,25138.15,0.0
2024-08-29 13:00:00,25138.5,25166.75,25120.55,25138.65,0.0
2024-08-29 14:00:00,25138.6,25188.30078125,24998.5,25173.75,0.0
2024-08-29 15:00:00,25175.1,25192.900390625,25117.7,25156.75,0.0
2024-08-30 09:00:00,25249.69921875,25258.80078125,25205.55078125,25225.35,0.0
2024-08-30 10:00:00,25224.9,25236.65,25199.400390625,25224.7,0.0
2024-08-30 11:00:00,25224.45,25250.55,25217.75,25240.2,0.0
2024-08-30 12:00:00,25239.45,25258.15,25232.75,25238.95,0.0
2024-08-30 13:00:00,25239.05,25250.75,25228.65,25238.1,0.0
2024-08-30 14:00:00,25238.2,25263.19921875,25223.2,25234.7,0.0
2024-08-30 15:00:00,25233.05,25268.349609375,25206.8,25247.0,0.0
2024-09-02 09:00:00,25333.599609375,25333.650390625,25281.75,25297.0,0.0
2024-09-02 10:00:00,25297.6,25315.6,25281.650390625,25314.55,0.0
2024-09-02 11:00:00,25314.45,25322.0,25281.8,25287.75,0.0
2024-09-02 12:00:00,25289.1,25304.1,25235.5,25246.55,0.0
2024-09-02 13:00:00,25246.6,25269.95,25240.95,25252.3,0.0
2024-09-02 14:00:00,25253.0,25290.35,25251.15,25274.25,0.0
2024-09-02 15:00:00,25275.0,25289.85,25258.6,25273.9,0.0
2024-09-03 09:00:00,25313.400390625,25321.69921875,25241.19921875,25253.65,0.0
2024-09-03 10:00:00,25253.4,25274.55,25244.55,25255.15,0.0
2024-09-03 11:00:00,25255.9,25265.05,25235.80078125,25250.0,0.0
2024-09-03 12:00:00,25250.75,25271.45,25247.05,25269.15,0.0
2024-09-03 13:00:00,25270.7,25298.3,25252.1,25262.25,0.0
2024-09-03 14:00:00,25262.7,25304.1,25258.25,25299.8,0.0
2024-09-03 15:00:00,25300.3,25301.1,25260.75,25268.85,0.0
2024-09-04 09:00:00,25089.94921875,25137.19921875,25083.80078125,25127.45,0.0
2024-09-04 10:00:00,25127.65,25158.400390625,25094.65,25137.95,0.0
2024-09-04 11:00:00,25137.5,25144.2,25118.0,25130.2,0.0
2024-09-04 12:00:00,25129.65,25145.5,25124.95,25135.65,0.0
2024-09-04 13:00:00,25135.55,25192.44921875,25130.35,25177.3,0.0
2024-09-04 14:00:00,25178.0,25184.9,25145.75,25169.95,0.0
2024-09-04 15:00:00,25169.3,25216.0,25169.3,25206.35,0.0
2024-09-05 09:00:00,25250.5,25275.44921875,25187.0,25210.75,0.0
2024-09-05 10:00:00,25210.55,25215.25,25151.55078125,25175.5,0.0
2024-09-05 11:00:00,25175.65,25198.6,25168.25,25176.15,0.0
2024-09-05 12:00:00,25175.9,25195.75,25170.6,25186.5,0.0
2024-09-05 13:00:00,25186.25,25188.3,25161.1,25175.0,0.0
2024-09-05 14:00:00,25175.2,25180.9,25135.69921875,25148.15,0.0
2024-09-05 15:00:00,25147.15,25163.55,25127.75,25144.8,0.0
2024-09-06 09:00:00,25093.69921875,25168.75,24968.94921875,24994.9,0.0
2024-09-06 10:00:00,24993.65,24999.8,24878.650390625,24921.7,0.0
2024-09-06 11:00:00,24921.3,24933.4,24859.599609375,24920.9,0.0
2024-09-06 12:00:00,24920.85,24960.55,24867.7,24870.7,0.0
2024-09-06 13:00:00,24870.4,24893.85,24839.4,24867.6,0.0
2024-09-06 14:00:00,24867.7,24884.55,24801.3,24818.3,0.0
2024-09-06 15:00:00,24816.25,24878.2,24816.25,24868.5,0.0
2024-09-09 09:00:00,24823.400390625,24868.44921875,24753.15,24842.0,0.0
2024-09-09 10:00:00,24843.85,24916.75,24809.25,24883.85,0.0
2024-09-09 11:00:00,24883.6,24899.7,24856.25,24879.4,0.0
2024-09-09 12:00:00,24879.3,24880.65,24834.4,24864.2,0.0
2024-09-09 13:00:00,24864.05,24938.599609375,24864.05,24890.95,0.0
2024-09-09 14:00:00,24889.7,24935.55,24867.7,24924.55,0.0
2024-09-09 15:00:00,24924.85,24957.5,24912.8,24942.25,0.0
2024-09-10 09:00:00,24999.400390625,25014.80078125,24908.5,24921.1,0.0
2024-09-10 10:00:00,24921.15,24972.25,24896.80078125,24969.6,0.0
2024-09-10 11:00:00,24969.7,25028.599609375,24952.7,25024.55,0.0
2024-09-10 12:00:00,25024.9,25084.55078125,25015.5,25067.1,0.0
2024-09-10 13:00:00,25067.7,25130.5,25066.95,25116.5,0.0
2024-09-10 14:00:00,25116.95,25122.65,25040.35,25057.1,0.0
2024-09-10 15:00:00,25056.0,25061.75,25014.8,25052.1,0.0
2024-09-11 09:00:00,25034.0,25073.5,24981.30078125,25036.0,0.0
2024-09-11 10:00:00,25037.25,25091.25,25011.65,25055.6,0.0
2024-09-11 11:00:00,25056.45,25089.75,25035.4,25084.0,0.0
2024-09-11 12:00:00,25081.8,25113.69921875,25053.8,25055.75,0.0
2024-09-11 13:00:00,25055.7,25070.0,25003.0,25003.8,0.0
2024-09-11 14:00:00,25002.85,25003.15,24894.44921875,24909.3,0.0
2024-09-11 15:00:00,24909.2,24951.8,24885.150390625,24951.8,0.0
2024-09-12 09:00:00,25059.650390625,25072.55078125,24981.900390625,24992.4,0.0
2024-09-12 10:00:00,24995.85,25041.85,24979.599609375,25010.7,0.0
2024-09-12 11:00:00,25009.6,25036.8,24941.44921875,25002.65,0.0
2024-09-12 12:00:00,25000.55,25014.95,24963.75,25000.35,0.0
2024-09-12 13:00:00,25000.25,25023.8,24977.1,25011.4,0.0
2024-09-12 14:00:00,25010.8,25350.44921875,25008.6,25348.0,0.0
2024-09-12 15:00:00,25347.85,25433.349609375,25310.25,25314.95,0.0
2024-09-13 09:00:00,25430.44921875,25430.5,25292.44921875,25326.55,0.0
2024-09-13 10:00:00,25327.2,25377.85,25325.0,25368.0,0.0
2024-09-13 11:00:00,25369.0,25393.8,25355.25,25368.25,0.0
2024-09-13 12:00:00,25368.5,25390.65,25359.15,25383.6,0.0
2024-09-13 13:00:00,25384.1,25387.4,25346.6,25375.2,0.0
2024-09-13 14:00:00,25375.95,25392.05,25350.8,25366.95,0.0
2024-09-13 15:00:00,25365.35,25368.25,25331.8,25343.55,0.0
2024-09-16 09:00:00,25406.650390625,25445.69921875,25366.0,25417.2,0.0
2024-09-16 10:00:00,25417.8,25429.85,25388.65,25391.5,0.0
2024-09-16 11:00:00,25391.4,25396.6,25351.94921875,25356.9,0.0
2024-09-16 12:00:00,25356.9,25381.6,25336.19921875,25369.3,0.0
2024-09-16 13:00:00,25369.45,25422.4,25365.65,25404.95,0.0
2024-09-16 14:00:00,25404.65,25410.7,25379.3,25391.45,0.0
2024-09-16 15:00:00,25389.75,25397.7,25375.5,25377.2,0.0
2024-09-17 09:00:00,25416.900390625,25416.900390625,25352.25,25363.9,0.0
2024-09-17 10:00:00,25364.15,25414.7,25355.5,25409.35,0.0
2024-09-17 11:00:00,25408.85,25432.69921875,25392.35,25421.9,0.0
2024-09-17 12:00:00,25421.75,25436.849609375,25404.05,25426.4,0.0
2024-09-17 13:00:00,25426.35,25441.650390625,25412.6,25426.05,0.0
2024-09-17 14:00:00,25425.7,25438.35,25408.45,25417.05,0.0
2024-09-17 15:00:00,25417.25,25429.2,25404.8,25407.15,0.0
2024-09-18 09:00:00,25402.400390625,25443.099609375,25380.80078125,25431.75,0.0
2024-09-18 10:00:00,25430.85,25478.599609375,25408.1,25463.55,0.0
2024-09-18 11:00:00,25464.2,25472.5,25447.35,25463.0,0.0
2024-09-18 12:00:00,25463.5,25482.19921875,25427.05,25427.05,0.0
2024-09-18 13:00:00,25428.35,25438.0,25285.55078125,25361.75,0.0
2024-09-18 14:00:00,25362.05,25372.2,25327.7,25366.25,0.0
2024-09-18 15:00:00,25364.7,25409.1,25342.35,25343.45,0.0
2024-09-19 09:00:00,25487.05078125,25611.94921875,25481.69921875,25525.3,0.0
2024-09-19 10:00:00,25526.25,25552.25,25477.55078125,25511.85,0.0
2024-09-19 11:00:00,25512.1,25520.4,25390.55078125,25392.85,0.0
2024-09-19 12:00:00,25392.3,25467.65,25390.19921875,25423.05,0.0
2024-09-19 13:00:00,25422.4,25433.85,25376.05078125,25403.05,0.0
2024-09-19 14:00:00,25405.95,25424.25,25388.6,25418.1,0.0
2024-09-19 15:00:00,25418.45,25453.7,25392.6,25445.0,0.0
2024-09-20 09:00:00,25525.94921875,25599.25,25426.599609375,25585.15,0.0
2024-09-20 10:00:00,25586.7,25692.69921875,25541.65,25669.05,0.0
2024-09-20 11:00:00,25667.8,25725.599609375,25629.95,25700.55,0.0
2024-09-20 12:00:00,25700.55,25804.849609375,25687.8,25768.45,0.0
2024-09-20 13:00:00,25768.9,25806.94921875,25487.35,25665.75,0.0
2024-09-20 14:00:00,25662.35,25801.0,25593.75,25702.5,0.0
2024-09-20 15:00:00,25703.95,25849.25,25703.75,25820.35,0.0
2024-09-23 09:00:00,25872.55078125,25925.80078125,25849.5,25904.15,0.0
2024-09-23 10:00:00,25904.4,25916.7,25859.65,25884.55,0.0
2024-09-23 11:00:00,25885.35,25892.65,25847.349609375,25879.95,0.0
2024-09-23 12:00:00,25878.5,25880.25,25857.1,25872.55,0.0
2024-09-23 13:00:00,25873.1,25913.6,25871.15,25906.05,0.0
2024-09-23 14:00:00,25906.75,25945.900390625,25897.35,25924.1,0.0
2024-09-23 15:00:00,25925.1,25956.0,25919.9,25930.15,0.0
2024-09-24 09:00:00,25921.44921875,25975.55078125,25886.849609375,25963.65,0.0
2024-09-24 10:00:00,25963.2,25981.5,25937.55,25960.45,0.0
2024-09-24 11:00:00,25960.75,25961.85,25905.75,25911.65,0.0
2024-09-24 12:00:00,25911.4,25963.75,25911.0,25957.45,0.0
2024-09-24 13:00:00,25957.8,25984.25,25951.1,25964.95,0.0
2024-09-24 14:00:00,25964.2,26011.55078125,25948.3,25950.5,0.0
2024-09-24 15:00:00,25950.25,25959.15,25918.65,25951.9,0.0
2024-09-25 09:00:00,25899.44921875,25954.150390625,25891.69921875,25943.6,0.0
2024-09-25 10:00:00,25943.75,25950.65,25900.9,25914.7,0.0
2024-09-25 11:00:00,25915.1,25930.9,25871.349609375,25880.25,0.0
2024-09-25 12:00:00,25880.75,25899.45,25875.35,25892.8,0.0
2024-09-25 13:00:00,25893.35,25929.3,25882.95,25920.95,0.0
2024-09-25 14:00:00,25921.3,25950.45,25920.85,25928.7,0.0
2024-09-25 15:00:00,25929.95,26032.80078125,25929.1,26013.5,0.0
2024-09-26 09:00:00,26005.400390625,26057.900390625,25998.400390625,26045.95,0.0
2024-09-26 10:00:00,26045.5,26087.80078125,26039.35,26064.4,0.0
2024-09-26 11:00:00,26065.45,26088.400390625,26055.0,26080.95,0.0
2024-09-26 12:00:00,26081.7,26112.94921875,26078.65,26093.0,0.0
2024-09-26 13:00:00,26092.75,26113.94921875,26063.6,26095.6,0.0
2024-09-26 14:00:00,26096.3,26219.55078125,26034.65,26213.1,0.0
2024-09-26 15:00:00,26214.15,26250.900390625,26174.1,26184.65,0.0
2024-09-27 09:00:00,26248.25,26271.849609375,26208.900390625,26260.75,0.0
2024-09-27 10:00:00,26260.95,26277.349609375,26241.25,26257.45,0.0
2024-09-27 11:00:00,26258.0,26260.15,26206.94921875,26213.4,0.0
2024-09-27 12:00:00,26214.3,26249.4,26182.099609375,26189.2,0.0
2024-09-27 13:00:00,26188.7,26230.85,26166.94921875,26220.7,0.0
2024-09-27 14:00:00,26219.7,26225.4,26174.25,26187.4,0.0
2024-09-27 15:00:00,26185.3,26206.8,26151.400390625,26175.0,0.0
2024-09-30 09:00:00,26061.30078125,26134.69921875,25961.55078125,25980.65,0.0
2024-09-30 10:00:00,25981.0,26018.75,25937.849609375,25939.85,0.0
2024-09-30 11:00:00,25937.65,25951.7,25882.3,25901.4,0.0
2024-09-30 12:00:00,25902.3,25915.0,25885.9,25891.8,0.0
2024-09-30 13:00:00,25892.25,25896.2,25824.400390625,25868.6,0.0
2024-09-30 14:00:00,25868.15,25872.9,25796.650390625,25842.95,0.0
2024-09-30 15:00:00,25842.85,25848.05,25794.099609375,25822.8,0.0
2024-10-01 09:00:00,25788.44921875,25907.599609375,25788.05078125,25845.7,0.0
2024-10-01 10:00:00,25846.6,25852.35,25743.44921875,25786.9,0.0
2024-10-01 11:00:00,25785.8,25825.55,25739.19921875,25821.75,0.0
2024-10-01 12:00:00,25821.05,25838.85,25755.1,25773.05,0.0
2024-10-01 13:00:00,25773.65,25822.6,25761.0,25796.8,0.0
2024-10-01 14:00:00,25796.45,25809.45,25754.6,25780.05,0.0
2024-10-01 15:00:00,25779.8,25819.2,25779.8,25812.55,0.0
2024-10-03 09:00:00,25452.849609375,25639.44921875,25451.599609375,25575.5,0.0
2024-10-03 10:00:00,25576.0,25580.55,25500.6,25505.15,0.0
2024-10-03 11:00:00,25505.1,25507.35,25389.05078125,25398.2,0.0
2024-10-03 12:00:00,25398.15,25414.3,25368.69921875,25374.85,0.0
2024-10-03 13:00:00,25374.25,25378.35,25231.900390625,25264.2,0.0
2024-10-03 14:00:00,25264.55,25286.5,25230.30078125,25246.75,0.0
2024-10-03 15:00:00,25247.55,25274.1,25245.85,25266.0,0.0
2024-10-04 09:00:00,25181.900390625,25287.900390625,25094.55078125,25279.3,0.0
2024-10-04 10:00:00,25279.8,25360.30078125,25175.45,25339.45,0.0
2024-10-04 11:00:00,25338.85,25423.650390625,25275.1,25421.8,0.0
2024-10-04 12:00:00,25420.85,25485.05078125,25116.7,25117.25,0.0
2024-10-04 13:00:00,25117.25,25156.3,25022.599609375,25045.6,0.0
2024-10-04 14:00:00,25046.15,25064.35,24984.849609375,24994.2,0.0
2024-10-04 15:00:00,24992.75,25049.65,24966.80078125,25049.1,0.0
2024-10-07 09:00:00,25084.099609375,25143.0,25019.5,25077.75,0.0
2024-10-07 10:00:00,25077.05,25086.25,24882.900390625,24896.9,0.0
2024-10-07 11:00:00,24896.1,25005.9,24798.650390625,24903.95,0.0
2024-10-07 12:00:00,24904.1,24960.05,24806.75,24821.9,0.0
2024-10-07 13:00:00,24822.0,24827.3,24694.349609375,24782.4,0.0
2024-10-07 14:00:00,24781.6,24923.2,24718.85,24799.7,0.0
2024-10-07 15:00:00,24796.6,24847.55,24767.45,24819.0,0.0
2024-10-08 09:00:00,24832.19921875,24901.150390625,24756.80078125,24856.4,0.0
2024-10-08 10:00:00,24856.2,24942.80078125,24804.3,24894.65,0.0
2024-10-08 11:00:00,24894.75,24989.849609375,24887.5,24935.85,0.0
2024-10-08 12:00:00,24935.55,24946.9,24885.95,24910.75,0.0
2024-10-08 13:00:00,24910.55,25024.44921875,24898.25,25006.85,0.0
2024-10-08 14:00:00,25007.4,25044.0,24925.1,24966.8,0.0
2024-10-08 15:00:00,24967.15,25042.3,24967.15,25039.5,0.0
2024-10-09 09:00:00,25065.80078125,25109.80078125,25041.150390625,25076.95,0.0
2024-10-09 10:00:00,25077.85,25221.44921875,25031.349609375,25200.5,0.0
2024-10-09 11:00:00,25199.65,25234.05078125,25115.0,25122.4,0.0
2024-10-09 12:00:00,25121.8,25159.75,25096.45,25140.5,0.0
2024-10-09 13:00:00,25140.2,25141.4,25062.3,25111.6,0.0
2024-10-09 14:00:00,25111.4,25141.15,25022.900390625,25027.15,0.0
2024-10-09 15:00:00,25027.75,25029.3,24947.69921875,25019.55,0.0
2024-10-10 09:00:00,25067.05078125,25083.55078125,24995.849609375,25080.65,0.0
2024-10-10 10:00:00,25080.8,25134.05078125,25031.4,25072.0,0.0
2024-10-10 11:00:00,25073.1,25075.6,24990.5,25041.05,0.0
2024-10-10 12:00:00,25040.95,25051.1,25005.75,25008.9,0.0
2024-10-10 13:00:00,25007.55,25053.8,25006.55,25017.45,0.0
2024-10-10 14:00:00,25019.1,25037.55,24987.099609375,24990.75,0.0
2024-10-10 15:00:00,24989.4,25019.6,24979.400390625,25007.55,0.0
2024-10-11 09:00:00,24985.30078125,25018.80078125,24934.349609375,24991.95,0.0
2024-10-11 10:00:00,24992.3,25028.650390625,24951.45,24951.45,0.0
2024-10-11 11:00:00,24952.1,24965.25,24920.05078125,24944.0,0.0
2024-10-11 12:00:00,24943.45,24969.1,24934.65,24956.3,0.0
2024-10-11 13:00:00,24956.05,24979.9,24946.35,24967.7,0.0
2024-10-11 14:00:00,24967.6,24975.45,24942.35,24959.05,0.0
2024-10-11 15:00:00,24956.9,24979.3,24948.3,24975.05,0.0
2024-10-14 09:00:00,25023.44921875,25120.650390625,25017.5,25100.2,0.0
2024-10-14 10:00:00,25099.5,25131.94921875,25078.35,25089.65,0.0
2024-10-14 11:00:00,25090.05,25150.30078125,25073.85,25141.55,0.0
2024-10-14 12:00:00,25141.5,25159.75,25108.2,25108.75,0.0
2024-10-14 13:00:00,25109.5,25137.45,25097.4,25129.4,0.0
2024-10-14 14:00:00,25129.85,25146.3,25110.1,25121.0,0.0
2024-10-14 15:00:00,25120.05,25148.1,25114.65,25142.3,0.0
2024-10-15 09:00:00,25186.30078125,25212.05078125,25080.849609375,25087.9,0.0
2024-10-15 10:00:00,25088.15,25097.65,25014.099609375,25078.25,0.0
2024-10-15 11:00:00,25077.8,25085.15,25037.6,25083.1,0.0
2024-10-15 12:00:00,25082.5,25089.95,25053.55,25058.8,0.0
2024-10-15 13:00:00,25058.55,25072.2,25008.150390625,25038.3,0.0
2024-10-15 14:00:00,25038.6,25069.7,25024.45,25030.3,0.0
2024-10-15 15:00:00,25029.05,25079.1,25022.15,25065.15,0.0
2024-10-16 09:00:00,25008.55078125,25093.400390625,24994.650390625,25071.55,0.0
2024-10-16 10:00:00,25072.0,25073.85,25012.25,25031.75,0.0
2024-10-16 11:00:00,25032.85,25039.65,24908.44921875,24956.85,0.0
2024-10-16 12:00:00,24956.8,24969.2,24933.55,24955.85,0.0
2024-10-16 13:00:00,24955.45,24989.15,24951.2,24969.1,0.0
2024-10-16 14:00:00,24969.35,25059.85,24968.6,24999.9,0.0
2024-10-16 15:00:00,24999.7,25000.85,24951.0,24959.9,0.0
2024-10-17 09:00:00,25027.400390625,25029.5,24805.80078125,24836.2,0.0
2024-10-17 10:00:00,24836.35,24860.65,24797.4,24822.45,0.0
2024-10-17 11:00:00,24822.45,24829.6,24769.94921875,24781.05,0.0
2024-10-17 12:00:00,24780.95,24798.5,24755.849609375,24793.6,0.0
2024-10-17 13:00:00,24794.15,24798.2,24742.94921875,24747.8,0.0
2024-10-17 14:00:00,24747.35,24770.05,24728.900390625,24742.35,0.0
2024-10-17 15:00:00,24743.1,24766.5,24737.35,24750.2,0.0
2024-10-18 09:00:00,24664.94921875,24705.900390625,24567.650390625,24646.4,0.0
2024-10-18 10:00:00,24645.45,24754.0,24628.05,24720.55,0.0
2024-10-18 11:00:00,24720.7,24794.5,24689.7,24787.25,0.0
2024-10-18 12:00:00,24787.3,24869.150390625,24775.9,24842.5,0.0
2024-10-18 13:00:00,24843.15,24885.849609375,24811.35,24868.25,0.0
2024-10-18 14:00:00,24868.55,24885.5,24848.65,24876.0,0.0
2024-10-18 15:00:00,24878.75,24886.19921875,24833.55,24862.65,0.0
2024-10-21 09:00:00,24956.150390625,24978.30078125,24679.599609375,24743.45,0.0
2024-10-21 10:00:00,24743.6,24866.05,24738.2,24822.8,0.0
2024-10-21 11:00:00,24822.9,24843.35,24738.65,24742.15,0.0
2024-10-21 12:00:00,24742.55,24762.25,24710.95,24731.35,0.0
2024-10-21 13:00:00,24731.65,24855.1,24720.4,24854.3,0.0
2024-10-21 14:00:00,24854.95,24878.9,24798.7,24803.6,0.0
2024-10-21 15:00:00,24804.3,24815.35,24736.05,24739.45,0.0
2024-10-22 09:00:00,24798.650390625,24867.900390625,24755.349609375,24858.75,0.0
2024-10-22 10:00:00,24858.75,24882.0,24636.75,24718.8,0.0
2024-10-22 11:00:00,24718.65,24741.45,24626.900390625,24683.1,0.0
2024-10-22 12:00:00,24683.05,24702.0,24598.0,24622.8,0.0
2024-10-22 13:00:00,24622.8,24624.4,24569.75,24605.85,0.0
2024-10-22 14:00:00,24605.7,24633.45,24508.44921875,24516.7,0.0
2024-10-22 15:00:00,24517.4,24520.2,24445.80078125,24481.75,0.0
2024-10-23 09:00:00,24378.150390625,24529.55078125,24378.099609375,24501.5,0.0
2024-10-23 10:00:00,24501.05,24556.55078125,24455.0,24532.8,0.0
2024-10-23 11:00:00,24532.55,24604.25,24530.6,24581.6,0.0
2024-10-23 12:00:00,24581.6,24595.25,24502.8,24558.1,0.0
2024-10-23 13:00:00,24558.15,24567.6,24521.9,24530.2,0.0
2024-10-23 14:00:00,24530.95,24541.15,24422.4,24447.85,0.0
2024-10-23 15:00:00,24448.35,24461.85,24417.1,24436.0,0.0
2024-10-24 09:00:00,24412.69921875,24480.650390625,24341.19921875,24409.6,0.0
2024-10-24 10:00:00,24409.25,24451.65,24401.85,24405.6,0.0
2024-10-24 11:00:00,24407.4,24421.2,24392.45,24412.85,0.0
2024-10-24 12:00:00,24412.0,24417.65,24395.15,24400.5,0.0
2024-10-24 13:00:00,24400.4,24406.75,24385.7,24394.35,0.0
2024-10-24 14:00:00,24393.7,24407.35,24367.8,24399.35,0.0
2024-10-24 15:00:00,24400.1,24419.05,24387.05,24414.6,0.0
2024-10-25 09:00:00,24418.05078125,24440.25,24248.55078125,24250.85,0.0
2024-10-25 10:00:00,24252.0,24277.2,24113.05078125,24155.15,0.0
2024-10-25 11:00:00,24154.65,24213.75,24123.8,24145.35,0.0
2024-10-25 12:00:00,24144.65,24163.6,24093.94921875,24136.55,0.0
2024-10-25 13:00:00,24136.8,24140.7,24092.0,24108.75,0.0
2024-10-25 14:00:00,24109.2,24155.55,24073.900390625,24143.65,0.0
2024-10-25 15:00:00,24147.75,24225.55,24126.75,24211.8,0.0
2024-10-28 09:00:00,24251.099609375,24295.650390625,24134.900390625,24287.95,0.0
2024-10-28 10:00:00,24288.9,24440.400390625,24243.3,24401.7,0.0
2024-10-28 11:00:00,24402.3,24433.75,24356.4,24418.6,0.0
2024-10-28 12:00:00,24417.85,24492.6,24396.0,24428.35,0.0
2024-10-28 13:00:00,24429.6,24459.3,24401.85,24416.25,0.0
2024-10-28 14:00:00,24416.15,24423.45,24367.1,24396.3,0.0
2024-10-28 15:00:00,24393.35,24395.2,24305.75,24367.7,0.0
2024-10-29 09:00:00,24328.849609375,24378.650390625,24192.099609375,24212.55,0.0
2024-10-29 10:00:00,24212.8,24242.5,24140.849609375,24206.15,0.0
2024-10-29 11:00:00,24205.9,24256.0,24168.35,24231.3,0.0
2024-10-29 12:00:00,24232.15,24330.55,24232.15,24321.9,0.0
2024-10-29 13:00:00,24321.8,24346.8,24269.1,24321.5,0.0
2024-10-29 14:00:00,24321.75,24459.75,24321.75,24445.05,0.0
2024-10-29 15:00:00,24443.65,24484.5,24440.15,24454.0,0.0
2024-10-30 09:00:00,24371.44921875,24436.44921875,24337.599609375,24403.2,0.0
2024-10-30 10:00:00,24403.8,24449.150390625,24380.6,24443.9,0.0
2024-10-30 11:00:00,24444.0,24467.099609375,24418.45,24446.95,0.0
2024-10-30 12:00:00,24446.25,24462.6,24414.4,24459.95,0.0
2024-10-30 13:00:00,24458.95,24498.19921875,24352.3,24365.4,0.0
2024-10-30 14:00:00,24364.35,24375.95,24307.30078125,24355.5,0.0
2024-10-30 15:00:00,24356.7,24363.5,24328.0,24350.3,0.0
2024-10-31 09:00:00,24349.849609375,24372.44921875,24234.30078125,24295.05,0.0
2024-10-31 10:00:00,24297.05,24304.65,24235.2,24255.8,0.0
2024-10-31 11:00:00,24257.2,24269.5,24232.400390625,24235.05,0.0
2024-10-31 12:00:00,24234.85,24244.35,24191.150390625,24208.25,0.0
2024-10-31 13:00:00,24208.9,24235.2,24199.1,24206.6,0.0
2024-10-31 14:00:00,24206.5,24225.25,24172.599609375,24193.4,0.0
2024-10-31 15:00:00,24191.65,24241.75,24182.1,24238.5,0.0
2024-11-04 09:00:00,24315.75,24316.75,24017.349609375,24063.95,0.0
2024-11-04 10:00:00,24061.7,24073.25,23881.69921875,23884.6,0.0
2024-11-04 11:00:00,23885.15,23898.1,23816.150390625,23887.45,0.0
2024-11-04 12:00:00,23888.3,23951.0,23854.9,23858.0,0.0
2024-11-04 13:00:00,23856.75,23921.5,23856.75,23914.5,0.0
2024-11-04 14:00:00,23914.05,23991.3,23898.9,23972.75,0.0
2024-11-04 15:00:00,23973.6,24011.45,23973.6,23990.95,0.0
2024-11-05 09:00:00,23916.5,24026.25,23908.650390625,23998.6,0.0
2024-11-05 10:00:00,23998.7,24037.19921875,23938.85,23982.5,0.0
2024-11-05 11:00:00,23982.45,23994.1,23842.75,23863.05,0.0
2024-11-05 12:00:00,23862.75,23951.3,23845.75,23918.75,0.0
2024-11-05 13:00:00,23918.1,24131.900390625,23893.5,24124.9,0.0
2024-11-05 14:00:00,24125.8,24218.400390625,24119.35,24189.35,0.0
2024-11-05 15:00:00,24192.4,24229.05078125,24189.3,24198.15,0.0
2024-11-06 09:00:00,24308.75,24396.94921875,24204.05078125,24355.8,0.0
2024-11-06 10:00:00,24354.9,24415.05078125,24281.25,24361.2,0.0
2024-11-06 11:00:00,24361.1,24440.55078125,24349.55,24435.9,0.0
2024-11-06 12:00:00,24436.85,24443.94921875,24399.1,24431.35,0.0
2024-11-06 13:00:00,24430.1,24489.80078125,24419.4,24488.35,0.0
2024-11-06 14:00:00,24487.25,24537.599609375,24447.65,24464.95,0.0
2024-11-06 15:00:00,24464.95,24500.25,24463.0,24493.9,0.0
2024-11-07 09:00:00,24489.599609375,24503.349609375,24277.900390625,24279.8,0.0
2024-11-07 10:00:00,24279.85,24280.25,24181.94921875,24252.7,0.0
2024-11-07 11:00:00,24253.5,24260.35,24183.3,24205.6,0.0
2024-11-07 12:00:00,24205.05,24239.05,24193.2,24216.65,0.0
2024-11-07 13:00:00,24217.1,24226.55,24179.05078125,24208.2,0.0
2024-11-07 14:00:00,24208.0,24218.15,24180.4,24201.9,0.0
2024-11-07 15:00:00,24200.65,24211.65,24187.3,24194.6,0.0
2024-11-08 09:00:00,24207.69921875,24276.150390625,24066.650390625,24191.85,0.0
2024-11-08 10:00:00,24192.35,24215.7,24153.45,24169.2,0.0
2024-11-08 11:00:00,24169.45,24173.75,24110.8,24113.6,0.0
2024-11-08 12:00:00,24113.55,24149.5,24105.75,24142.8,0.0
2024-11-08 13:00:00,24142.8,24183.65,24133.75,24151.6,0.0
2024-11-08 14:00:00,24151.25,24172.3,24125.0,24159.75,0.0
2024-11-08 15:00:00,24162.55,24167.75,24104.7,24110.35,0.0
2024-11-11 09:00:00,24087.25,24178.69921875,24004.599609375,24159.15,0.0
2024-11-11 10:00:00,24158.9,24267.650390625,24111.8,24264.75,0.0
2024-11-11 11:00:00,24265.3,24336.80078125,24261.65,24287.95,0.0
2024-11-11 12:00:00,24288.0,24294.4,24202.15,24233.2,0.0
2024-11-11 13:00:00,24232.8,24239.65,24119.45,24155.1,0.0
2024-11-11 14:00:00,24154.35,24204.0,24080.6,24167.9,0.0
2024-11-11 15:00:00,24172.95,24174.0,24116.85,24122.1,0.0
2024-11-12 09:00:00,24225.80078125,24242.0,24120.150390625,24229.05,0.0
2024-11-12 10:00:00,24229.1,24233.9,24103.599609375,24141.35,0.0
2024-11-12 11:00:00,24141.55,24160.95,24117.35,24129.65,0.0
2024-11-12 12:00:00,24130.2,24141.55,23981.0,24006.9,0.0
2024-11-12 13:00:00,24006.6,24039.85,23912.69921875,23947.25,0.0
2024-11-12 14:00:00,23947.65,23992.55,23908.650390625,23926.55,0.0
2024-11-12 15:00:00,23923.45,23936.3,23839.150390625,23842.95,0.0
2024-11-13 09:00:00,23822.44921875,23873.599609375,23708.650390625,23793.9,0.0
2024-11-13 10:00:00,23792.55,23795.35,23679.349609375,23735.55,0.0
2024-11-13 11:00:00,23735.95,23745.6,23682.8,23714.6,0.0
2024-11-13 12:00:00,23715.45,23727.8,23650.599609375,23659.1,0.0
2024-11-13 13:00:00,23658.9,23722.3,23632.05078125,23698.65,0.0
2024-11-13 14:00:00,23698.9,23708.8,23545.5,23557.6,0.0
2024-11-13 15:00:00,23560.25,23618.85,23509.599609375,23602.9,0.0
2024-11-14 09:00:00,23542.150390625,23645.30078125,23500.650390625,23596.65,0.0
2024-11-14 10:00:00,23597.2,23675.900390625,23547.8,23554.1,0.0
2024-11-14 11:00:00,23554.1,23562.55,23486.099609375,23527.75,0.0
2024-11-14 12:00:00,23527.55,23568.65,23513.15,23536.35,0.0
2024-11-14 13:00:00,23535.85,23570.8,23516.1,23532.05,0.0
2024-11-14 14:00:00,23531.4,23550.7,23520.65,23528.45,0.0
2024-11-14 15:00:00,23529.9,23562.65,23484.150390625,23559.6,0.0
2024-11-18 09:00:00,23605.30078125,23606.80078125,23362.349609375,23405.85,0.0
2024-11-18 10:00:00,23406.5,23488.75,23350.400390625,23413.5,0.0
2024-11-18 11:00:00,23413.2,23453.95,23367.35,23453.4,0.0
2024-11-18 12:00:00,23453.25,23565.25,23447.85,23480.35,0.0
2024-11-18 13:00:00,23480.75,23508.55,23443.75,23492.4,0.0
2024-11-18 14:00:00,23492.8,23503.6,23412.55,23450.05,0.0
2024-11-18 15:00:00,23449.25,23474.85,23435.9,23465.3,0.0
2024-11-19 09:00:00,23529.55078125,23709.599609375,23517.099609375,23675.7,0.0
2024-11-19 10:00:00,23675.8,23750.0,23675.8,23713.9,0.0
2024-11-19 11:00:00,23713.1,23780.650390625,23713.0,23752.25,0.0
2024-11-19 12:00:00,23752.65,23765.45,23724.2,23751.7,0.0
2024-11-19 13:00:00,23751.25,23771.7,23738.45,23766.55,0.0
2024-11-19 14:00:00,23766.05,23767.6,23576.3,23581.2,0.0
2024-11-19 15:00:00,23582.2,23583.25,23464.80078125,23468.7,0.0
2024-11-21 09:00:00,23488.44921875,23507.30078125,23263.150390625,23318.05,0.0
2024-11-21 10:00:00,23317.85,23376.5,23289.7,23323.95,0.0
2024-11-21 11:00:00,23322.9,23351.2,23318.2,23350.9,0.0
2024-11-21 12:00:00,23351.5,23369.1,23308.8,23311.4,0.0
2024-11-21 13:00:00,23310.75,23360.4,23307.2,23347.25,0.0
2024-11-21 14:00:00,23346.75,23350.8,23319.15,23339.95,0.0
2024-11-21 15:00:00,23341.65,23367.5,23326.35,23346.75,0.0
2024-11-22 09:00:00,23411.80078125,23541.099609375,23359.0,23500.05,0.0
2024-11-22 10:00:00,23499.75,23608.94921875,23447.15,23532.05,0.0
2024-11-22 11:00:00,23530.65,23598.3,23497.4,23584.85,0.0
2024-11-22 12:00:00,23585.05,23689.5,23577.35,23674.4,0.0
2024-11-22 13:00:00,23674.8,23798.900390625,23661.75,23798.9,0.0
2024-11-22 14:00:00,23798.1,23956.099609375,23792.05,23929.6,0.0
2024-11-22 15:00:00,23930.6,23940.3,23854.9,23873.5,0.0
2024-11-25 09:00:00,24253.55078125,24330.69921875,24212.25,24256.35,0.0
2024-11-25 10:00:00,24256.95,24328.3,24256.25,24312.05,0.0
2024-11-25 11:00:00,24311.05,24351.55078125,24273.15,24280.35,0.0
2024-11-25 12:00:00,24279.8,24308.2,24141.80078125,24158.0,0.0
2024-11-25 13:00:00,24157.35,24225.5,24135.44921875,24177.75,0.0
2024-11-25 14:00:00,24176.45,24267.8,24164.5,24229.65,0.0
2024-11-25 15:00:00,24230.1,24260.9,24170.55,24250.8,0.0
2024-11-26 09:00:00,24343.30078125,24343.30078125,24207.0,24209.4,0.0
2024-11-26 10:00:00,24208.45,24261.85,24160.05078125,24219.05,0.0
2024-11-26 11:00:00,24219.35,24238.8,24192.35,24200.8,0.0
2024-11-26 12:00:00,24200.85,24201.4,24137.55078125,24173.3,0.0
2024-11-26 13:00:00,24173.45,24197.3,24125.400390625,24195.2,0.0
2024-11-26 14:00:00,24194.8,24240.1,24169.55,24230.4,0.0
2024-11-26 15:00:00,24229.1,24233.3,24174.45,24192.95,0.0
2024-11-27 09:00:00,24204.80078125,24268.849609375,24145.650390625,24201.25,0.0
2024-11-27 10:00:00,24201.9,24207.0,24171.25,24197.05,0.0
2024-11-27 11:00:00,24196.4,24214.55,24161.7,24193.8,0.0
2024-11-27 12:00:00,24192.8,24311.7,24179.45,24305.85,0.0
2024-11-27 13:00:00,24305.25,24354.55078125,24298.75,24310.45,0.0
2024-11-27 14:00:00,24311.05,24323.0,24275.7,24292.55,0.0
2024-11-27 15:00:00,24292.75,24293.05,24257.6,24277.35,0.0
2024-11-28 09:00:00,24274.150390625,24323.05078125,24254.349609375,24311.4,0.0
2024-11-28 10:00:00,24310.7,24345.75,24054.55078125,24113.95,0.0
2024-11-28 11:00:00,24114.05,24133.65,24037.099609375,24055.0,0.0
2024-11-28 12:00:00,24055.55,24096.15,23998.05078125,24003.4,0.0
2024-11-28 13:00:00,24001.5,24053.75,23964.44921875,24046.1,0.0
2024-11-28 14:00:00,24047.6,24074.85,23873.349609375,23911.85,0.0
2024-11-28 15:00:00,23909.4,23959.45,23884.2,23957.45,0.0
2024-11-29 09:00:00,23927.150390625,24063.650390625,23927.150390625,24063.3,0.0
2024-11-29 10:00:00,24062.55,24139.400390625,23962.85,24130.0,0.0
2024-11-29 11:00:00,24132.25,24144.44921875,24074.35,24081.9,0.0
2024-11-29 12:00:00,24081.6,24126.1,24078.5,24125.45,0.0
2024-11-29 13:00:00,24125.05,24157.44921875,24100.9,24144.9,0.0
2024-11-29 14:00:00,24144.4,24188.44921875,24096.25,24150.45,0.0
2024-11-29 15:00:00,24148.85,24162.95,24109.7,24123.65,0.0
2024-12-02 09:00:00,24140.849609375,24154.650390625,24008.650390625,24136.1,0.0
2024-12-02 10:00:00,24134.9,24182.599609375,24079.75,24112.5,0.0
2024-12-02 11:00:00,24112.35,24169.6,24111.8,24144.55,0.0
2024-12-02 12:00:00,24144.2,24190.349609375,24132.85,24186.3,0.0
2024-12-02 13:00:00,24185.75,24230.150390625,24139.65,24226.35,0.0
2024-12-02 14:00:00,24225.3,24301.69921875,24222.1,24262.3,0.0
2024-12-02 15:00:00,24262.55,24288.35,24257.0,24275.25,0.0
2024-12-03 09:00:00,24367.5,24377.900390625,24280.0,24337.85,0.0
2024-12-03 10:00:00,24337.95,24417.69921875,24327.2,24409.2,0.0
2024-12-03 11:00:00,24409.25,24439.69921875,24400.55,24439.1,0.0
2024-12-03 12:00:00,24439.35,24445.80078125,24382.65,24428.45,0.0
2024-12-03 13:00:00,24428.05,24469.25,24401.1,24460.6,0.0
2024-12-03 14:00:00,24460.8,24481.349609375,24439.85,24455.6,0.0
2024-12-03 15:00:00,24455.55,24474.75,24432.75,24445.85,0.0
2024-12-04 09:00:00,24488.75,24565.0,24446.849609375,24545.5,0.0
2024-12-04 10:00:00,24545.5,24573.19921875,24508.75,24534.0,0.0
2024-12-04 11:00:00,24534.8,24552.9,24366.30078125,24414.0,0.0
2024-12-04 12:00:00,24416.35,24497.5,24376.15,24477.35,0.0
2024-12-04 13:00:00,24477.85,24534.95,24461.2,24531.8,0.0
2024-12-04 14:00:00,24531.4,24541.85,24417.25,24438.1,0.0
2024-12-04 15:00:00,24439.0,24482.4,24427.0,24461.55,0.0
2024-12-05 09:00:00,24539.150390625,24539.94921875,24396.349609375,24424.45,0.0
2024-12-05 10:00:00,24424.35,24441.75,24295.55078125,24333.55,0.0
2024-12-05 11:00:00,24331.45,24376.85,24322.4,24366.0,0.0
2024-12-05 12:00:00,24366.2,24648.599609375,24365.5,24594.75,0.0
2024-12-05 13:00:00,24594.7,24677.19921875,24570.75,24664.7,0.0
2024-12-05 14:00:00,24664.3,24857.75,24495.05,24522.3,0.0
2024-12-05 15:00:00,24524.2,24759.9,24511.3,24701.55,0.0
2024-12-06 09:00:00,24729.44921875,24742.900390625,24666.5,24687.25,0.0
2024-12-06 10:00:00,24688.05,24751.05078125,24620.5,24712.3,0.0
2024-12-06 11:00:00,24712.25,24748.0,24667.95,24706.3,0.0
2024-12-06 12:00:00,24706.8,24722.95,24681.7,24709.5,0.0
2024-12-06 13:00:00,24709.4,24715.6,24669.3,24683.1,0.0
2024-12-06 14:00:00,24682.1,24699.05,24659.8,24677.95,0.0
2024-12-06 15:00:00,24677.25,24695.4,24658.25,24669.0,0.0
2024-12-09 09:00:00,24633.900390625,24705.0,24609.650390625,24629.35,0.0
2024-12-09 10:00:00,24628.45,24646.05,24580.05078125,24614.8,0.0
2024-12-09 11:00:00,24615.0,24689.4,24608.15,24677.35,0.0
2024-12-09 12:00:00,24677.2,24680.65,24618.45,24639.55,0.0
2024-12-09 13:00:00,24639.4,24663.0,24620.25,24627.4,0.0
2024-12-09 14:00:00,24627.35,24645.25,24595.1,24629.05,0.0
2024-12-09 15:00:00,24629.5,24635.7,24604.9,24626.6,0.0
2024-12-10 09:00:00,24652.650390625,24674.25,24593.25,24668.95,0.0
2024-12-10 10:00:00,24669.9,24677.80078125,24614.5,24639.3,0.0
2024-12-10 11:00:00,24639.5,24658.6,24623.05,24627.4,0.0
2024-12-10 12:00:00,24627.85,24647.55,24534.30078125,24566.2,0.0
2024-12-10 13:00:00,24566.05,24576.9,24510.650390625,24538.5,0.0
2024-12-10 14:00:00,24538.9,24565.0,24522.85,24553.85,0.0
2024-12-10 15:00:00,24555.55,24628.7,24554.25,24620.5,0.0
2024-12-11 09:00:00,24620.5,24649.0,24583.849609375,24641.15,0.0
2024-12-11 10:00:00,24640.3,24677.0,24600.85,24654.85,0.0
2024-12-11 11:00:00,24654.4,24691.75,24645.8,24671.25,0.0
2024-12-11 12:00:00,24671.95,24686.55,24626.1,24636.2,0.0
2024-12-11 13:00:00,24635.5,24667.0,24634.55,24647.3,0.0
2024-12-11 14:00:00,24648.9,24663.15,24615.55,24636.65,0.0
2024-12-11 15:00:00,24636.15,24654.75,24622.55,24629.5,0.0
2024-12-12 09:00:00,24604.44921875,24675.25,24604.44921875,24634.95,0.0
2024-12-12 10:00:00,24635.1,24642.6,24591.19921875,24602.1,0.0
2024-12-12 11:00:00,24601.65,24612.45,24583.75,24595.15,0.0
2024-12-12 12:00:00,24595.15,24598.8,24551.650390625,24576.5,0.0
2024-12-12 13:00:00,24578.2,24579.95,24543.05078125,24550.55,0.0
2024-12-12 14:00:00,24552.3,24577.05,24532.349609375,24540.95,0.0
2024-12-12 15:00:00,24541.3,24561.3,24527.94921875,24539.5,0.0
2024-12-13 09:00:00,24498.349609375,24520.80078125,24365.80078125,24380.65,0.0
2024-12-13 10:00:00,24382.45,24399.9,24180.80078125,24260.0,0.0
2024-12-13 11:00:00,24259.75,24552.80078125,24236.6,24545.3,0.0
2024-12-13 12:00:00,24545.65,24635.05078125,24497.9,24634.7,0.0
2024-12-13 13:00:00,24635.45,24757.900390625,24574.8,24737.9,0.0
2024-12-13 14:00:00,24739.15,24778.05078125,24705.85,24745.15,0.0
2024-12-13 15:00:00,24744.85,24792.30078125,24735.9,24781.3,0.0
2024-12-16 09:00:00,24753.400390625,24781.25,24681.349609375,24728.15,0.0
2024-12-16 10:00:00,24726.25,24745.85,24650.69921875,24653.75,0.0
2024-12-16 11:00:00,24653.55,24676.45,24608.900390625,24628.6,0.0
2024-12-16 12:00:00,24628.6,24659.0,24601.75,24643.35,0.0
2024-12-16 13:00:00,24643.25,24679.1,24634.7,24658.5,0.0
2024-12-16 14:00:00,24658.15,24687.15,24647.05,24674.5,0.0
2024-12-16 15:00:00,24674.1,24698.1,24647.5,24648.25,0.0
2024-12-17 09:00:00,24584.80078125,24624.099609375,24512.75,24525.45,0.0
2024-12-17 10:00:00,24524.85,24529.75,24383.75,24485.65,0.0
2024-12-17 11:00:00,24485.5,24500.1,24375.849609375,24383.8,0.0
2024-12-17 12:00:00,24383.65,24460.05,24359.25,24434.55,0.0
2024-12-17 13:00:00,24434.25,24436.5,24323.599609375,24374.0,0.0
2024-12-17 14:00:00,24373.3,24388.3,24303.44921875,24331.3,0.0
2024-12-17 15:00:00,24329.1,24362.45,24316.4,24319.35,0.0
2024-12-18 09:00:00,24297.94921875,24394.44921875,24264.44921875,24267.55,0.0
2024-12-18 10:00:00,24267.8,24313.55,24222.5,24226.2,0.0
2024-12-18 11:00:00,24225.8,24267.25,24206.150390625,24236.25,0.0
2024-12-18 12:00:00,24235.8,24244.8,24149.849609375,24192.0,0.0
2024-12-18 13:00:00,24191.4,24252.35,24168.05,24208.35,0.0
2024-12-18 14:00:00,24208.6,24222.4,24166.7,24176.6,0.0
2024-12-18 15:00:00,24177.9,24215.3,24175.65,24214.7,0.0
2024-12-19 09:00:00,23877.150390625,24004.400390625,23870.30078125,23962.95,0.0
2024-12-19 10:00:00,23962.1,23972.8,23917.4,23946.65,0.0
2024-12-19 11:00:00,23946.55,24004.900390625,23932.85,23965.25,0.0
2024-12-19 12:00:00,23965.25,23993.0,23950.05,23958.55,0.0
2024-12-19 13:00:00,23959.05,23973.5,23936.3,23955.0,0.0
2024-12-19 14:00:00,23955.8,23976.2,23938.8,23944.65,0.0
2024-12-19 15:00:00,23944.35,23964.85,23934.35,23961.95,0.0
2024-12-20 09:00:00,23960.69921875,24065.80078125,23826.650390625,23847.9,0.0
2024-12-20 10:00:00,23844.4,23993.9,23807.30078125,23956.0,0.0
2024-12-20 11:00:00,23955.75,23976.3,23892.3,23939.5,0.0
2024-12-20 12:00:00,23939.85,23945.25,23746.55078125,23756.1,0.0
2024-12-20 13:00:00,23756.05,23771.0,23695.650390625,23722.35,0.0
2024-12-20 14:00:00,23721.55,23725.2,23633.80078125,23636.3,0.0
2024-12-20 15:00:00,23633.45,23635.5,23537.349609375,23631.35,0.0
2024-12-23 09:00:00,23738.19921875,23806.5,23701.599609375,23729.15,0.0
2024-12-23 10:00:00,23729.25,23827.099609375,23713.2,23825.9,0.0
2024-12-23 11:00:00,23825.35,23869.55078125,23805.45,23808.0,0.0
2024-12-23 12:00:00,23807.65,23819.5,23683.19921875,23686.1,0.0
2024-12-23 13:00:00,23686.0,23723.2,23647.19921875,23678.45,0.0
2024-12-23 14:00:00,23678.1,23770.7,23660.2,23735.5,0.0
2024-12-23 15:00:00,23736.2,23770.0,23728.6,23747.2,0.0
2024-12-24 09:00:00,23769.099609375,23798.099609375,23709.650390625,23797.9,0.0
2024-12-24 10:00:00,23797.85,23867.650390625,23797.85,23823.55,0.0
2024-12-24 11:00:00,23822.95,23849.25,23813.6,23821.5,0.0
2024-12-24 12:00:00,23821.35,23821.35,23764.1,23793.4,0.0
2024-12-24 13:00:00,23793.65,23800.75,23739.8,23751.7,0.0
2024-12-24 14:00:00,23751.55,23767.3,23714.7,23738.95,0.0
2024-12-24 15:00:00,23737.6,23749.35,23685.150390625,23730.35,0.0
2024-12-26 09:00:00,23775.80078125,23854.5,23773.599609375,23802.2,0.0
2024-12-26 10:00:00,23802.1,23804.0,23701.05078125,23726.55,0.0
2024-12-26 11:00:00,23727.0,23771.25,23727.0,23769.35,0.0
2024-12-26 12:00:00,23769.15,23775.85,23729.35,23745.65,0.0
2024-12-26 13:00:00,23745.5,23774.45,23653.599609375,23740.2,0.0
2024-12-26 14:00:00,23740.2,23762.9,23735.05,23751.4,0.0
2024-12-26 15:00:00,23752.15,23769.75,23738.95,23760.3,0.0
2024-12-27 09:00:00,23801.400390625,23923.69921875,23800.599609375,23918.4,0.0
2024-12-27 10:00:00,23919.05,23938.849609375,23892.75,23899.85,0.0
2024-12-27 11:00:00,23899.2,23907.6,23854.3,23857.5,0.0
2024-12-27 12:00:00,23858.45,23862.6,23829.5,23837.25,0.0
2024-12-27 13:00:00,23836.25,23874.2,23828.2,23856.45,0.0
2024-12-27 14:00:00,23857.5,23868.45,23802.25,23807.7,0.0
2024-12-27 15:00:00,23807.65,23841.1,23801.9,23832.45,0.0
2024-12-30 09:00:00,23796.900390625,23818.80078125,23709.099609375,23738.45,0.0
2024-12-30 10:00:00,23738.3,23844.400390625,23738.3,23803.7,0.0
2024-12-30 11:00:00,23803.9,23915.349609375,23774.25,23895.95,0.0
2024-12-30 12:00:00,23894.65,23899.9,23748.25,23795.2,0.0
2024-12-30 13:00:00,23795.55,23796.95,23640.650390625,23665.85,0.0
2024-12-30 14:00:00,23665.55,23707.5,23618.900390625,23700.75,0.0
2024-12-30 15:00:00,23700.35,23709.65,23599.30078125,23658.65,0.0
2024-12-31 09:00:00,23560.599609375,23584.5,23498.5,23530.55,0.0
2024-12-31 10:00:00,23530.45,23596.5,23460.44921875,23571.75,0.0
2024-12-31 11:00:00,23572.5,23616.94921875,23555.4,23596.85,0.0
2024-12-31 12:00:00,23596.8,23624.75,23565.75,23583.6,0.0
2024-12-31 13:00:00,23584.25,23666.05078125,23578.1,23644.95,0.0
2024-12-31 14:00:00,23645.65,23689.849609375,23622.1,23664.1,0.0
2024-12-31 15:00:00,23665.55,23669.4,23625.65,23668.8,0.0
2025-01-01 09:00:00,23637.650390625,23683.599609375,23562.80078125,23592.05,0.0
2025-01-01 10:00:00,23591.7,23749.900390625,23576.55,23739.4,0.0
2025-01-01 11:00:00,23739.25,23778.849609375,23678.35,23691.5,0.0
2025-01-01 12:00:00,23691.1,23773.0,23688.65,23733.85,0.0
2025-01-01 13:00:00,23734.15,23785.95,23718.7,23785.4,0.0
2025-01-01 14:00:00,23786.25,23822.80078125,23734.75,23741.2,0.0
2025-01-01 15:00:00,23741.55,23769.8,23721.45,23758.7,0.0
2025-01-02 09:00:00,23783.0,23868.5,23751.55078125,23833.1,0.0
2025-01-02 10:00:00,23834.05,23939.0,23829.3,23932.75,0.0
2025-01-02 11:00:00,23931.95,23974.150390625,23916.25,23937.4,0.0
2025-01-02 12:00:00,23937.7,24072.5,23927.35,24054.75,0.0
2025-01-02 13:00:00,24055.65,24151.900390625,24043.45,24123.8,0.0
2025-01-02 14:00:00,24123.4,24226.69921875,24117.95,24208.15,0.0
2025-01-02 15:00:00,24209.15,24210.5,24164.9,24167.95,0.0
2025-01-03 09:00:00,24196.400390625,24196.44921875,24051.5,24058.15,0.0
2025-01-03 10:00:00,24057.9,24111.35,24000.25,24011.6,0.0
2025-01-03 11:00:00,24010.4,24149.9,24008.0,24135.45,0.0
2025-01-03 12:00:00,24135.8,24139.95,24052.25,24082.5,0.0
2025-01-03 13:00:00,24082.65,24121.6,24038.55,24041.65,0.0
2025-01-03 14:00:00,24041.25,24053.5,24018.55,24032.55,0.0
2025-01-03 15:00:00,24032.85,24035.2,23976.0,23990.15,0.0
2025-01-06 09:00:00,24045.80078125,24089.94921875,23911.44921875,23942.0,0.0
2025-01-06 10:00:00,23942.25,24054.3,23820.0,23831.5,0.0
2025-01-06 11:00:00,23831.05,23837.4,23601.5,23608.15,0.0
2025-01-06 12:00:00,23609.9,23770.45,23609.9,23769.55,0.0
2025-01-06 13:00:00,23768.15,23779.15,23602.6,23632.2,0.0
2025-01-06 14:00:00,23633.75,23665.95,23551.900390625,23643.05,0.0
2025-01-06 15:00:00,23644.2,23653.8,23580.15,23629.6,0.0
2025-01-07 09:00:00,23679.900390625,23795.19921875,23663.30078125,23678.75,0.0
2025-01-07 10:00:00,23678.5,23768.05,23637.80078125,23724.85,0.0
2025-01-07 11:00:00,23725.4,23770.5,23713.15,23738.3,0.0
2025-01-07 12:00:00,23738.75,23743.8,23708.5,23726.95,0.0
2025-01-07 13:00:00,23727.8,23761.95,23686.9,23689.15,0.0
2025-01-07 14:00:00,23689.4,23733.7,23684.35,23720.55,0.0
2025-01-07 15:00:00,23723.1,23737.0,23686.8,23694.6,0.0
2025-01-08 09:00:00,23746.650390625,23751.849609375,23622.19921875,23670.05,0.0
2025-01-08 10:00:00,23670.15,23685.0,23551.44921875,23575.65,0.0
2025-01-08 11:00:00,23575.85,23603.7,23535.349609375,23553.6,0.0
2025-01-08 12:00:00,23553.55,23559.2,23496.150390625,23546.25,0.0
2025-01-08 13:00:00,23546.5,23672.25,23522.05,23666.3,0.0
2025-01-08 14:00:00,23666.25,23727.5,23638.65,23677.9,0.0
2025-01-08 15:00:00,23680.45,23707.1,23655.25,23675.2,0.0
2025-01-09 09:00:00,23674.75,23689.5,23593.94921875,23632.45,0.0
2025-01-09 10:00:00,23632.3,23652.85,23538.400390625,23544.15,0.0
2025-01-09 11:00:00,23544.75,23573.8,23537.25,23552.35,0.0
2025-01-09 12:00:00,23552.1,23616.7,23524.19921875,23536.75,0.0
2025-01-09 13:00:00,23536.75,23552.8,23519.400390625,23525.7,0.0
2025-01-09 14:00:00,23525.8,23548.6,23503.05078125,23513.15,0.0
2025-01-09 15:00:00,23512.35,23561.05,23512.0,23557.2,0.0
2025-01-10 09:00:00,23551.900390625,23596.0,23365.94921875,23369.65,0.0
2025-01-10 10:00:00,23369.6,23475.05,23344.349609375,23460.45,0.0
2025-01-10 11:00:00,23461.15,23596.599609375,23461.1,23538.9,0.0
2025-01-10 12:00:00,23537.6,23566.0,23477.75,23519.8,0.0
2025-01-10 13:00:00,23519.5,23536.3,23484.5,23515.6,0.0
2025-01-10 14:00:00,23521.5,23529.4,23400.55,23408.45,0.0
2025-01-10 15:00:00,23410.85,23449.4,23396.85,23437.35,0.0
2025-01-13 09:00:00,23195.400390625,23270.900390625,23172.69921875,23229.75,0.0
2025-01-13 10:00:00,23229.65,23340.94921875,23206.35,23295.65,0.0
2025-01-13 11:00:00,23294.2,23306.35,23210.2,23219.35,0.0
2025-01-13 12:00:00,23219.75,23238.8,23176.0,23179.65,0.0
2025-01-13 13:00:00,23180.0,23199.1,23110.69921875,23114.1,0.0
2025-01-13 14:00:00,23114.5,23139.8,23047.25,23099.35,0.0
2025-01-13 15:00:00,23098.85,23106.5,23063.25,23088.7,0.0
2025-01-14 09:00:00,23165.900390625,23227.19921875,23149.650390625,23179.9,0.0
2025-01-14 10:00:00,23179.6,23216.45,23134.150390625,23214.85,0.0
2025-01-14 11:00:00,23216.15,23264.95,23175.25,23196.3,0.0
2025-01-14 12:00:00,23196.7,23199.3,23155.1,23160.9,0.0
2025-01-14 13:00:00,23160.7,23174.1,23144.1,23157.65,0.0
2025-01-14 14:00:00,23158.0,23198.95,23148.5,23170.1,0.0
2025-01-14 15:00:00,23169.85,23223.05,23151.9,23206.85,0.0
2025-01-15 09:00:00,23250.44921875,23273.55078125,23165.30078125,23217.2,0.0
2025-01-15 10:00:00,23217.7,23293.650390625,23192.1,23278.55,0.0
2025-01-15 11:00:00,23278.65,23289.05,23204.7,23241.45,0.0
2025-01-15 12:00:00,23241.75,23266.35,23198.0,23250.95,0.0
2025-01-15 13:00:00,23252.0,23253.8,23146.44921875,23179.7,0.0
2025-01-15 14:00:00,23179.95,23219.4,23159.25,23209.15,0.0
2025-01-15 15:00:00,23209.75,23229.3,23190.85,23228.1,0.0
2025-01-16 09:00:00,23377.25,23391.650390625,23294.900390625,23310.85,0.0
2025-01-16 10:00:00,23310.2,23325.05,23272.05078125,23289.75,0.0
2025-01-16 11:00:00,23289.95,23308.8,23282.4,23299.85,0.0
2025-01-16 12:00:00,23300.25,23328.8,23290.3,23324.15,0.0
2025-01-16 13:00:00,23323.6,23340.9,23303.9,23332.5,0.0
2025-01-16 14:00:00,23331.4,23337.45,23290.7,23304.45,0.0
2025-01-16 15:00:00,23302.35,23353.25,23298.1,23350.8,0.0
2025-01-17 09:00:00,23277.099609375,23292.099609375,23167.05078125,23226.0,0.0
2025-01-17 10:00:00,23226.4,23269.25,23102.19921875,23107.65,0.0
2025-01-17 11:00:00,23108.2,23177.9,23100.349609375,23168.15,0.0
2025-01-17 12:00:00,23168.3,23264.3,23164.9,23227.8,0.0
2025-01-17 13:00:00,23229.0,23235.55,23160.85,23191.85,0.0
2025-01-17 14:00:00,23192.3,23245.05,23172.8,23242.15,0.0
2025-01-17 15:00:00,23243.4,23243.4,23191.9,23203.1,0.0
2025-01-20 09:00:00,23290.400390625,23308.349609375,23170.650390625,23226.65,0.0
2025-01-20 10:00:00,23226.1,23274.65,23206.05,23270.8,0.0
2025-01-20 11:00:00,23270.45,23376.5,23257.6,23352.75,0.0
2025-01-20 12:00:00,23352.35,23371.8,23326.45,23336.45,0.0
2025-01-20 13:00:00,23336.55,23391.099609375,23326.3,23338.25,0.0
2025-01-20 14:00:00,23339.55,23366.25,23327.65,23356.9,0.0
2025-01-20 15:00:00,23356.7,23362.35,23329.4,23337.05,0.0
2025-01-21 09:00:00,23421.650390625,23426.30078125,23281.599609375,23299.15,0.0
2025-01-21 10:00:00,23297.8,23303.7,23127.69921875,23170.45,0.0
2025-01-21 11:00:00,23168.6,23421.25,23138.95,23381.8,0.0
2025-01-21 12:00:00,23380.9,23392.65,23111.099609375,23239.95,0.0
2025-01-21 13:00:00,23234.3,23296.55,23120.15,23216.85,0.0
2025-01-21 14:00:00,23212.1,23243.15,22976.849609375,23021.2,0.0
2025-01-21 15:00:00,23019.65,23057.45,22999.15,23053.05,0.0
2025-01-22 09:00:00,23099.150390625,23127.69921875,23050.55078125,23103.25,0.0
2025-01-22 10:00:00,23102.05,23144.25,23073.5,23095.5,0.0
2025-01-22 11:00:00,23095.1,23103.9,23029.94921875,23035.3,0.0
2025-01-22 12:00:00,23034.55,23050.85,22989.599609375,23017.95,0.0
2025-01-22 13:00:00,23019.15,23045.2,22981.30078125,23016.5,0.0
2025-01-22 14:00:00,23016.3,23160.94921875,22993.3,23159.4,0.0
2025-01-22 15:00:00,23159.2,23169.55078125,23138.15,23161.75,0.0
2025-01-23 09:00:00,23128.30078125,23220.150390625,23090.650390625,23203.3,0.0
2025-01-23 10:00:00,23202.8,23246.19921875,23188.35,23211.9,0.0
2025-01-23 11:00:00,23216.7,23238.6,23201.05,23217.6,0.0
2025-01-23 12:00:00,23217.5,23270.80078125,23212.25,23245.6,0.0
2025-01-23 13:00:00,23244.75,23256.65,23229.9,23250.9,0.0
2025-01-23 14:00:00,23248.85,23254.55,23201.0,23213.85,0.0
2025-01-23 15:00:00,23215.85,23220.65,23191.7,23216.3,0.0
2025-01-24 09:00:00,23183.900390625,23292.05078125,23144.25,23145.85,0.0
2025-01-24 10:00:00,23144.25,23227.1,23102.900390625,23221.2,0.0
2025-01-24 11:00:00,23220.4,23347.30078125,23214.9,23323.75,0.0
2025-01-24 12:00:00,23323.35,23331.3,23195.8,23219.65,0.0
2025-01-24 13:00:00,23218.3,23228.1,23141.7,23175.25,0.0
2025-01-24 14:00:00,23172.8,23213.75,23050.0,23078.5,0.0
2025-01-24 15:00:00,23079.35,23105.55,23066.8,23090.35,0.0
2025-01-27 09:00:00,22940.150390625,23007.44921875,22910.849609375,22967.25,0.0
2025-01-27 10:00:00,22967.25,22999.15,22826.849609375,22846.55,0.0
2025-01-27 11:00:00,22847.25,22912.9,22840.95,22906.5,0.0
2025-01-27 12:00:00,22907.45,22943.7,22840.55,22862.75,0.0
2025-01-27 13:00:00,22862.8,22892.35,22827.95,22860.35,0.0
2025-01-27 14:00:00,22860.35,22861.1,22786.9,22825.55,0.0
2025-01-27 15:00:00,22826.15,22843.3,22814.35,22816.85,0.0
2025-01-28 09:00:00,22960.44921875,22973.44921875,22859.69921875,22892.0,0.0
2025-01-28 10:00:00,22894.4,22930.35,22857.650390625,22897.5,0.0
2025-01-28 11:00:00,22897.15,23033.5,22892.95,22995.15,0.0
2025-01-28 12:00:00,22994.9,23054.69921875,22988.4,23045.0,0.0
2025-01-28 13:00:00,23044.75,23073.80078125,23021.75,23057.65,0.0
2025-01-28 14:00:00,23057.35,23137.94921875,22956.95,22987.6,0.0
2025-01-28 15:00:00,22989.75,22990.75,22909.25,22976.3,0.0
2025-01-29 09:00:00,23026.75,23069.849609375,22976.5,23056.7,0.0
2025-01-29 10:00:00,23056.45,23125.849609375,23047.3,23122.85,0.0
2025-01-29 11:00:00,23122.75,23128.150390625,22984.15,23112.7,0.0
2025-01-29 12:00:00,23111.5,23168.5,23098.05,23122.35,0.0
2025-01-29 13:00:00,23122.4,23169.80078125,23086.55,23158.3,0.0
2025-01-29 14:00:00,23158.1,23181.349609375,23115.1,23138.8,0.0
2025-01-29 15:00:00,23140.65,23183.349609375,23132.15,23176.2,0.0
2025-01-30 09:00:00,23169.5,23233.95,23139.19921875,23230.5,0.0
2025-01-30 10:00:00,23230.65,23311.150390625,23227.25,23246.85,0.0
2025-01-30 11:00:00,23247.35,23301.0,23224.0,23266.95,0.0
2025-01-30 12:00:00,23268.05,23289.9,23229.7,23261.85,0.0
2025-01-30 13:00:00,23262.05,23279.75,23173.75,23191.7,0.0
2025-01-30 14:00:00,23190.35,23205.7,23139.95,23192.15,0.0
2025-01-30 15:00:00,23192.35,23322.05078125,23182.9,23297.95,0.0
2025-01-31 09:00:00,23296.75,23395.44921875,23277.400390625,23389.5,0.0
2025-01-31 10:00:00,23390.1,23431.25,23314.8,23430.8,0.0
2025-01-31 11:00:00,23430.7,23448.69921875,23388.45,23431.55,0.0
2025-01-31 12:00:00,23431.85,23485.099609375,23422.25,23480.85,0.0
2025-01-31 13:00:00,23480.35,23530.69921875,23463.6,23481.8,0.0
2025-01-31 14:00:00,23482.7,23501.1,23422.6,23494.15,0.0
2025-01-31 15:00:00,23493.55,23546.80078125,23478.65,23533.85,0.0
2025-02-03 09:00:00,23319.349609375,23345.150390625,23222.0,23246.55,0.0
2025-02-03 10:00:00,23248.8,23324.85,23238.3,23317.55,0.0
2025-02-03 11:00:00,23318.0,23338.6,23253.1,23281.35,0.0
2025-02-03 12:00:00,23281.25,23306.3,23258.05,23281.05,0.0
2025-02-03 13:00:00,23282.85,23369.099609375,23276.35,23325.55,0.0
2025-02-03 14:00:00,23326.8,23364.8,23324.35,23355.05,0.0
2025-02-03 15:00:00,23354.35,23381.599609375,23349.4,23359.7,0.0
2025-02-04 09:00:00,23509.900390625,23582.0,23479.44921875,23557.95,0.0
2025-02-04 10:00:00,23557.75,23573.35,23423.150390625,23466.55,0.0
2025-02-04 11:00:00,23466.85,23616.599609375,23460.75,23546.25,0.0
2025-02-04 12:00:00,23547.45,23631.44921875,23527.25,23619.05,0.0
2025-02-04 13:00:00,23619.95,23712.599609375,23580.8,23679.95,0.0
2025-02-04 14:00:00,23680.3,23752.69921875,23627.25,23748.75,0.0
2025-02-04 15:00:00,23749.9,23762.75,23697.05,23707.7,0.0
2025-02-05 09:00:00,23801.75,23807.30078125,23741.0,23754.15,0.0
2025-02-05 10:00:00,23754.75,23786.3,23726.5,23756.85,0.0
2025-02-05 11:00:00,23755.75,23770.35,23713.55078125,23741.25,0.0
2025-02-05 12:00:00,23742.1,23753.85,23715.0,23722.05,0.0
2025-02-05 13:00:00,23723.2,23774.5,23712.400390625,23770.7,0.0
2025-02-05 14:00:00,23770.5,23771.1,23720.5,23730.25,0.0
2025-02-05 15:00:00,23730.65,23731.25,23680.44921875,23686.75,0.0
2025-02-06 09:00:00,23761.94921875,23773.55078125,23623.849609375,23640.6,0.0
2025-02-06 10:00:00,23638.25,23661.9,23618.55078125,23641.75,0.0
2025-02-06 11:00:00,23642.0,23648.75,23594.349609375,23608.4,0.0
2025-02-06 12:00:00,23608.85,23629.25,23575.099609375,23581.7,0.0
2025-02-06 13:00:00,23581.7,23603.75,23562.25,23580.1,0.0
2025-02-06 14:00:00,23580.4,23596.9,23556.25,23580.95,0.0
2025-02-06 15:00:00,23581.7,23633.7,23578.35,23628.05,0.0
2025-02-07 09:00:00,23649.5,23683.900390625,23566.849609375,23605.35,0.0
2025-02-07 10:00:00,23606.55,23664.1,23493.599609375,23613.2,0.0
2025-02-07 11:00:00,23611.9,23694.5,23608.35,23646.6,0.0
2025-02-07 12:00:00,23647.0,23653.45,23550.25,23557.35,0.0
2025-02-07 13:00:00,23555.7,23591.5,23487.349609375,23511.25,0.0
2025-02-07 14:00:00,23510.75,23530.05,23443.19921875,23490.3,0.0
2025-02-07 15:00:00,23490.8,23591.25,23490.3,23563.15,0.0
2025-02-10 09:00:00,23543.80078125,23568.599609375,23403.349609375,23445.9,0.0
2025-02-10 10:00:00,23446.1,23461.4,23357.599609375,23395.3,0.0
2025-02-10 11:00:00,23394.95,23403.3,23363.9,23364.4,0.0
2025-02-10 12:00:00,23364.4,23371.25,23337.69921875,23351.05,0.0
2025-02-10 13:00:00,23351.15,23377.0,23317.25,23360.0,0.0
2025-02-10 14:00:00,23359.85,23401.0,23316.30078125,23400.4,0.0
2025-02-10 15:00:00,23400.9,23409.9,23370.85,23376.05,0.0
2025-02-11 09:00:00,23383.55078125,23390.05078125,23286.44921875,23304.1,0.0
2025-02-11 10:00:00,23305.1,23311.25,23250.900390625,23272.45,0.0
2025-02-11 11:00:00,23271.8,23301.75,23245.599609375,23249.15,0.0
2025-02-11 12:00:00,23248.8,23261.4,23177.599609375,23184.9,0.0
2025-02-11 13:00:00,23184.7,23184.7,23022.44921875,23043.5,0.0
2025-02-11 14:00:00,23043.1,23118.4,22986.650390625,23055.75,0.0
2025-02-11 15:00:00,23056.55,23086.85,23053.65,23070.5,0.0
2025-02-12 09:00:00,23050.80078125,23097.94921875,22828.69921875,22840.75,0.0
2025-02-12 10:00:00,22840.15,22954.45,22798.349609375,22923.05,0.0
2025-02-12 11:00:00,22923.25,23077.4,22872.2,23051.0,0.0
2025-02-12 12:00:00,23051.3,23110.849609375,22997.3,23074.9,0.0
2025-02-12 13:00:00,23074.3,23144.69921875,22997.7,23001.3,0.0
2025-02-12 14:00:00,23002.25,23031.2,22956.65,22989.45,0.0
2025-02-12 15:00:00,22988.7,23063.2,22988.7,23057.8,0.0
2025-02-13 09:00:00,23055.75,23190.55078125,22992.19921875,23173.95,0.0
2025-02-13 10:00:00,23176.5,23209.0,23131.75,23176.55,0.0
2025-02-13 11:00:00,23177.0,23235.5,23159.4,23220.85,0.0
2025-02-13 12:00:00,23220.75,23225.8,23176.15,23190.2,0.0
2025-02-13 13:00:00,23191.15,23200.65,23043.6,23077.9,0.0
2025-02-13 14:00:00,23079.6,23102.0,23004.7,23050.85,0.0
2025-02-13 15:00:00,23052.15,23063.8,23014.4,23019.4,0.0
2025-02-14 09:00:00,23096.44921875,23133.69921875,23007.19921875,23051.05,0.0
2025-02-14 10:00:00,23050.5,23094.35,22885.849609375,22912.2,0.0
2025-02-14 11:00:00,22912.0,22922.35,22843.30078125,22918.7,0.0
2025-02-14 12:00:00,22919.45,22921.95,22800.900390625,22802.7,0.0
2025-02-14 13:00:00,22803.4,22850.15,22774.849609375,22791.95,0.0
2025-02-14 14:00:00,22792.0,22966.45,22775.95,22937.95,0.0
2025-02-14 15:00:00,22938.7,22958.95,22895.85,22897.25,0.0
2025-02-17 09:00:00,22809.900390625,22874.75,22725.44921875,22771.2,0.0
2025-02-17 10:00:00,22770.8,22926.650390625,22744.0,22877.5,0.0
2025-02-17 11:00:00,22879.05,22894.95,22797.25,22862.35,0.0
2025-02-17 12:00:00,22863.0,22889.5,22796.2,22880.45,0.0
2025-02-17 13:00:00,22880.3,22959.349609375,22834.1,22898.8,0.0
2025-02-17 14:00:00,22900.35,22949.95,22876.75,22939.0,0.0
2025-02-17 15:00:00,22939.45,22974.19921875,22938.1,22963.5,0.0
2025-02-18 09:00:00,22963.650390625,22992.5,22868.44921875,22914.5,0.0
2025-02-18 10:00:00,22914.75,22945.0,22814.150390625,22869.65,0.0
2025-02-18 11:00:00,22869.8,22900.7,22801.5,22837.1,0.0
2025-02-18 12:00:00,22836.4,22909.55,22830.8,22854.1,0.0
2025-02-18 13:00:00,22853.4,22934.3,22843.7,22915.4,0.0
2025-02-18 14:00:00,22914.7,22966.55,22890.0,22943.3,0.0
2025-02-18 15:00:00,22946.1,22970.8,22918.3,22923.15,0.0
2025-02-19 09:00:00,22847.25,22992.05078125,22814.849609375,22989.1,0.0
2025-02-19 10:00:00,22988.35,23049.94921875,22926.25,22927.95,0.0
2025-02-19 11:00:00,22927.95,23003.95,22922.45,23001.65,0.0
2025-02-19 12:00:00,23001.5,23023.55,22933.3,22948.85,0.0
2025-02-19 13:00:00,22948.8,22961.05,22914.25,22928.5,0.0
2025-02-19 14:00:00,22928.6,22953.65,22858.8,22917.8,0.0
2025-02-19 15:00:00,22916.9,22949.15,22912.35,22914.4,0.0
2025-02-20 09:00:00,22821.099609375,22898.099609375,22812.75,22883.05,0.0
2025-02-20 10:00:00,22884.45,22909.75,22858.85,22887.2,0.0
2025-02-20 11:00:00,22888.35,22914.099609375,22879.05,22896.5,0.0
2025-02-20 12:00:00,22896.15,22908.8,22884.75,22899.45,0.0
2025-02-20 13:00:00,22898.25,22923.0,22870.55,22909.75,0.0
2025-02-20 14:00:00,22910.2,22923.849609375,22893.8,22911.65,0.0
2025-02-20 15:00:00,22911.2,22920.8,22905.0,22906.25,0.0
2025-02-21 09:00:00,22857.19921875,22921.0,22810.099609375,22813.65,0.0
2025-02-21 10:00:00,22813.85,22827.8,22733.30078125,22776.45,0.0
2025-02-21 11:00:00,22776.5,22820.9,22740.7,22791.6,0.0
2025-02-21 12:00:00,22791.4,22824.45,22776.1,22786.85,0.0
2025-02-21 13:00:00,22787.4,22789.3,22720.30078125,22756.15,0.0
2025-02-21 14:00:00,22755.05,22800.7,22739.6,22772.8,0.0
2025-02-21 15:00:00,22771.5,22812.7,22763.2,22764.35,0.0
2025-02-24 09:00:00,22609.35,22668.05078125,22563.19921875,22581.65,0.0
2025-02-24 10:00:00,22582.55,22590.05,22548.349609375,22553.8,0.0
2025-02-24 11:00:00,22555.35,22620.05,22550.1,22590.05,0.0
2025-02-24 12:00:00,22589.5,22595.3,22553.6,22577.1,0.0
2025-02-24 13:00:00,22576.95,22591.0,22518.80078125,22546.2,0.0
2025-02-24 14:00:00,22546.05,22590.15,22531.7,22572.15,0.0
2025-02-24 15:00:00,22571.5,22577.05,22544.15,22549.75,0.0
2025-02-25 09:00:00,22516.44921875,22625.30078125,22516.44921875,22607.2,0.0
2025-02-25 10:00:00,22606.55,22608.4,22558.9,22563.5,0.0
2025-02-25 11:00:00,22564.25,22573.6,22544.85,22559.45,0.0
2025-02-25 12:00:00,22559.2,22590.3,22553.0,22574.0,0.0
2025-02-25 13:00:00,22573.95,22600.4,22571.25,22582.15,0.0
2025-02-25 14:00:00,22582.55,22591.0,22568.0,22572.15,0.0
2025-02-25 15:00:00,22573.05,22573.3,22513.900390625,22526.3,0.0
2025-02-27 09:00:00,22568.94921875,22613.30078125,22530.0,22538.4,0.0
2025-02-27 10:00:00,22537.95,22564.7,22526.400390625,22549.9,0.0
2025-02-27 11:00:00,22549.35,22557.25,22524.19921875,22525.0,0.0
2025-02-27 12:00:00,22524.55,22535.6,22516.150390625,22534.3,0.0
2025-02-27 13:00:00,22535.2,22544.75,22525.95,22541.45,0.0
2025-02-27 14:00:00,22542.05,22556.9,22534.85,22549.25,0.0
2025-02-27 15:00:00,22549.2,22556.1,22508.400390625,22510.85,0.0
2025-02-28 09:00:00,22433.400390625,22450.349609375,22233.599609375,22235.35,0.0
2025-02-28 10:00:00,22235.4,22300.5,22224.099609375,22243.45,0.0
2025-02-28 11:00:00,22243.75,22280.0,22220.55078125,22237.4,0.0
2025-02-28 12:00:00,22237.15,22253.75,22108.30078125,22110.3,0.0
2025-02-28 13:00:00,22108.45,22163.8,22105.150390625,22130.7,0.0
2025-02-28 14:00:00,22129.85,22198.75,22118.45,22169.75,0.0
2025-02-28 15:00:00,22170.75,22176.55,22104.849609375,22127.4,0.0
2025-03-03 09:00:00,22194.55078125,22261.55078125,22050.55078125,22067.5,0.0
2025-03-03 10:00:00,22068.1,22104.2,22012.25,22045.1,0.0
2025-03-03 11:00:00,22043.8,22049.85,22004.69921875,22012.8,0.0
2025-03-03 12:00:00,22013.1,22154.15,22006.7,22113.75,0.0
2025-03-03 13:00:00,22113.55,22174.15,22092.45,22100.2,0.0
2025-03-03 14:00:00,22099.7,22153.55,22071.9,22130.9,0.0
2025-03-03 15:00:00,22128.0,22146.55,22099.2,22143.15,0.0
2025-03-04 09:00:00,21974.44921875,22071.69921875,21964.599609375,22058.6,0.0
2025-03-04 10:00:00,22059.4,22091.05078125,22032.1,22082.3,0.0
2025-03-04 11:00:00,22082.65,22104.25,22048.8,22072.1,0.0
2025-03-04 12:00:00,22072.25,22075.35,22047.95,22052.85,0.0
2025-03-04 13:00:00,22055.65,22074.45,22035.05,22069.15,0.0
2025-03-04 14:00:00,22069.55,22105.05078125,22064.05,22098.6,0.0
2025-03-04 15:00:00,22097.65,22098.55,22064.7,22080.3,0.0
2025-03-05 09:00:00,22073.05078125,22264.099609375,22067.80078125,22256.45,0.0
2025-03-05 10:00:00,22254.75,22288.349609375,22211.1,22284.35,0.0
2025-03-05 11:00:00,22284.3,22375.05078125,22270.6,22357.45,0.0
2025-03-05 12:00:00,22357.65,22394.900390625,22347.7,22355.0,0.0
2025-03-05 13:00:00,22354.95,22367.35,22301.75,22329.5,0.0
2025-03-05 14:00:00,22328.3,22353.85,22292.3,22343.55,0.0
2025-03-05 15:00:00,22342.35,22351.25,22324.6,22346.65,0.0
2025-03-06 09:00:00,22476.349609375,22491.30078125,22245.849609375,22314.4,0.0
2025-03-06 10:00:00,22313.55,22378.5,22305.1,22366.3,0.0
2025-03-06 11:00:00,22364.85,22455.55,22319.95,22399.65,0.0
2025-03-06 12:00:00,22399.25,22485.9,22398.4,22452.8,0.0
2025-03-06 13:00:00,22451.95,22519.25,22446.45,22509.55,0.0
2025-03-06 14:00:00,22510.95,22555.849609375,22491.15,22546.05,0.0
2025-03-06 15:00:00,22546.45,22556.44921875,22520.6,22529.2,0.0
2025-03-07 09:00:00,22508.650390625,22572.849609375,22464.75,22548.7,0.0
2025-03-07 10:00:00,22548.85,22625.5,22539.95,22570.45,0.0
2025-03-07 11:00:00,22569.25,22633.80078125,22548.25,22562.5,0.0
2025-03-07 12:00:00,22562.65,22583.3,22509.05,22555.85,0.0
2025-03-07 13:00:00,22555.25,22576.0,22522.7,22533.45,0.0
2025-03-07 14:00:00,22533.9,22606.6,22533.6,22601.1,0.0
2025-03-07 15:00:00,22601.1,22607.65,22530.35,22536.95,0.0
2025-03-10 09:00:00,22521.849609375,22676.75,22498.650390625,22658.7,0.0
2025-03-10 10:00:00,22658.55,22662.75,22603.8,22638.35,0.0
2025-03-10 11:00:00,22638.2,22645.35,22606.55,22611.75,0.0
2025-03-10 12:00:00,22611.7,22614.5,22563.35,22595.9,0.0
2025-03-10 13:00:00,22595.8,22619.3,22532.9,22550.8,0.0
2025-03-10 14:00:00,22550.8,22560.25,22429.05078125,22457.45,0.0
2025-03-10 15:00:00,22456.7,22479.35,22436.4,22441.1,0.0
2025-03-11 09:00:00,22345.94921875,22412.099609375,22314.69921875,22406.55,0.0
2025-03-11 10:00:00,22407.1,22468.94921875,22379.05,22450.7,0.0
2025-03-11 11:00:00,22450.5,22485.849609375,22415.55,22443.0,0.0
2025-03-11 12:00:00,22442.95,22466.4,22421.45,22451.0,0.0
2025-03-11 13:00:00,22450.6,22503.150390625,22435.2,22496.5,0.0
2025-03-11 14:00:00,22496.4,22516.0,22478.2,22505.0,0.0
2025-03-11 15:00:00,22505.3,22522.099609375,22469.35,22520.5,0.0
2025-03-12 09:00:00,22536.349609375,22577.400390625,22447.19921875,22470.35,0.0
2025-03-12 10:00:00,22470.35,22475.35,22397.75,22408.65,0.0
2025-03-12 11:00:00,22408.25,22422.05,22333.5,22339.75,0.0
2025-03-12 12:00:00,22342.15,22385.25,22329.55078125,22367.7,0.0
2025-03-12 13:00:00,22367.65,22445.3,22357.75,22412.8,0.0
2025-03-12 14:00:00,22412.55,22484.9,22412.3,22480.4,0.0
2025-03-12 15:00:00,22478.65,22494.1,22452.75,22468.5,0.0
2025-03-13 09:00:00,22541.5,22556.0,22460.400390625,22529.25,0.0
2025-03-13 10:00:00,22529.2,22558.05078125,22485.85,22492.8,0.0
2025-03-13 11:00:00,22492.15,22520.65,22403.150390625,22432.4,0.0
2025-03-13 12:00:00,22433.0,22461.8,22424.65,22459.0,0.0
2025-03-13 13:00:00,22458.65,22462.05,22419.75,22433.45,0.0
2025-03-13 14:00:00,22433.7,22450.1,22384.650390625,22387.15,0.0
2025-03-13 15:00:00,22386.4,22412.75,22377.349609375,22383.3,0.0
2025-03-17 09:00:00,22353.150390625,22577.0,22353.150390625,22546.1,0.0
2025-03-17 10:00:00,22546.1,22554.55,22455.4,22496.9,0.0
2025-03-17 11:00:00,22496.9,22530.7,22470.85,22505.75,0.0
2025-03-17 12:00:00,22506.1,22522.15,22442.0,22458.25,0.0
2025-03-17 13:00:00,22458.5,22516.6,22445.45,22510.95,0.0
2025-03-17 14:00:00,22510.8,22528.6,22481.75,22511.0,0.0
2025-03-17 15:00:00,22510.95,22520.5,22503.85,22515.25,0.0
2025-03-18 09:00:00,22662.25,22703.400390625,22599.19921875,22683.4,0.0
2025-03-18 10:00:00,22684.2,22774.650390625,22681.45,22750.8,0.0
2025-03-18 11:00:00,22751.35,22781.400390625,22739.65,22769.9,0.0
2025-03-18 12:00:00,22769.1,22777.0,22697.75,22736.3,0.0
2025-03-18 13:00:00,22738.35,22797.349609375,22737.1,22787.65,0.0
2025-03-18 14:00:00,22788.8,22813.349609375,22770.35,22804.55,0.0
2025-03-18 15:00:00,22805.6,22857.80078125,22805.6,22848.75,0.0
2025-03-19 09:00:00,22874.94921875,22888.30078125,22807.94921875,22864.3,0.0
2025-03-19 10:00:00,22864.65,22911.849609375,22840.45,22901.2,0.0
2025-03-19 11:00:00,22900.9,22914.44921875,22875.45,22904.45,0.0
2025-03-19 12:00:00,22904.4,22937.25,22881.35,22934.0,0.0
2025-03-19 13:00:00,22935.4,22940.69921875,22882.8,22913.1,0.0
2025-03-19 14:00:00,22914.45,22937.7,22904.95,22931.0,0.0
2025-03-19 15:00:00,22931.85,22933.65,22895.9,22911.8,0.0
2025-03-20 09:00:00,23036.599609375,23071.099609375,22994.400390625,23025.7,0.0
2025-03-20 10:00:00,23026.4,23059.1,22973.94921875,23039.9,0.0
2025-03-20 11:00:00,23039.8,23069.7,23034.8,23063.15,0.0
2025-03-20 12:00:00,23063.25,23114.75,23061.35,23114.0,0.0
2025-03-20 13:00:00,23114.45,23195.94921875,23096.2,23189.9,0.0
2025-03-20 14:00:00,23190.2,23216.69921875,23171.3,23205.05,0.0
2025-03-20 15:00:00,23206.2,23207.5,23162.25,23165.7,0.0
2025-03-21 09:00:00,23168.25,23276.69921875,23132.80078125,23263.95,0.0
2025-03-21 10:00:00,23263.75,23357.69921875,23240.95,23339.2,0.0
2025-03-21 11:00:00,23340.75,23370.849609375,23321.45,23345.5,0.0
2025-03-21 12:00:00,23345.4,23402.44921875,23345.1,23399.45,0.0
2025-03-21 13:00:00,23399.6,23402.69921875,23277.05,23319.2,0.0
2025-03-21 14:00:00,23318.6,23379.8,23316.8,23341.75,0.0
2025-03-21 15:00:00,23340.35,23373.55,23330.3,23355.65,0.0
2025-03-24 09:00:00,23515.400390625,23546.25,23433.5,23542.1,0.0
2025-03-24 10:00:00,23542.9,23624.94921875,23534.5,23624.45,0.0
2025-03-24 11:00:00,23625.25,23643.0,23579.5,23621.35,0.0
2025-03-24 12:00:00,23621.35,23650.400390625,23607.65,23622.85,0.0
2025-03-24 13:00:00,23622.4,23672.69921875,23616.1,23670.0,0.0
2025-03-24 14:00:00,23670.6,23708.75,23662.55,23671.75,0.0
2025-03-24 15:00:00,23670.35,23681.25,23629.9,23674.15,0.0
2025-03-25 09:00:00,23752.85,23869.599609375,23664.900390625,23863.6,0.0
2025-03-25 10:00:00,23864.4,23865.9,23656.400390625,23701.25,0.0
2025-03-25 11:00:00,23701.1,23724.35,23627.55078125,23710.05,0.0
2025-03-25 12:00:00,23711.95,23730.0,23653.65,23684.8,0.0
2025-03-25 13:00:00,23684.2,23742.3,23644.3,23733.1,0.0
2025-03-25 14:00:00,23729.45,23744.6,23661.7,23682.7,0.0
2025-03-25 15:00:00,23682.4,23695.8,23601.400390625,23605.95,0.0
2025-03-26 09:00:00,23700.94921875,23736.5,23614.69921875,23674.9,0.0
2025-03-26 10:00:00,23674.95,23720.2,23642.1,23681.0,0.0
2025-03-26 11:00:00,23681.95,23682.0,23588.80078125,23589.15,0.0
2025-03-26 12:00:00,23589.35,23638.05,23572.0,23615.2,0.0
2025-03-26 13:00:00,23615.25,23621.1,23500.599609375,23532.0,0.0
2025-03-26 14:00:00,23532.45,23562.35,23451.69921875,23480.65,0.0
2025-03-26 15:00:00,23481.05,23512.75,23464.3,23464.3,0.0
2025-03-27 09:00:00,23433.94921875,23587.05078125,23412.19921875,23585.45,0.0
2025-03-27 10:00:00,23585.8,23626.75,23559.8,23576.3,0.0
2025-03-27 11:00:00,23576.2,23615.25,23576.2,23600.45,0.0
2025-03-27 12:00:00,23600.05,23606.05,23574.85,23598.8,0.0
2025-03-27 13:00:00,23598.15,23612.55,23581.8,23604.9,0.0
2025-03-27 14:00:00,23604.65,23616.8,23582.2,23603.1,0.0
2025-03-27 15:00:00,23600.25,23646.44921875,23572.1,23601.05,0.0
2025-03-28 09:00:00,23600.400390625,23629.69921875,23504.94921875,23556.8,0.0
2025-03-28 10:00:00,23556.3,23649.19921875,23519.0,23623.95,0.0
2025-03-28 11:00:00,23623.6,23631.35,23561.7,23589.5,0.0
2025-03-28 12:00:00,23590.55,23604.55,23483.849609375,23527.2,0.0
2025-03-28 13:00:00,23526.6,23527.5,23453.650390625,23473.25,0.0
2025-03-28 14:00:00,23472.55,23612.05,23451.30078125,23591.5,0.0
2025-03-28 15:00:00,23591.15,23591.2,23450.19921875,23495.15,0.0
2025-04-01 09:00:00,23341.099609375,23565.150390625,23339.099609375,23514.85,0.0
2025-04-01 10:00:00,23513.9,23523.4,23236.44921875,23243.15,0.0
2025-04-01 11:00:00,23243.5,23258.8,23182.900390625,23197.25,0.0
2025-04-01 12:00:00,23196.45,23252.25,23173.099609375,23194.6,0.0
2025-04-01 13:00:00,23194.6,23199.55,23136.4,23154.75,0.0
2025-04-01 14:00:00,23154.5,23186.8,23137.45,23161.3,0.0
2025-04-01 15:00:00,23161.85,23182.3,23151.8,23179.7,0.0
2025-04-02 09:00:00,23192.599609375,23293.650390625,23158.44921875,23244.65,0.0
2025-04-02 10:00:00,23244.55,23302.150390625,23216.45,23292.7,0.0
2025-04-02 11:00:00,23293.15,23311.900390625,23246.15,23255.25,0.0
2025-04-02 12:00:00,23256.15,23300.0,23238.95,23247.9,0.0
2025-04-02 13:00:00,23247.95,23307.0,23247.25,23287.65,0.0
2025-04-02 14:00:00,23287.7,23314.5,23273.0,23307.45,0.0
2025-04-02 15:00:00,23309.0,23350.0,23307.4,23330.8,0.0
2025-04-03 09:00:00,23150.30078125,23280.80078125,23145.80078125,23234.6,0.0
2025-04-03 10:00:00,23234.95,23306.5,23223.75,23289.1,0.0
2025-04-03 11:00:00,23289.35,23294.75,23248.9,23289.75,0.0
2025-04-03 12:00:00,23289.25,23292.4,23250.6,23270.25,0.0
2025-04-03 13:00:00,23269.85,23278.4,23254.05,23259.4,0.0
2025-04-03 14:00:00,23260.1,23272.8,23243.0,23249.25,0.0
2025-04-03 15:00:00,23251.5,23259.5,23236.4,23241.6,0.0
2025-04-04 09:00:00,23190.400390625,23214.69921875,22983.0,22992.2,0.0
2025-04-04 10:00:00,22992.05,23006.2,22921.599609375,22999.15,0.0
2025-04-04 11:00:00,22998.85,23029.9,22951.7,22971.35,0.0
2025-04-04 12:00:00,22971.5,22991.6,22942.7,22962.4,0.0
2025-04-04 13:00:00,22962.55,22974.05,22874.400390625,22893.6,0.0
2025-04-04 14:00:00,22894.25,22918.8,22857.44921875,22864.95,0.0
2025-04-04 15:00:00,22864.9,22921.55,22864.9,22912.05,0.0
2025-04-07 09:00:00,21758.400390625,22190.0,21743.650390625,21963.25,0.0
2025-04-07 10:00:00,21960.55,22082.7,21898.3,21983.65,0.0
2025-04-07 11:00:00,21980.25,22069.5,21948.85,21965.2,0.0
2025-04-07 12:00:00,21965.4,21967.7,21796.9,21865.25,0.0
2025-04-07 13:00:00,21865.75,22037.8,21814.35,21985.0,0.0
2025-04-07 14:00:00,21984.5,22080.85,21964.85,22046.5,0.0
2025-04-07 15:00:00,22046.2,22254.0,22040.9,22238.0,0.0
2025-04-08 09:00:00,22446.75,22577.55078125,22393.69921875,22412.75,0.0
2025-04-08 10:00:00,22414.3,22432.6,22270.849609375,22374.4,0.0
2025-04-08 11:00:00,22374.75,22489.95,22319.4,22429.1,0.0
2025-04-08 12:00:00,22429.8,22671.30078125,22418.85,22667.55,0.0
2025-04-08 13:00:00,22668.25,22697.19921875,22461.75,22546.4,0.0
2025-04-08 14:00:00,22546.95,22664.9,22512.95,22577.8,0.0
2025-04-08 15:00:00,22577.8,22578.55,22517.15,22547.2,0.0
2025-04-09 09:00:00,22460.30078125,22468.69921875,22357.0,22387.85,0.0
2025-04-09 10:00:00,22387.15,22455.45,22356.599609375,22393.55,0.0
2025-04-09 11:00:00,22393.95,22435.45,22353.25,22414.85,0.0
2025-04-09 12:00:00,22415.15,22448.8,22405.6,22425.3,0.0
2025-04-09 13:00:00,22425.65,22436.55,22396.55,22398.65,0.0
2025-04-09 14:00:00,22398.85,22409.15,22396.35,22399.05,0.0
2025-04-09 15:00:00,22399.4,22424.75,22387.35,22420.4,0.0
2025-04-11 09:00:00,22695.400390625,22874.44921875,22695.400390625,22827.6,0.0
2025-04-11 10:00:00,22827.2,22859.7,22736.05,22806.35,0.0
2025-04-11 11:00:00,22806.65,22896.099609375,22805.7,22875.3,0.0
2025-04-11 12:00:00,22875.4,22923.900390625,22868.0,22886.45,0.0
2025-04-11 13:00:00,22887.45,22916.1,22824.3,22834.75,0.0
2025-04-11 14:00:00,22835.25,22835.25,22762.0,22827.0,0.0
2025-04-11 15:00:00,22826.65,22855.55,22810.95,22844.5,0.0
2025-04-15 09:00:00,23368.349609375,23368.349609375,23207.0,23306.1,0.0
2025-04-15 10:00:00,23306.55,23322.95,23298.2,23309.55,0.0
2025-04-15 11:00:00,23309.45,23316.35,23291.65,23312.8,0.0
2025-04-15 12:00:00,23312.6,23350.35,23311.25,23337.8,0.0
2025-04-15 13:00:00,23338.35,23350.65,23322.15,23325.75,0.0
2025-04-15 14:00:00,23325.45,23334.9,23308.35,23312.0,0.0
2025-04-15 15:00:00,23312.2,23357.1,23308.35,23344.1,0.0
2025-04-16 09:00:00,23344.099609375,23372.75,23277.0,23357.9,0.0
2025-04-16 10:00:00,23357.5,23370.35,23280.75,23287.65,0.0
2025-04-16 11:00:00,23286.2,23341.35,23273.05078125,23327.7,0.0
2025-04-16 12:00:00,23326.95,23362.05,23325.0,23343.45,0.0
2025-04-16 13:00:00,23342.95,23394.55078125,23286.0,23380.7,0.0
2025-04-16 14:00:00,23379.85,23434.650390625,23379.85,23431.6,0.0
2025-04-16 15:00:00,23429.6,23452.19921875,23420.85,23433.3,0.0
2025-04-17 09:00:00,23401.849609375,23434.599609375,23298.55078125,23413.1,0.0
2025-04-17 10:00:00,23413.05,23444.94921875,23341.05,23406.65,0.0
2025-04-17 11:00:00,23406.55,23634.650390625,23369.15,23601.05,0.0
2025-04-17 12:00:00,23601.2,23747.599609375,23576.3,23738.35,0.0
2025-04-17 13:00:00,23738.5,23850.099609375,23723.95,23845.05,0.0
2025-04-17 14:00:00,23842.4,23871.599609375,23783.8,23858.6,0.0
2025-04-17 15:00:00,23857.15,23872.349609375,23831.35,23837.75,0.0
2025-04-21 09:00:00,23949.150390625,24037.849609375,23903.650390625,24031.55,0.0
2025-04-21 10:00:00,24031.35,24101.900390625,24009.3,24099.9,0.0
2025-04-21 11:00:00,24101.8,24144.349609375,24086.55,24135.2,0.0
2025-04-21 12:00:00,24136.45,24188.849609375,24125.65,24177.6,0.0
2025-04-21 13:00:00,24178.1,24189.55078125,24106.5,24150.05,0.0
2025-04-21 14:00:00,24148.9,24157.35,24120.0,24145.25,0.0
2025-04-21 15:00:00,24146.75,24148.2,24109.95,24121.2,0.0
2025-04-22 09:00:00,24185.400390625,24201.650390625,24072.0,24166.2,0.0
2025-04-22 10:00:00,24166.8,24230.80078125,24161.9,24228.1,0.0
2025-04-22 11:00:00,24228.15,24242.599609375,24166.15,24217.9,0.0
2025-04-22 12:00:00,24217.25,24219.7,24175.5,24180.3,0.0
2025-04-22 13:00:00,24180.55,24197.55,24168.25,24180.0,0.0
2025-04-22 14:00:00,24179.6,24189.4,24144.05,24171.55,0.0
2025-04-22 15:00:00,24172.9,24181.0,24126.95,24134.05,0.0
2025-04-23 09:00:00,24357.599609375,24359.30078125,24264.55078125,24305.9,0.0
2025-04-23 10:00:00,24306.65,24318.25,24119.94921875,24152.45,0.0
2025-04-23 11:00:00,24152.7,24251.8,24152.7,24205.1,0.0
2025-04-23 12:00:00,24205.4,24250.45,24197.9,24248.55,0.0
2025-04-23 13:00:00,24247.9,24300.35,24229.45,24298.5,0.0
2025-04-23 14:00:00,24298.5,24319.1,24278.8,24317.9,0.0
2025-04-23 15:00:00,24318.5,24340.25,24287.9,24300.85,0.0
2025-04-24 09:00:00,24277.900390625,24347.849609375,24239.44921875,24270.75,0.0
2025-04-24 10:00:00,24270.7,24313.1,24262.2,24276.2,0.0
2025-04-24 11:00:00,24275.85,24287.75,24252.9,24259.55,0.0
2025-04-24 12:00:00,24258.9,24273.4,24248.4,24265.5,0.0
2025-04-24 13:00:00,24266.1,24271.9,24242.05,24249.2,0.0
2025-04-24 14:00:00,24249.1,24263.15,24216.150390625,24221.25,0.0
2025-04-24 15:00:00,24222.75,24259.7,24222.75,24245.05,0.0
2025-04-25 09:00:00,24289.0,24365.44921875,24067.0,24080.3,0.0
2025-04-25 10:00:00,24080.65,24080.65,23908.599609375,23939.1,0.0
2025-04-25 11:00:00,23939.65,23950.1,23847.849609375,23872.5,0.0
2025-04-25 12:00:00,23871.55,24033.0,23859.25,24026.45,0.0
2025-04-25 13:00:00,24024.65,24149.6,24013.05,24147.75,0.0
2025-04-25 14:00:00,24146.55,24150.65,24038.15,24076.95,0.0
2025-04-25 15:00:00,24073.8,24085.35,23986.1,23991.65,0.0
2025-04-28 09:00:00,24070.25,24231.94921875,24054.05078125,24229.3,0.0
2025-04-28 10:00:00,24228.6,24283.0,24217.8,24276.9,0.0
2025-04-28 11:00:00,24276.75,24288.80078125,24210.75,24271.5,0.0
2025-04-28 12:00:00,24271.6,24355.099609375,24271.6,24348.75,0.0
2025-04-28 13:00:00,24350.7,24352.5,24313.5,24332.0,0.0
2025-04-28 14:00:00,24335.85,24353.7,24260.9,24318.45,0.0
2025-04-28 15:00:00,24322.2,24341.3,24309.55,24312.9,0.0
2025-04-29 09:00:00,24370.69921875,24457.650390625,24290.75,24390.25,0.0
2025-04-29 10:00:00,24390.0,24396.15,24305.5,24333.8,0.0
2025-04-29 11:00:00,24334.7,24369.85,24311.95,24313.25,0.0
2025-04-29 12:00:00,24313.4,24363.55,24302.45,24358.95,0.0
2025-04-29 13:00:00,24358.25,24376.05,24341.35,24358.25,0.0
2025-04-29 14:00:00,24360.15,24375.5,24339.0,24340.2,0.0
2025-04-29 15:00:00,24340.55,24348.5,24310.6,24325.45,0.0
2025-04-30 09:00:00,24342.05,24395.19921875,24268.80078125,24364.1,0.0
2025-04-30 10:00:00,24366.1,24371.95,24290.4,24341.4,0.0
2025-04-30 11:00:00,24341.25,24371.6,24313.55,24341.35,0.0
2025-04-30 12:00:00,24341.4,24365.0,24336.8,24340.2,0.0
2025-04-30 13:00:00,24339.85,24353.25,24326.7,24347.1,0.0
2025-04-30 14:00:00,24347.1,24388.8,24324.15,24368.55,0.0
2025-04-30 15:00:00,24367.3,24396.150390625,24198.75,24243.45,0.0
2025-05-02 09:00:00,24311.900390625,24576.150390625,24305.849609375,24572.0,0.0
2025-05-02 10:00:00,24571.2,24589.150390625,24410.45,24432.0,0.0
2025-05-02 11:00:00,24431.7,24445.3,24319.75,24354.7,0.0
2025-05-02 12:00:00,24354.6,24355.8,24238.5,24282.95,0.0
2025-05-02 13:00:00,24282.85,24412.2,24266.2,24378.8,0.0
2025-05-02 14:00:00,24378.5,24400.65,24286.9,24373.95,0.0
2025-05-02 15:00:00,24373.4,24397.75,24309.85,24313.65,0.0
2025-05-05 09:00:00,24419.5,24505.599609375,24400.650390625,24503.65,0.0
2025-05-05 10:00:00,24504.2,24526.400390625,24460.45,24471.1,0.0
2025-05-05 11:00:00,24472.0,24495.9,24414.45,24445.4,0.0
2025-05-05 12:00:00,24444.9,24475.95,24430.0,24474.3,0.0
2025-05-05 13:00:00,24475.15,24492.9,24434.05,24482.6,0.0
2025-05-05 14:00:00,24482.75,24492.15,24455.0,24471.15,0.0
2025-05-05 15:00:00,24471.1,24475.2,24442.15,24459.5,0.0
2025-05-06 09:00:00,24500.75,24509.650390625,24388.55078125,24391.65,0.0
2025-05-06 10:00:00,24391.0,24414.35,24369.099609375,24403.05,0.0
2025-05-06 11:00:00,24403.55,24405.25,24356.75,24378.45,0.0
2025-05-06 12:00:00,24377.75,24402.05,24372.25,24378.35,0.0
2025-05-06 13:00:00,24376.4,24405.5,24367.05,24405.5,0.0
2025-05-06 14:00:00,24405.55,24408.4,24355.5,24368.55,0.0
2025-05-06 15:00:00,24365.5,24400.65,24331.80078125,24335.9,0.0
2025-05-07 09:00:00,24233.30078125,24449.599609375,24220.0,24359.15,0.0
2025-05-07 10:00:00,24358.65,24372.85,24285.0,24335.8,0.0
2025-05-07 11:00:00,24334.75,24430.4,24334.75,24357.75,0.0
2025-05-07 12:00:00,24358.3,24400.4,24352.9,24382.95,0.0
2025-05-07 13:00:00,24382.35,24383.35,24345.35,24371.25,0.0
2025-05-07 14:00:00,24372.9,24426.05,24367.85,24395.35,0.0
2025-05-07 15:00:00,24395.7,24425.05,24395.7,24409.3,0.0
2025-05-08 09:00:00,24431.5,24447.25,24373.44921875,24380.3,0.0
2025-05-08 10:00:00,24380.2,24412.3,24380.2,24397.25,0.0
2025-05-08 11:00:00,24396.6,24415.8,24395.15,24401.3,0.0
2025-05-08 12:00:00,24401.85,24411.2,24394.0,24400.1,0.0
2025-05-08 13:00:00,24399.55,24399.9,24322.55078125,24330.4,0.0
2025-05-08 14:00:00,24330.85,24357.3,24244.0,24262.2,0.0
2025-05-08 15:00:00,24267.75,24322.6,24150.19921875,24154.1,0.0
2025-05-09 09:00:00,23935.75,24164.25,23935.75,24012.5,0.0
2025-05-09 10:00:00,24012.6,24086.75,23949.2,23987.3,0.0
2025-05-09 11:00:00,23987.45,24121.3,23987.45,24055.3,0.0
2025-05-09 12:00:00,24053.65,24056.1,24001.85,24033.35,0.0
2025-05-09 13:00:00,24032.65,24038.5,23961.7,23980.75,0.0
2025-05-09 14:00:00,23978.4,24032.75,23960.95,24016.75,0.0
2025-05-09 15:00:00,24013.8,24046.9,23988.45,24038.65,0.0
2025-05-12 09:00:00,24420.099609375,24737.80078125,24378.849609375,24725.0,0.0
2025-05-12 10:00:00,24725.55,24731.4,24668.4,24678.2,0.0
2025-05-12 11:00:00,24679.3,24745.75,24679.3,24716.85,0.0
2025-05-12 12:00:00,24717.3,24806.30078125,24690.35,24800.9,0.0
2025-05-12 13:00:00,24801.45,24853.75,24779.95,24843.95,0.0
2025-05-12 14:00:00,24844.8,24926.19921875,24836.0,24921.6,0.0
2025-05-12 15:00:00,24920.85,24944.80078125,24898.35,24920.25,0.0
2025-05-13 09:00:00,24864.05,24973.80078125,24675.599609375,24711.6,0.0
2025-05-13 10:00:00,24711.95,24797.6,24634.900390625,24759.05,0.0
2025-05-13 11:00:00,24759.5,24837.8,24700.35,24724.4,0.0
2025-05-13 12:00:00,24722.3,24772.0,24597.599609375,24605.4,0.0
2025-05-13 13:00:00,24604.6,24648.9,24582.400390625,24586.05,0.0
2025-05-13 14:00:00,24585.75,24636.85,24560.69921875,24614.8,0.0
2025-05-13 15:00:00,24615.55,24621.2,24547.5,24592.25,0.0
2025-05-14 09:00:00,24613.80078125,24751.44921875,24581.75,24727.4,0.0
2025-05-14 10:00:00,24727.2,24767.55078125,24683.45,24684.6,0.0
2025-05-14 11:00:00,24684.65,24724.9,24633.05,24662.15,0.0
2025-05-14 12:00:00,24662.0,24679.65,24535.55078125,24581.7,0.0
2025-05-14 13:00:00,24581.65,24660.95,24578.9,24621.8,0.0
2025-05-14 14:00:00,24618.9,24665.65,24577.7,24633.25,0.0
2025-05-14 15:00:00,24633.3,24696.75,24632.25,24685.75,0.0
2025-05-15 09:00:00,24694.44921875,24706.75,24494.44921875,24560.75,0.0
2025-05-15 10:00:00,24560.7,24807.75,24511.5,24780.3,0.0
2025-05-15 11:00:00,24782.8,24783.95,24600.6,24628.9,0.0
2025-05-15 12:00:00,24629.4,24740.05,24616.45,24683.95,0.0
2025-05-15 13:00:00,24683.55,25089.80078125,24683.55,25076.65,0.0
2025-05-15 14:00:00,25074.6,25116.25,25037.05,25064.4,0.0
2025-05-15 15:00:00,25065.0,25085.6,25035.3,25035.3,0.0
2025-05-16 09:00:00,25064.650390625,25070.0,24975.80078125,24992.15,0.0
2025-05-16 10:00:00,24991.55,25040.85,24983.7,25000.9,0.0
2025-05-16 11:00:00,25001.45,25001.45,24953.05078125,24973.55,0.0
2025-05-16 12:00:00,24973.7,25018.5,24968.8,24988.95,0.0
2025-05-16 13:00:00,24988.9,25034.8,24986.85,25014.2,0.0
2025-05-16 14:00:00,25014.55,25032.95,24992.35,25011.9,0.0
2025-05-16 15:00:00,25012.3,25034.5,25002.7,25013.1,0.0
2025-05-19 09:00:00,25005.35,25058.69921875,24965.80078125,25013.1,0.0
2025-05-19 10:00:00,25013.65,25062.95,24999.45,25034.8,0.0
2025-05-19 11:00:00,25034.9,25045.85,24998.95,25001.75,0.0
2025-05-19 12:00:00,25001.6,25018.6,24972.25,25012.1,0.0
2025-05-19 13:00:00,25011.25,25016.1,24970.45,24975.0,0.0
2025-05-19 14:00:00,24974.45,24977.9,24916.65,24926.45,0.0
2025-05-19 15:00:00,24926.95,24958.5,24926.2,24935.35,0.0
2025-05-20 09:00:00,24996.19921875,25010.349609375,24863.400390625,24894.05,0.0
2025-05-20 10:00:00,24893.65,24967.25,24874.3,24930.85,0.0
2025-05-20 11:00:00,24932.0,24946.55,24844.55078125,24862.5,0.0
2025-05-20 12:00:00,24862.6,24887.9,24780.650390625,24792.5,0.0
2025-05-20 13:00:00,24792.25,24814.65,24750.650390625,24767.95,0.0
2025-05-20 14:00:00,24767.5,24770.25,24675.94921875,24677.3,0.0
2025-05-20 15:00:00,24677.25,24713.85,24669.69921875,24713.85,0.0
2025-05-21 09:00:00,24744.25,24844.30078125,24692.65,24815.9,0.0
2025-05-21 10:00:00,24815.85,24946.19921875,24811.25,24914.8,0.0
2025-05-21 11:00:00,24915.05,24921.45,24812.4,24827.85,0.0
2025-05-21 12:00:00,24828.55,24829.35,24685.349609375,24776.6,0.0
2025-05-21 13:00:00,24775.6,24839.35,24758.5,24777.3,0.0
2025-05-21 14:00:00,24777.6,24819.6,24740.8,24807.0,0.0
2025-05-21 15:00:00,24807.6,24829.85,24794.85,24800.95,0.0
2025-05-22 09:00:00,24733.94921875,24737.5,24541.599609375,24629.65,0.0
2025-05-22 10:00:00,24631.65,24631.7,24571.15,24605.15,0.0
2025-05-22 11:00:00,24605.9,24610.25,24543.05,24589.75,0.0
2025-05-22 12:00:00,24589.8,24599.0,24509.099609375,24523.85,0.0
2025-05-22 13:00:00,24523.7,24556.6,24511.95,24525.35,0.0
2025-05-22 14:00:00,24525.35,24639.85,24462.400390625,24616.8,0.0
2025-05-22 15:00:00,24616.3,24647.15,24594.0,24637.0,0.0
2025-05-23 09:00:00,24639.5,24806.80078125,24614.05078125,24796.0,0.0
2025-05-23 10:00:00,24795.45,24909.05078125,24748.55,24889.6,0.0
2025-05-23 11:00:00,24892.3,24903.4,24804.3,24837.45,0.0
2025-05-23 12:00:00,24836.95,24901.35,24819.8,24880.9,0.0
2025-05-23 13:00:00,24881.9,24902.0,24838.05,24875.9,0.0
2025-05-23 14:00:00,24876.15,24894.05,24819.3,24836.25,0.0
2025-05-23 15:00:00,24836.35,24864.0,24836.35,24845.15,0.0
2025-05-26 09:00:00,24919.349609375,25079.19921875,24900.5,25061.95,0.0
2025-05-26 10:00:00,25062.5,25065.9,24910.5,24980.3,0.0
2025-05-26 11:00:00,24980.4,25024.4,24954.1,24999.05,0.0
2025-05-26 12:00:00,25000.0,25013.8,24939.45,24967.35,0.0
2025-05-26 13:00:00,24966.75,25013.35,24965.95,24989.15,0.0
2025-05-26 14:00:00,24989.65,25013.45,24969.25,25004.6,0.0
2025-05-26 15:00:00,25004.45,25019.65,24992.6,24996.35,0.0
2025-05-27 09:00:00,24956.650390625,24976.099609375,24750.69921875,24760.4,0.0
2025-05-27 10:00:00,24760.7,24803.25,24737.69921875,24779.7,0.0
2025-05-27 11:00:00,24779.7,25062.900390625,24772.6,24948.05,0.0
2025-05-27 12:00:00,24948.15,24971.1,24819.95,24824.25,0.0
2025-05-27 13:00:00,24824.15,24871.85,24761.7,24764.35,0.0
2025-05-27 14:00:00,24761.6,24817.7,24704.099609375,24817.7,0.0
2025-05-27 15:00:00,24818.05,24843.3,24816.55,24837.7,0.0
2025-05-28 09:00:00,24832.5,24864.25,24743.05078125,24782.15,0.0
2025-05-28 10:00:00,24783.4,24799.05,24737.05078125,24781.65,0.0
2025-05-28 11:00:00,24781.5,24801.9,24746.35,24770.9,0.0
2025-05-28 12:00:00,24770.85,24827.05,24754.5,24805.25,0.0
2025-05-28 13:00:00,24804.4,24823.3,24761.1,24773.3,0.0
2025-05-28 14:00:00,24773.1,24798.0,24765.55,24774.05,0.0
2025-05-28 15:00:00,24775.6,24780.5,24740.05,24757.15,0.0
2025-05-29 09:00:00,24825.099609375,24889.69921875,24779.69921875,24804.05,0.0
2025-05-29 10:00:00,24804.35,24848.05,24741.099609375,24743.95,0.0
2025-05-29 11:00:00,24745.8,24756.5,24708.650390625,24739.5,0.0
2025-05-29 12:00:00,24738.4,24772.3,24677.30078125,24768.6,0.0
2025-05-29 13:00:00,24769.75,24773.7,24739.85,24745.7,0.0
2025-05-29 14:00:00,24745.55,24767.6,24717.8,24757.35,0.0
2025-05-29 15:00:00,24758.6,24892.599609375,24758.1,24880.85,0.0
2025-05-30 09:00:00,24812.599609375,24863.94921875,24780.0,24807.55,0.0
2025-05-30 10:00:00,24806.85,24808.8,24717.400390625,24751.25,0.0
2025-05-30 11:00:00,24752.3,24787.95,24737.75,24755.1,0.0
2025-05-30 12:00:00,24755.8,24761.35,24728.7,24755.3,0.0
2025-05-30 13:00:00,24756.05,24801.7,24750.75,24788.95,0.0
2025-05-30 14:00:00,24788.75,24796.25,24751.1,24764.4,0.0
2025-05-30 15:00:00,24766.65,24784.1,24729.8,24736.65,0.0
2025-06-02 09:00:00,24669.7,24717.55078125,24526.15,24598.2,0.0
2025-06-02 10:00:00,24598.05,24638.85,24554.2,24617.3,0.0
2025-06-02 11:00:00,24616.7,24657.85,24611.45,24651.1,0.0
2025-06-02 12:00:00,24650.8,24739.75,24647.4,24684.75,0.0
2025-06-02 13:00:00,24685.1,24732.9,24684.4,24708.3,0.0
2025-06-02 14:00:00,24708.45,24716.05,24654.8,24713.5,0.0
2025-06-02 15:00:00,24714.25,24754.400390625,24666.6,24690.7,0.0
2025-06-03 09:00:00,24786.30078125,24845.099609375,24601.30078125,24630.15,0.0
2025-06-03 10:00:00,24630.4,24766.45,24612.1,24637.7,0.0
2025-06-03 11:00:00,24637.3,24662.6,24571.599609375,24623.45,0.0
2025-06-03 12:00:00,24622.3,24648.95,24502.150390625,24530.5,0.0
2025-06-03 13:00:00,24531.9,24572.7,24504.15,24568.35,0.0
2025-06-03 14:00:00,24567.5,24601.7,24556.85,24567.45,0.0
2025-06-03 15:00:00,24568.65,24575.05,24524.45,24538.4,0.0
2025-06-04 09:00:00,24560.44921875,24612.75,24530.44921875,24575.1,0.0
2025-06-04 10:00:00,24575.15,24609.6,24569.6,24589.0,0.0
2025-06-04 11:00:00,24589.1,24601.55,24572.0,24594.35,0.0
2025-06-04 12:00:00,24594.55,24609.15,24582.2,24602.1,0.0
2025-06-04 13:00:00,24602.15,24622.900390625,24588.8,24621.35,0.0
2025-06-04 14:00:00,24621.95,24632.0,24608.65,24628.9,0.0
2025-06-04 15:00:00,24629.45,24644.25,24604.1,24612.0,0.0
2025-06-05 09:00:00,24691.19921875,24761.5,24613.099609375,24749.2,0.0
2025-06-05 10:00:00,24749.4,24757.4,24690.9,24704.55,0.0
2025-06-05 11:00:00,24704.75,24754.2,24698.35,24742.05,0.0
2025-06-05 12:00:00,24742.45,24899.849609375,24742.05,24796.35,0.0
2025-06-05 13:00:00,24796.9,24822.55,24711.35,24732.6,0.0
2025-06-05 14:00:00,24732.35,24780.65,24693.1,24739.9,0.0
2025-06-05 15:00:00,24742.8,24775.4,24727.1,24761.1,0.0
2025-06-06 09:00:00,24748.69921875,24763.349609375,24681.05078125,24712.3,0.0
2025-06-06 10:00:00,24713.25,24947.85,24671.44921875,24942.4,0.0
2025-06-06 11:00:00,24942.15,25029.5,24942.15,25025.8,0.0
2025-06-06 12:00:00,25026.85,25028.4,24966.0,24982.75,0.0
2025-06-06 13:00:00,24982.95,24997.7,24962.35,24990.25,0.0
2025-06-06 14:00:00,24990.7,25021.75,24975.15,24998.4,0.0
2025-06-06 15:00:00,24999.6,25013.4,24992.65,25000.3,0.0
2025-06-09 09:00:00,25160.099609375,25160.099609375,25077.150390625,25100.9,0.0
2025-06-09 10:00:00,25101.5,25141.3,25094.65,25128.95,0.0
2025-06-09 11:00:00,25128.85,25142.7,25103.35,25112.2,0.0
2025-06-09 12:00:00,25112.2,25127.85,25102.3,25107.55,0.0
2025-06-09 13:00:00,25108.3,25117.1,25098.45,25109.3,0.0
2025-06-09 14:00:00,25109.6,25112.45,25083.5,25098.25,0.0
2025-06-09 15:00:00,25098.7,25110.95,25095.8,25103.1,0.0
2025-06-10 09:00:00,25196.05078125,25199.30078125,25055.44921875,25127.9,0.0
2025-06-10 10:00:00,25127.6,25163.75,25099.8,25112.6,0.0
2025-06-10 11:00:00,25112.3,25147.45,25109.65,25145.7,0.0
2025-06-10 12:00:00,25145.85,25150.5,25120.0,25137.3,0.0
2025-06-10 13:00:00,25137.5,25142.75,25121.15,25127.35,0.0
2025-06-10 14:00:00,25126.7,25132.65,25098.7,25102.4,0.0
2025-06-10 15:00:00,25102.5,25122.5,25086.15,25091.5,0.0
2025-06-11 09:00:00,25134.150390625,25150.400390625,25081.30078125,25145.7,0.0
2025-06-11 10:00:00,25145.65,25188.85,25132.4,25173.9,0.0
2025-06-11 11:00:00,25174.25,25215.94921875,25167.3,25210.55,0.0
2025-06-11 12:00:00,25210.15,25222.400390625,25186.3,25214.75,0.0
2025-06-11 13:00:00,25215.05,25220.1,25108.15,25145.7,0.0
2025-06-11 14:00:00,25144.85,25157.6,25116.25,25144.9,0.0
2025-06-11 15:00:00,25144.6,25154.85,25124.95,25126.8,0.0
2025-06-12 09:00:00,25164.44921875,25196.19921875,25083.44921875,25093.25,0.0
2025-06-12 10:00:00,25093.2,25115.75,25041.55078125,25054.5,0.0
2025-06-12 11:00:00,25054.75,25092.75,25020.4,25029.95,0.0
2025-06-12 12:00:00,25029.15,25074.5,25009.349609375,25040.6,0.0
2025-06-12 13:00:00,25040.95,25045.45,24871.0,24889.3,0.0
2025-06-12 14:00:00,24890.6,24913.15,24825.900390625,24907.0,0.0
2025-06-12 15:00:00,24906.9,24920.95,24850.8,24856.0,0.0
2025-06-13 09:00:00,24473.0,24653.150390625,24473.0,24641.9,0.0
2025-06-13 10:00:00,24641.2,24692.44921875,24614.25,24671.55,0.0
2025-06-13 11:00:00,24671.4,24693.75,24639.75,24684.65,0.0
2025-06-13 12:00:00,24684.0,24724.599609375,24675.9,24682.45,0.0
2025-06-13 13:00:00,24678.0,24754.349609375,24674.45,24712.6,0.0
2025-06-13 14:00:00,24711.8,24728.85,24650.9,24663.95,0.0
2025-06-13 15:00:00,24664.25,24744.95,24662.75,24735.55,0.0
2025-06-16 09:00:00,24732.349609375,24817.650390625,24703.599609375,24737.25,0.0
2025-06-16 10:00:00,24736.85,24890.7,24726.05,24875.9,0.0
2025-06-16 11:00:00,24876.2,24930.650390625,24874.25,24892.2,0.0
2025-06-16 12:00:00,24892.25,24953.05078125,24889.6,24921.5,0.0
2025-06-16 13:00:00,24922.0,24966.650390625,24922.0,24937.9,0.0
2025-06-16 14:00:00,24938.8,24967.099609375,24928.5,24942.45,0.0
2025-06-16 15:00:00,24944.15,24957.95,24934.35,24940.95,0.0
2025-06-17 09:00:00,24977.849609375,24982.05078125,24857.94921875,24874.4,0.0
2025-06-17 10:00:00,24874.35,24908.4,24846.44921875,24875.85,0.0
2025-06-17 11:00:00,24875.8,24899.85,24864.65,24867.25,0.0
2025-06-17 12:00:00,24866.65,24872.65,24813.69921875,24827.9,0.0
2025-06-17 13:00:00,24827.9,24856.95,24821.05,24849.2,0.0
2025-06-17 14:00:00,24849.15,24869.25,24836.75,24852.05,0.0
2025-06-17 15:00:00,24852.3,24868.45,24833.85,24841.5,0.0
2025-06-18 09:00:00,24788.349609375,24947.55078125,24776.900390625,24902.25,0.0
2025-06-18 10:00:00,24902.75,24928.85,24827.15,24847.0,0.0
2025-06-18 11:00:00,24846.55,24847.7,24766.900390625,24779.45,0.0
2025-06-18 12:00:00,24779.05,24821.75,24760.65,24775.4,0.0
2025-06-18 13:00:00,24775.4,24814.95,24765.6,24779.6,0.0
2025-06-18 14:00:00,24781.05,24820.75,24750.44921875,24816.15,0.0
2025-06-18 15:00:00,24815.2,24829.65,24794.95,24798.75,0.0
2025-06-19 09:00:00,24803.25,24863.099609375,24738.099609375,24842.35,0.0
2025-06-19 10:00:00,24841.65,24843.45,24796.45,24811.45,0.0
2025-06-19 11:00:00,24811.5,24816.6,24791.25,24804.7,0.0
2025-06-19 12:00:00,24804.95,24822.2,24772.2,24789.85,0.0
2025-06-19 13:00:00,24789.3,24811.65,24780.55,24811.3,0.0
2025-06-19 14:00:00,24811.8,24849.85,24787.75,24810.5,0.0
2025-06-19 15:00:00,24810.55,24811.5,24733.400390625,24744.7,0.0
2025-06-20 09:00:00,24787.650390625,24900.25,24783.650390625,24865.15,0.0
2025-06-20 10:00:00,24864.35,25040.44921875,24861.0,24994.95,0.0
2025-06-20 11:00:00,24994.85,25045.0,24994.85,25029.75,0.0
2025-06-20 12:00:00,25029.85,25043.2,24964.05,25022.5,0.0
2025-06-20 13:00:00,25021.95,25078.349609375,25017.65,25038.75,0.0
2025-06-20 14:00:00,25038.45,25061.2,25031.4,25046.05,0.0
2025-06-20 15:00:00,25046.5,25136.19921875,25039.85,25079.75,0.0
2025-06-23 09:00:00,24939.75,24988.099609375,24834.55078125,24853.65,0.0
2025-06-23 10:00:00,24853.65,24939.05,24824.849609375,24918.5,0.0
2025-06-23 11:00:00,24918.05,24968.8,24902.6,24935.65,0.0
2025-06-23 12:00:00,24934.8,24964.15,24932.3,24950.0,0.0
2025-06-23 13:00:00,24948.85,25046.05078125,24945.4,25019.35,0.0
2025-06-23 14:00:00,25018.85,25057.0,24972.5,24987.05,0.0
2025-06-23 15:00:00,24987.8,24994.8,24951.7,24958.9,0.0
2025-06-24 09:00:00,25179.900390625,25250.849609375,25118.5,25193.0,0.0
2025-06-24 10:00:00,25193.45,25257.94921875,25167.1,25223.0,0.0
2025-06-24 11:00:00,25221.85,25293.30078125,25218.55,25291.45,0.0
2025-06-24 12:00:00,25291.65,25317.69921875,25143.95,25245.15,0.0
2025-06-24 13:00:00,25245.8,25248.0,25007.599609375,25083.75,0.0
2025-06-24 14:00:00,25082.25,25092.75,24999.69921875,25032.2,0.0
2025-06-24 15:00:00,25032.95,25078.35,25022.6,25071.55,0.0
2025-06-25 09:00:00,25150.349609375,25204.7,25125.05078125,25203.75,0.0
2025-06-25 10:00:00,25203.9,25218.05078125,25172.65,25205.25,0.0
2025-06-25 11:00:00,25204.35,25220.5,25190.7,25212.95,0.0
2025-06-25 12:00:00,25212.9,25217.3,25180.3,25208.2,0.0
2025-06-25 13:00:00,25209.8,25266.80078125,25205.95,25236.05,0.0
2025-06-25 14:00:00,25236.1,25262.05,25215.75,25235.8,0.0
2025-06-25 15:00:00,25236.35,25255.75,25234.65,25236.35,0.0
2025-06-26 09:00:00,25268.94921875,25421.80078125,25259.900390625,25418.1,0.0
2025-06-26 10:00:00,25419.45,25437.900390625,25292.5,25318.4,0.0
2025-06-26 11:00:00,25319.05,25370.35,25306.35,25344.15,0.0
2025-06-26 12:00:00,25344.75,25421.2,25342.45,25371.45,0.0
2025-06-26 13:00:00,25373.0,25502.900390625,25370.2,25500.45,0.0
2025-06-26 14:00:00,25500.7,25547.80078125,25475.3,25544.2,0.0
2025-06-26 15:00:00,25543.85,25565.30078125,25528.6,25530.4,0.0
2025-06-27 09:00:00,25576.650390625,25622.5,25523.55078125,25545.35,0.0
2025-06-27 10:00:00,25544.5,25610.25,25539.6,25604.75,0.0
2025-06-27 11:00:00,25605.9,25617.0,25594.3,25610.05,0.0
2025-06-27 12:00:00,25610.9,25649.349609375,25607.95,25640.3,0.0
2025-06-27 13:00:00,25641.25,25644.5,25608.8,25632.7,0.0
2025-06-27 14:00:00,25634.25,25639.35,25611.25,25629.5,0.0
2025-06-27 15:00:00,25630.05,25654.19921875,25624.25,25632.45,0.0
2025-06-30 09:00:00,25661.650390625,25669.349609375,25558.05078125,25558.45,0.0
2025-06-30 10:00:00,25558.2,25600.0,25536.69921875,25559.15,0.0
2025-06-30 11:00:00,25558.3,25578.3,25539.0,25568.2,0.0
2025-06-30 12:00:00,25569.25,25599.3,25526.25,25526.35,0.0
2025-06-30 13:00:00,25526.65,25527.15,25473.3,25499.75,0.0
2025-06-30 14:00:00,25499.2,25519.8,25477.6,25505.9,0.0
2025-06-30 15:00:00,25504.9,25526.65,25503.55,25507.45,0.0
2025-07-01 09:00:00,25551.349609375,25593.400390625,25513.8,25569.6,0.0
2025-07-01 10:00:00,25569.75,25572.3,25519.65,25520.95,0.0
2025-07-01 11:00:00,25521.0,25535.6,25501.80078125,25515.4,0.0
2025-07-01 12:00:00,25515.3,25551.3,25511.1,25534.25,0.0
2025-07-01 13:00:00,25534.1,25541.25,25509.2,25530.5,0.0
2025-07-01 14:00:00,25530.6,25552.2,25515.05,25535.15,0.0
2025-07-01 15:00:00,25536.0,25556.95,25527.0,25533.0,0.0
2025-07-02 09:00:00,25588.30078125,25608.099609375,25531.30078125,25534.1,0.0
2025-07-02 10:00:00,25534.15,25535.55,25482.5,25491.85,0.0
2025-07-02 11:00:00,25492.0,25501.5,25463.400390625,25490.0,0.0
2025-07-02 12:00:00,25490.75,25503.95,25460.349609375,25474.7,0.0
2025-07-02 13:00:00,25474.45,25489.95,25383.94921875,25408.05,0.0
2025-07-02 14:00:00,25407.7,25431.0,25378.75,25430.2,0.0
2025-07-02 15:00:00,25432.2,25472.8,25431.1,25442.85,0.0
2025-07-03 09:00:00,25505.099609375,25547.25,25429.75,25545.35,0.0
2025-07-03 10:00:00,25545.95,25567.5,25526.45,25531.15,0.0
2025-07-03 11:00:00,25531.15,25576.69921875,25484.85,25514.4,0.0
2025-07-03 12:00:00,25513.6,25538.55,25486.45,25512.2,0.0
2025-07-03 13:00:00,25512.0,25587.5,25479.75,25499.45,0.0
2025-07-03 14:00:00,25499.05,25509.15,25384.349609375,25408.85,0.0
2025-07-03 15:00:00,25410.6,25424.35,25388.65,25397.4,0.0
2025-07-04 09:00:00,25428.849609375,25458.650390625,25370.55,25414.0,0.0
2025-07-04 10:00:00,25414.05,25424.35,25395.75,25419.25,0.0
2025-07-04 11:00:00,25419.55,25426.85,25333.900390625,25339.6,0.0
2025-07-04 12:00:00,25339.05,25368.0,25331.650390625,25358.1,0.0
2025-07-04 13:00:00,25357.25,25387.25,25354.25,25384.05,0.0
2025-07-04 14:00:00,25383.95,25463.349609375,25366.2,25453.65,0.0
2025-07-04 15:00:00,25453.25,25470.25,25449.3,25467.8,0.0
2025-07-07 09:00:00,25450.44921875,25489.80078125,25407.25,25462.1,0.0
2025-07-07 10:00:00,25461.5,25473.1,25417.05,25468.8,0.0
2025-07-07 11:00:00,25469.8,25478.75,25433.95,25439.0,0.0
2025-07-07 12:00:00,25439.05,25453.25,25421.25,25425.85,0.0
2025-07-07 13:00:00,25423.85,25460.4,25417.15,25449.2,0.0
2025-07-07 14:00:00,25448.8,25467.8,25415.85,25441.25,0.0
2025-07-07 15:00:00,25442.4,25473.2,25441.65,25454.95,0.0
2025-07-08 09:00:00,25427.849609375,25495.900390625,25424.150390625,25458.05,0.0
2025-07-08 10:00:00,25458.7,25462.7,25432.3,25451.35,0.0
2025-07-08 11:00:00,25451.45,25455.5,25431.05,25449.55,0.0
2025-07-08 12:00:00,25447.85,25478.7,25441.6,25473.65,0.0
2025-07-08 13:00:00,25472.5,25480.25,25447.15,25475.15,0.0
2025-07-08 14:00:00,25475.35,25486.25,25447.45,25482.3,0.0
2025-07-08 15:00:00,25483.55,25548.05078125,25476.85,25523.1,0.0
2025-07-09 09:00:00,25514.599609375,25525.05078125,25472.05,25517.4,0.0
2025-07-09 10:00:00,25516.0,25537.55078125,25503.6,25523.4,0.0
2025-07-09 11:00:00,25522.6,25548.7,25503.25,25519.6,0.0
2025-07-09 12:00:00,25519.2,25545.95,25515.65,25531.65,0.0
2025-07-09 13:00:00,25530.95,25537.8,25490.5,25529.85,0.0
2025-07-09 14:00:00,25529.95,25533.2,25424.349609375,25461.8,0.0
2025-07-09 15:00:00,25462.8,25483.1,25460.9,25464.65,0.0
2025-07-10 09:00:00,25511.650390625,25524.05078125,25410.30078125,25426.6,0.0
2025-07-10 10:00:00,25427.0,25436.65,25381.349609375,25388.9,0.0
2025-07-10 11:00:00,25389.3,25401.7,25363.69921875,25368.95,0.0
2025-07-10 12:00:00,25368.85,25410.75,25357.19921875,25400.6,0.0
2025-07-10 13:00:00,25401.6,25404.3,25357.099609375,25374.35,0.0
2025-07-10 14:00:00,25374.9,25431.05,25363.2,25363.2,0.0
2025-07-10 15:00:00,25366.05,25377.4,25340.44921875,25348.15,0.0
2025-07-11 09:00:00,25255.5,25322.44921875,25244.0,25286.9,0.0
2025-07-11 10:00:00,25287.05,25287.6,25170.30078125,25175.05,0.0
2025-07-11 11:00:00,25176.25,25214.85,25149.25,25163.2,0.0
2025-07-11 12:00:00,25163.05,25205.15,25136.75,25163.6,0.0
2025-07-11 13:00:00,25163.7,25172.65,25140.5,25168.4,0.0
2025-07-11 14:00:00,25169.0,25191.55,25150.05,25167.95,0.0
2025-07-11 15:00:00,25166.35,25172.05,25129.0,25140.55,0.0
2025-07-14 09:00:00,25149.5,25151.099609375,25041.900390625,25117.15,0.0
2025-07-14 10:00:00,25117.5,25127.2,25071.85,25073.2,0.0
2025-07-14 11:00:00,25074.25,25085.1,25019.75,25034.55,0.0
2025-07-14 12:00:00,25034.8,25060.95,25029.25,25039.05,0.0
2025-07-14 13:00:00,25039.3,25058.55,25001.94921875,25035.25,0.0
2025-07-14 14:00:00,25034.6,25108.5,25027.5,25105.1,0.0
2025-07-14 15:00:00,25107.05,25107.1,25066.75,25087.1,0.0
2025-07-15 09:00:00,25089.5,25155.80078125,25088.44921875,25101.55,0.0
2025-07-15 10:00:00,25102.8,25197.25,25097.7,25192.85,0.0
2025-07-15 11:00:00,25192.95,25245.19921875,25190.45,25204.65,0.0
2025-07-15 12:00:00,25204.6,25220.4,25173.1,25208.2,0.0
2025-07-15 13:00:00,25208.25,25220.35,25169.55,25193.6,0.0
2025-07-15 14:00:00,25193.4,25195.1,25156.05,25160.0,0.0
2025-07-15 15:00:00,25161.3,25225.05,25161.3,25219.65,0.0
2025-07-16 09:00:00,25196.599609375,25218.94921875,25127.75,25155.05,0.0
2025-07-16 10:00:00,25154.85,25156.8,25121.05078125,25138.5,0.0
2025-07-16 11:00:00,25138.3,25210.0,25127.75,25185.65,0.0
2025-07-16 12:00:00,25185.4,25233.5,25171.4,25208.5,0.0
2025-07-16 13:00:00,25208.7,25231.3,25186.0,25217.5,0.0
2025-07-16 14:00:00,25217.4,25255.30078125,25216.3,25227.5,0.0
2025-07-16 15:00:00,25229.0,25234.75,25190.6,25198.55,0.0
2025-07-17 09:00:00,25230.75,25238.349609375,25177.5,25189.05,0.0
2025-07-17 10:00:00,25189.45,25191.8,25144.0,25162.8,0.0
2025-07-17 11:00:00,25162.05,25205.2,25150.95,25189.85,0.0
2025-07-17 12:00:00,25189.65,25210.45,25168.45,25179.7,0.0
2025-07-17 13:00:00,25179.95,25194.5,25155.55,25177.45,0.0
2025-07-17 14:00:00,25177.4,25182.0,25107.25,25115.65,0.0
2025-07-17 15:00:00,25117.55,25122.8,25101.0,25109.5,0.0
2025-07-18 09:00:00,25108.55078125,25144.599609375,25026.19921875,25039.8,0.0
2025-07-18 10:00:00,25040.3,25042.25,24930.0,24931.0,0.0
2025-07-18 11:00:00,24930.7,24976.55,24920.44921875,24951.35,0.0
2025-07-18 12:00:00,24951.7,24953.95,24918.650390625,24951.55,0.0
2025-07-18 13:00:00,24951.55,24994.25,24935.55,24960.0,0.0
2025-07-18 14:00:00,24960.1,25005.2,24952.95,24973.1,0.0
2025-07-18 15:00:00,24971.85,24980.9,24962.7,24967.45,0.0
2025-07-21 09:00:00,24999.0,25049.099609375,24882.30078125,25035.25,0.0
2025-07-21 10:00:00,25033.95,25071.05078125,25024.2,25060.2,0.0
2025-07-21 11:00:00,25059.95,25079.5,25000.1,25042.75,0.0
2025-07-21 12:00:00,25043.4,25056.75,25010.0,25039.75,0.0
2025-07-21 13:00:00,25040.7,25059.2,24988.1,25012.35,0.0
2025-07-21 14:00:00,25012.4,25050.95,25000.0,25050.45,0.0
2025-07-21 15:00:00,25050.85,25111.400390625,25050.85,25093.3,0.0
2025-07-22 09:00:00,25166.650390625,25182.0,25089.400390625,25097.55,0.0
2025-07-22 10:00:00,25098.25,25123.8,25076.5,25085.85,0.0
2025-07-22 11:00:00,25086.25,25088.3,25035.55078125,25085.35,0.0
2025-07-22 12:00:00,25085.8,25116.4,25071.1,25115.55,0.0
2025-07-22 13:00:00,25114.85,25119.7,25073.5,25088.8,0.0
2025-07-22 14:00:00,25088.2,25107.65,25044.85,25066.6,0.0
2025-07-22 15:00:00,25062.65,25071.05,25047.9,25064.9,0.0
2025-07-23 09:00:00,25139.349609375,25149.849609375,25085.5,25116.9,0.0
2025-07-23 10:00:00,25117.1,25132.05,25090.85,25122.45,0.0
2025-07-23 11:00:00,25122.15,25142.3,25102.8,25135.3,0.0
2025-07-23 12:00:00,25135.65,25188.55078125,25130.55,25168.85,0.0
2025-07-23 13:00:00,25168.55,25196.30078125,25139.95,25191.6,0.0
2025-07-23 14:00:00,25192.15,25219.05078125,25182.65,25212.55,0.0
2025-07-23 15:00:00,25213.4,25233.5,25205.8,25209.2,0.0
2025-07-24 09:00:00,25243.30078125,25246.25,25164.25,25175.75,0.0
2025-07-24 10:00:00,25175.3,25182.9,25154.400390625,25166.9,0.0
2025-07-24 11:00:00,25166.35,25169.6,25067.099609375,25072.3,0.0
2025-07-24 12:00:00,25072.8,25091.2,25018.69921875,25040.8,0.0
2025-07-24 13:00:00,25041.85,25101.6,25030.65,25068.6,0.0
2025-07-24 14:00:00,25068.4,25103.25,25047.65,25049.05,0.0
2025-07-24 15:00:00,25049.45,25071.05,25046.3,25051.9,0.0
2025-07-25 09:00:00,25010.349609375,25010.349609375,24907.44921875,24928.55,0.0
2025-07-25 10:00:00,24928.85,24940.75,24844.44921875,24870.25,0.0
2025-07-25 11:00:00,24870.6,24916.85,24830.849609375,24846.55,0.0
2025-07-25 12:00:00,24846.4,24886.6,24811.650390625,24855.9,0.0
2025-07-25 13:00:00,24855.6,24880.05,24806.349609375,24874.4,0.0
2025-07-25 14:00:00,24873.35,24879.85,24813.85,24833.95,0.0
2025-07-25 15:00:00,24833.7,24849.0,24808.4,24832.2,0.0
2025-07-28 09:00:00,24782.44921875,24854.69921875,24732.69921875,24802.85,0.0
2025-07-28 10:00:00,24802.25,24889.19921875,24775.4,24827.2,0.0
2025-07-28 11:00:00,24826.85,24844.65,24779.45,24818.4,0.0
2025-07-28 12:00:00,24818.4,24820.4,24715.15,24733.45,0.0
2025-07-28 13:00:00,24734.6,24735.45,24661.099609375,24676.65,0.0
2025-07-28 14:00:00,24675.95,24705.85,24646.599609375,24700.7,0.0
2025-07-28 15:00:00,24701.95,24703.75,24669.6,24673.95,0.0
2025-07-29 09:00:00,24609.650390625,24727.150390625,24598.599609375,24697.25,0.0
2025-07-29 10:00:00,24694.7,24717.25,24614.3,24645.25,0.0
2025-07-29 11:00:00,24645.05,24705.45,24635.45,24673.25,0.0
2025-07-29 12:00:00,24672.9,24715.9,24662.95,24708.55,0.0
2025-07-29 13:00:00,24709.05,24796.099609375,24702.95,24785.0,0.0
2025-07-29 14:00:00,24785.2,24828.150390625,24771.8,24793.05,0.0
2025-07-29 15:00:00,24794.35,24847.150390625,24771.7,24830.4,0.0
2025-07-30 09:00:00,24890.400390625,24892.05078125,24813.900390625,24839.35,0.0
2025-07-30 10:00:00,24839.35,24858.75,24771.94921875,24817.2,0.0
2025-07-30 11:00:00,24817.25,24902.30078125,24809.3,24876.3,0.0
2025-07-30 12:00:00,24876.95,24877.65,24849.6,24865.55,0.0
2025-07-30 13:00:00,24866.35,24872.55,24831.6,24866.7,0.0
2025-07-30 14:00:00,24867.3,24890.7,24845.9,24853.5,0.0
2025-07-30 15:00:00,24853.75,24867.25,24840.75,24844.55,0.0
2025-07-31 09:00:00,24642.25,24728.94921875,24635.0,24694.1,0.0
2025-07-31 10:00:00,24692.75,24728.7,24653.6,24713.4,0.0
2025-07-31 11:00:00,24713.2,24822.400390625,24713.2,24798.65,0.0
2025-07-31 12:00:00,24798.55,24906.05078125,24755.6,24897.15,0.0
2025-07-31 13:00:00,24897.65,24956.5,24886.2,24907.7,0.0
2025-07-31 14:00:00,24907.35,24952.7,24835.1,24851.45,0.0
2025-07-31 15:00:00,24851.9,24851.9,24747.55,24765.6,0.0
2025-08-01 09:00:00,24734.900390625,24759.75,24672.19921875,24696.9,0.0
2025-08-01 10:00:00,24696.55,24784.150390625,24684.65,24743.4,0.0
2025-08-01 11:00:00,24743.45,24771.35,24644.05078125,24659.4,0.0
2025-08-01 12:00:00,24659.1,24697.7,24611.05078125,24644.8,0.0
2025-08-01 13:00:00,24645.7,24692.65,24615.6,24643.85,0.0
2025-08-01 14:00:00,24644.55,24663.95,24603.599609375,24613.8,0.0
2025-08-01 15:00:00,24610.75,24617.7,24535.05078125,24572.15,0.0
2025-08-04 09:00:00,24596.05078125,24669.94921875,24554.0,24608.1,0.0
2025-08-04 10:00:00,24607.75,24656.0,24597.0,24625.25,0.0
2025-08-04 11:00:00,24625.55,24684.650390625,24622.15,24679.45,0.0
2025-08-04 12:00:00,24679.0,24720.94921875,24659.55,24705.7,0.0
2025-08-04 13:00:00,24705.65,24734.650390625,24644.1,24718.65,0.0
2025-08-04 14:00:00,24718.3,24734.35,24682.2,24725.75,0.0
2025-08-04 15:00:00,24726.35,24736.25,24701.7,24726.9,0.0
2025-08-05 09:00:00,24720.25,24733.099609375,24599.349609375,24605.1,0.0
2025-08-05 10:00:00,24606.05,24644.7,24593.150390625,24620.2,0.0
2025-08-05 11:00:00,24620.5,24646.6,24604.15,24624.7,0.0
2025-08-05 12:00:00,24625.35,24668.7,24619.3,24639.1,0.0
2025-08-05 13:00:00,24637.75,24642.35,24593.0,24624.9,0.0
2025-08-05 14:00:00,24623.55,24631.85,24590.30078125,24611.5,0.0
2025-08-05 15:00:00,24611.95,24671.15,24597.9,24649.5,0.0
2025-08-06 09:00:00,24641.349609375,24671.400390625,24605.849609375,24620.1,0.0
2025-08-06 10:00:00,24619.95,24649.45,24544.150390625,24556.45,0.0
2025-08-06 11:00:00,24556.7,24590.6,24548.2,24580.35,0.0
2025-08-06 12:00:00,24580.25,24633.6,24577.3,24608.0,0.0
2025-08-06 13:00:00,24609.0,24628.8,24584.5,24598.1,0.0
2025-08-06 14:00:00,24598.25,24601.25,24539.19921875,24567.05,0.0
2025-08-06 15:00:00,24570.35,24585.75,24556.35,24569.6,0.0
2025-08-07 09:00:00,24464.19921875,24542.900390625,24460.05078125,24481.35,0.0
2025-08-07 10:00:00,24481.1,24487.85,24413.349609375,24426.05,0.0
2025-08-07 11:00:00,24426.8,24448.2,24387.55078125,24426.45,0.0
2025-08-07 12:00:00,24426.8,24452.5,24417.85,24435.5,0.0
2025-08-07 13:00:00,24435.8,24436.45,24344.150390625,24388.25,0.0
2025-08-07 14:00:00,24388.4,24542.6,24388.4,24537.1,0.0
2025-08-07 15:00:00,24537.15,24634.19921875,24537.15,24626.65,0.0
2025-08-08 09:00:00,24544.25,24585.5,24476.19921875,24477.2,0.0
2025-08-08 10:00:00,24477.15,24481.25,24408.30078125,24422.7,0.0
2025-08-08 11:00:00,24422.85,24452.75,24416.3,24433.85,0.0
2025-08-08 12:00:00,24434.0,24481.35,24402.25,24459.85,0.0
2025-08-08 13:00:00,24459.3,24464.4,24417.85,24424.75,0.0
2025-08-08 14:00:00,24424.35,24449.45,24382.69921875,24407.15,0.0
2025-08-08 15:00:00,24406.8,24407.35,24337.5,24350.85,0.0
2025-08-11 09:00:00,24371.5,24428.400390625,24347.44921875,24399.8,0.0
2025-08-11 10:00:00,24400.35,24467.80078125,24382.0,24454.65,0.0
2025-08-11 11:00:00,24455.35,24475.19921875,24402.1,24423.8,0.0
2025-08-11 12:00:00,24423.25,24481.05078125,24421.1,24476.25,0.0
2025-08-11 13:00:00,24477.4,24522.5,24463.6,24520.65,0.0
2025-08-11 14:00:00,24520.25,24583.650390625,24520.25,24578.55,0.0
2025-08-11 15:00:00,24578.45,24600.849609375,24544.55,24562.15,0.0
2025-08-12 09:00:00,24563.349609375,24684.900390625,24530.75,24684.7,0.0
2025-08-12 10:00:00,24684.35,24702.599609375,24562.25,24580.75,0.0
2025-08-12 11:00:00,24579.7,24593.25,24531.45,24565.75,0.0
2025-08-12 12:00:00,24565.85,24640.35,24552.7,24595.05,0.0
2025-08-12 13:00:00,24595.35,24619.7,24549.5,24603.55,0.0
2025-08-12 14:00:00,24603.7,24606.15,24481.5,24499.75,0.0
2025-08-12 15:00:00,24501.1,24503.8,24465.650390625,24485.85,0.0
2025-08-13 09:00:00,24586.19921875,24614.19921875,24535.25,24598.6,0.0
2025-08-13 10:00:00,24597.8,24605.8,24554.4,24587.7,0.0
2025-08-13 11:00:00,24588.25,24601.9,24552.15,24552.35,0.0
2025-08-13 12:00:00,24552.7,24629.0,24538.9,24625.45,0.0
2025-08-13 13:00:00,24625.2,24653.94921875,24594.65,24648.85,0.0
2025-08-13 14:00:00,24649.85,24664.55078125,24617.85,24644.2,0.0
2025-08-13 15:00:00,24645.1,24645.1,24610.15,24630.4,0.0
2025-08-14 09:00:00,24607.25,24672.849609375,24604.599609375,24633.65,0.0
2025-08-14 10:00:00,24633.45,24673.650390625,24618.0,24646.45,0.0
2025-08-14 11:00:00,24645.75,24663.5,24603.69921875,24631.15,0.0
2025-08-14 12:00:00,24630.95,24665.55,24627.45,24662.95,0.0
2025-08-14 13:00:00,24663.75,24664.1,24626.4,24645.25,0.0
2025-08-14 14:00:00,24645.05,24663.3,24596.900390625,24647.45,0.0
2025-08-14 15:00:00,24647.45,24649.75,24607.25,24616.05,0.0
2025-08-18 09:00:00,24938.19921875,25022.0,24884.30078125,25000.25,0.0
2025-08-18 10:00:00,25000.8,25009.7,24954.2,24960.75,0.0
2025-08-18 11:00:00,24961.0,24974.05,24915.55,24916.8,0.0
2025-08-18 12:00:00,24916.75,24942.2,24852.849609375,24929.95,0.0
2025-08-18 13:00:00,24931.45,24959.25,24909.0,24919.7,0.0
2025-08-18 14:00:00,24919.6,24943.8,24892.4,24917.5,0.0
2025-08-18 15:00:00,24917.45,24917.65,24866.9,24884.05,0.0
2025-08-19 09:00:00,24891.349609375,24936.44921875,24873.94921875,24907.5,0.0
2025-08-19 10:00:00,24907.75,24932.95,24896.85,24924.8,0.0
2025-08-19 11:00:00,24925.1,24960.80078125,24924.25,24956.15,0.0
2025-08-19 12:00:00,24955.95,25012.650390625,24951.9,24991.4,0.0
2025-08-19 13:00:00,24991.65,25004.55,24939.55,24949.4,0.0
2025-08-19 14:00:00,24950.35,24995.4,24919.4,24972.8,0.0
2025-08-19 15:00:00,24972.95,24995.65,24968.0,24989.7,0.0
2025-08-20 09:00:00,24965.80078125,24991.650390625,24929.69921875,24976.95,0.0
2025-08-20 10:00:00,24977.2,25020.25,24973.7,24991.7,0.0
2025-08-20 11:00:00,24991.6,25035.44921875,24987.2,25033.7,0.0
2025-08-20 12:00:00,25033.1,25059.80078125,25025.55,25058.6,0.0
2025-08-20 13:00:00,25058.0,25066.25,25031.35,25064.5,0.0
2025-08-20 14:00:00,25063.45,25088.69921875,25044.65,25074.3,0.0
2025-08-20 15:00:00,25072.3,25073.95,25038.2,25047.15,0.0
2025-08-21 09:00:00,25142.0,25144.849609375,25054.9,25104.35,0.0
2025-08-21 10:00:00,25104.75,25145.69921875,25100.75,25127.75,0.0
2025-08-21 11:00:00,25128.15,25137.4,25100.9,25105.55,0.0
2025-08-21 12:00:00,25105.8,25128.4,25090.85,25118.25,0.0
2025-08-21 13:00:00,25117.55,25121.15,25075.25,25118.05,0.0
2025-08-21 14:00:00,25119.2,25153.650390625,25095.0,25103.75,0.0
2025-08-21 15:00:00,25103.3,25105.4,25068.55,25076.95,0.0
2025-08-22 09:00:00,25064.150390625,25084.849609375,24950.599609375,24961.0,0.0
2025-08-22 10:00:00,24960.85,24970.7,24903.900390625,24910.45,0.0
2025-08-22 11:00:00,24910.75,24950.85,24893.099609375,24950.75,0.0
2025-08-22 12:00:00,24951.15,24959.15,24914.4,24919.1,0.0
2025-08-22 13:00:00,24918.5,24952.15,24912.65,24930.8,0.0
2025-08-22 14:00:00,24930.9,24933.5,24874.19921875,24893.05,0.0
2025-08-22 15:00:00,24893.3,24893.3,24859.150390625,24869.45,0.0
2025-08-25 09:00:00,24949.15,24973.94921875,24915.0,24925.95,0.0
2025-08-25 10:00:00,24925.9,24954.9,24894.349609375,24949.4,0.0
2025-08-25 11:00:00,24948.9,24973.45,24941.7,24964.15,0.0
2025-08-25 12:00:00,24964.3,24996.849609375,24961.2,24989.6,0.0
2025-08-25 13:00:00,24989.95,25013.0,24986.0,25004.65,0.0
2025-08-25 14:00:00,25005.2,25021.55078125,24949.2,24990.15,0.0
2025-08-25 15:00:00,24991.15,24991.45,24952.9,24979.55,0.0
2025-08-26 09:00:00,24899.5,24919.650390625,24755.599609375,24795.7,0.0
2025-08-26 10:00:00,24795.8,24808.55,24765.15,24793.15,0.0
2025-08-26 11:00:00,24794.85,24838.3,24793.1,24806.15,0.0
2025-08-26 12:00:00,24806.5,24819.0,24775.2,24796.2,0.0
2025-08-26 13:00:00,24795.85,24824.7,24790.85,24805.3,0.0
2025-08-26 14:00:00,24806.25,24811.1,24741.900390625,24758.35,0.0
2025-08-26 15:00:00,24758.45,24760.55,24689.599609375,24710.7,0.0
2025-08-28 09:00:00,24695.80078125,24702.650390625,24507.19921875,24592.45,0.0
2025-08-28 10:00:00,24592.4,24669.9,24554.8,24661.95,0.0
2025-08-28 11:00:00,24661.25,24677.9,24620.25,24622.75,0.0
2025-08-28 12:00:00,24622.6,24635.35,24570.15,24577.75,0.0
2025-08-28 13:00:00,24577.55,24578.05,24533.65,24536.7,0.0
2025-08-28 14:00:00,24537.5,24592.1,24493.80078125,24523.0,0.0
2025-08-28 15:00:00,24522.4,24545.6,24481.599609375,24533.1,0.0
2025-08-29 09:00:00,24466.69921875,24564.349609375,24466.599609375,24491.9,0.0
2025-08-29 10:00:00,24490.95,24552.8,24464.150390625,24525.15,0.0
2025-08-29 11:00:00,24524.3,24572.45,24522.05,24546.25,0.0
2025-08-29 12:00:00,24543.4,24555.55,24516.0,24524.85,0.0
2025-08-29 13:00:00,24525.1,24525.1,24479.45,24483.75,0.0
2025-08-29 14:00:00,24484.05,24552.5,24441.849609375,24487.1,0.0
2025-08-29 15:00:00,24487.6,24487.6,24404.69921875,24433.65,0.0
2025-09-01 09:00:00,24432.69921875,24560.849609375,24432.69921875,24547.5,0.0
2025-09-01 10:00:00,24547.55,24549.5,24502.85,24545.0,0.0
2025-09-01 11:00:00,24545.55,24556.0,24517.95,24521.65,0.0
2025-09-01 12:00:00,24521.15,24576.44921875,24521.15,24569.65,0.0
2025-09-01 13:00:00,24569.85,24606.849609375,24566.5,24597.2,0.0
2025-09-01 14:00:00,24597.4,24634.69921875,24597.1,24632.25,0.0
2025-09-01 15:00:00,24632.7,24635.599609375,24613.5,24624.3,0.0
2025-09-02 09:00:00,24653.0,24730.19921875,24631.349609375,24724.45,0.0
2025-09-02 10:00:00,24725.3,24747.55078125,24708.8,24737.7,0.0
2025-09-02 11:00:00,24737.35,24749.05078125,24715.35,24729.3,0.0
2025-09-02 12:00:00,24726.8,24756.099609375,24710.9,24743.95,0.0
2025-09-02 13:00:00,24742.45,24746.75,24582.599609375,24589.9,0.0
2025-09-02 14:00:00,24589.15,24617.25,24522.349609375,24574.45,0.0
2025-09-02 15:00:00,24575.15,24596.15,24562.3,24575.0,0.0
2025-09-03 09:00:00,24616.5,24630.69921875,24533.19921875,24579.1,0.0
2025-09-03 10:00:00,24578.4,24613.95,24553.7,24573.6,0.0
2025-09-03 11:00:00,24573.1,24602.3,24554.45,24601.25,0.0
2025-09-03 12:00:00,24601.65,24649.05078125,24593.1,24599.25,0.0
2025-09-03 13:00:00,24599.1,24654.94921875,24595.65,24652.95,0.0
2025-09-03 14:00:00,24653.25,24685.650390625,24642.35,24681.0,0.0
2025-09-03 15:00:00,24680.05,24737.05078125,24679.9,24713.6,0.0
2025-09-04 09:00:00,24980.75,24980.75,24847.25,24903.35,0.0
2025-09-04 10:00:00,24903.15,24914.35,24804.650390625,24831.9,0.0
2025-09-04 11:00:00,24831.7,24848.85,24799.0,24815.55,0.0
2025-09-04 12:00:00,24815.45,24837.7,24767.05078125,24833.2,0.0
2025-09-04 13:00:00,24833.6,24838.75,24757.400390625,24777.0,0.0
2025-09-04 14:00:00,24776.65,24790.7,24713.25,24744.45,0.0
2025-09-04 15:00:00,24743.15,24757.15,24708.19921875,24739.8,0.0
2025-09-05 09:00:00,24818.849609375,24832.349609375,24772.650390625,24781.75,0.0
2025-09-05 10:00:00,24782.8,24793.05,24631.94921875,24681.3,0.0
2025-09-05 11:00:00,24681.5,24708.3,24657.7,24668.0,0.0
2025-09-05 12:00:00,24667.7,24673.0,24621.599609375,24644.95,0.0
2025-09-05 13:00:00,24645.15,24777.25,24637.85,24770.3,0.0
2025-09-05 14:00:00,24769.6,24790.75,24720.75,24748.45,0.0
2025-09-05 15:00:00,24746.05,24759.0,24724.75,24743.95,0.0
2025-09-08 09:00:00,24802.599609375,24845.69921875,24758.5,24809.8,0.0
2025-09-08 10:00:00,24808.9,24831.75,24764.95,24786.6,0.0
2025-09-08 11:00:00,24786.1,24828.6,24778.9,24815.25,0.0
2025-09-08 12:00:00,24815.0,24866.650390625,24814.15,24863.2,0.0
2025-09-08 13:00:00,24863.85,24870.900390625,24835.05,24848.95,0.0
2025-09-08 14:00:00,24852.0,24885.5,24770.65,24807.25,0.0
2025-09-08 15:00:00,24810.2,24810.2,24751.55078125,24791.2,0.0
2025-09-09 09:00:00,24864.099609375,24879.05078125,24831.44921875,24847.25,0.0
2025-09-09 10:00:00,24848.5,24851.7,24814.599609375,24831.65,0.0
2025-09-09 11:00:00,24830.85,24855.8,24829.65,24846.85,0.0
2025-09-09 12:00:00,24846.55,24869.3,24814.0,24856.15,0.0
2025-09-09 13:00:00,24855.15,24874.0,24848.4,24858.95,0.0
2025-09-09 14:00:00,24857.45,24891.80078125,24825.6,24860.15,0.0
2025-09-09 15:00:00,24861.1,24883.05,24853.0,24878.8,0.0
2025-09-10 09:00:00,24991.0,25017.400390625,24958.099609375,24999.95,0.0
2025-09-10 10:00:00,25000.45,25035.69921875,24990.35,25012.15,0.0
2025-09-10 11:00:00,25012.2,25027.85,24967.95,24976.1,0.0
2025-09-10 12:00:00,24976.3,25000.9,24969.75,24976.2,0.0
2025-09-10 13:00:00,24976.15,24980.15,24946.55078125,24958.65,0.0
2025-09-10 14:00:00,24959.25,24978.65,24915.05078125,24940.55,0.0
2025-09-10 15:00:00,24939.55,24987.9,24939.55,24977.55,0.0
2025-09-11 09:00:00,24945.5,25008.94921875,24940.150390625,24980.45,0.0
2025-09-11 10:00:00,24979.6,24989.35,24957.5,24976.95,0.0
2025-09-11 11:00:00,24976.3,24991.8,24956.85,24976.5,0.0
2025-09-11 12:00:00,24976.25,25012.94921875,24975.2,25007.7,0.0
2025-09-11 13:00:00,25007.9,25026.349609375,24991.25,25009.1,0.0
2025-09-11 14:00:00,25008.6,25037.30078125,24986.9,25013.9,0.0
2025-09-11 15:00:00,25012.5,25018.45,24992.4,25008.1,0.0
2025-09-12 09:00:00,25074.44921875,25089.75,25038.05078125,25054.3,0.0
2025-09-12 10:00:00,25055.35,25093.650390625,25054.05,25082.35,0.0
2025-09-12 11:00:00,25082.45,25139.44921875,25078.65,25119.85,0.0
2025-09-12 12:00:00,25119.65,25126.4,25101.9,25110.55,0.0
2025-09-12 13:00:00,25110.05,25125.05,25097.25,25122.55,0.0
2025-09-12 14:00:00,25122.7,25129.65,25099.5,25101.85,0.0
2025-09-12 15:00:00,25102.45,25120.1,25101.9,25107.7,0.0
2025-09-15 09:00:00,25118.900390625,25138.44921875,25081.30078125,25094.9,0.0
2025-09-15 10:00:00,25095.05,25102.75,25064.650390625,25077.25,0.0
2025-09-15 11:00:00,25077.25,25111.4,25068.75,25110.3,0.0
2025-09-15 12:00:00,25108.6,25118.35,25089.4,25099.0,0.0
2025-09-15 13:00:00,25098.8,25116.9,25048.75,25083.25,0.0
2025-09-15 14:00:00,25082.6,25114.2,25063.2,25083.75,0.0
2025-09-15 15:00:00,25083.2,25091.05,25060.7,25069.7,0.0
2025-09-16 09:00:00,25073.599609375,25157.849609375,25070.44921875,25157.45,0.0
2025-09-16 10:00:00,25156.8,25181.849609375,25147.8,25153.8,0.0
2025-09-16 11:00:00,25154.15,25178.05,25149.6,25166.85,0.0
2025-09-16 12:00:00,25166.35,25203.0,25161.5,25196.0,0.0
2025-09-16 13:00:00,25195.75,25200.75,25167.25,25175.7,0.0
2025-09-16 14:00:00,25175.8,25229.75,25152.7,25201.85,0.0
2025-09-16 15:00:00,25205.75,25261.400390625,25204.75,25254.45,0.0
2025-09-17 09:00:00,25276.599609375,25342.150390625,25275.349609375,25320.05,0.0
2025-09-17 10:00:00,25320.35,25334.05,25305.45,25333.45,0.0
2025-09-17 11:00:00,25333.8,25339.5,25317.65,25333.8,0.0
2025-09-17 12:00:00,25332.9,25346.400390625,25318.75,25333.5,0.0
2025-09-17 13:00:00,25332.9,25346.5,25308.75,25317.95,0.0
2025-09-17 14:00:00,25318.65,25328.7,25279.85,25325.6,0.0
2025-09-17 15:00:00,25325.7,25337.1,25321.3,25330.15,0.0
2025-09-18 09:00:00,25441.05078125,25448.94921875,25393.80078125,25415.2,0.0
2025-09-18 10:00:00,25415.15,25431.8,25401.35,25431.15,0.0
2025-09-18 11:00:00,25431.55,25442.4,25408.45,25415.8,0.0
2025-09-18 12:00:00,25416.25,25427.1,25368.94921875,25389.7,0.0
2025-09-18 13:00:00,25388.95,25389.35,25346.849609375,25362.15,0.0
2025-09-18 14:00:00,25362.05,25402.05,25329.75,25393.8,0.0
2025-09-18 15:00:00,25395.25,25436.75,25393.95,25420.75,0.0
2025-09-19 09:00:00,25410.19921875,25428.75,25314.30078125,25316.05,0.0
2025-09-19 10:00:00,25316.45,25345.25,25297.05078125,25315.55,0.0
2025-09-19 11:00:00,25315.9,25328.3,25288.900390625,25300.15,0.0
2025-09-19 12:00:00,25300.6,25313.3,25286.30078125,25309.05,0.0
2025-09-19 13:00:00,25308.55,25359.05,25308.55,25341.8,0.0
2025-09-19 14:00:00,25341.5,25360.0,25323.7,25351.6,0.0
2025-09-19 15:00:00,25350.8,25360.4,25306.1,25352.5,0.0
2025-09-22 09:00:00,25238.099609375,25331.69921875,25211.599609375,25317.0,0.0
2025-09-22 10:00:00,25317.85,25324.45,25297.9,25310.4,0.0
2025-09-22 11:00:00,25311.2,25314.15,25266.9,25289.65,0.0
2025-09-22 12:00:00,25289.6,25310.5,25276.2,25302.3,0.0
2025-09-22 13:00:00,25303.15,25317.3,25254.6,25256.25,0.0
2025-09-22 14:00:00,25257.15,25289.25,25151.05078125,25194.5,0.0
2025-09-22 15:00:00,25197.1,25221.9,25190.65,25200.2,0.0
2025-09-23 09:00:00,25209.0,25250.849609375,25110.05078125,25140.7,0.0
2025-09-23 10:00:00,25140.3,25163.9,25111.0,25122.35,0.0
2025-09-23 11:00:00,25122.0,25139.15,25084.650390625,25113.95,0.0
2025-09-23 12:00:00,25113.15,25223.8,25111.35,25183.65,0.0
2025-09-23 13:00:00,25183.75,25244.25,25181.4,25206.35,0.0
2025-09-23 14:00:00,25206.7,25261.900390625,25173.5,25180.55,0.0
2025-09-23 15:00:00,25184.15,25195.4,25150.95,25185.8,0.0
2025-09-24 09:00:00,25108.75,25149.849609375,25049.44921875,25091.95,0.0
2025-09-24 10:00:00,25091.7,25114.1,25065.8,25077.25,0.0
2025-09-24 11:00:00,25077.0,25082.1,25027.44921875,25077.5,0.0
2025-09-24 12:00:00,25076.95,25113.15,25058.65,25109.5,0.0
2025-09-24 13:00:00,25109.5,25142.05,25108.95,25113.6,0.0
2025-09-24 14:00:00,25113.55,25119.45,25041.1,25041.1,0.0
2025-09-24 15:00:00,25042.7,25070.2,25039.55,25060.9,0.0
2025-09-25 09:00:00,25034.5,25092.69921875,25003.900390625,25054.35,0.0
2025-09-25 10:00:00,25053.75,25057.8,24999.5,25007.05,0.0
2025-09-25 11:00:00,25008.85,25044.9,24974.05,24981.95,0.0
2025-09-25 12:00:00,24983.7,24999.65,24959.55078125,24983.8,0.0
2025-09-25 13:00:00,24983.75,25010.4,24964.95,24980.0,0.0
2025-09-25 14:00:00,24980.35,24987.45,24914.05078125,24922.15,0.0
2025-09-25 15:00:00,24924.3,24927.7,24878.30078125,24904.55,0.0
2025-09-26 09:00:00,24818.55078125,24868.599609375,24759.0,24816.3,0.0
2025-09-26 10:00:00,24817.2,24818.95,24771.05,24781.45,0.0
2025-09-26 11:00:00,24781.35,24785.7,24737.55078125,24771.2,0.0
2025-09-26 12:00:00,24770.55,24795.3,24749.05,24774.4,0.0
2025-09-26 13:00:00,24773.4,24788.0,24659.5,24667.4,0.0
2025-09-26 14:00:00,24667.3,24674.65,24629.44921875,24650.6,0.0
2025-09-26 15:00:00,24648.9,24674.55,24634.8,24673.1,0.0
2025-09-29 09:00:00,24728.55078125,24765.349609375,24668.150390625,24758.1,0.0
2025-09-29 10:00:00,24758.0,24791.30078125,24725.1,24744.3,0.0
2025-09-29 11:00:00,24743.95,24764.4,24643.5,24665.85,0.0
2025-09-29 12:00:00,24665.9,24668.0,24606.19921875,24640.05,0.0
2025-09-29 13:00:00,24640.4,24720.25,24630.9,24713.05,0.0
2025-09-29 14:00:00,24712.3,24745.9,24672.4,24685.55,0.0
2025-09-29 15:00:00,24683.3,24691.45,24614.15,24677.55,0.0
2025-09-30 09:00:00,24691.94921875,24731.80078125,24636.0,24659.95,0.0
2025-09-30 10:00:00,24659.25,24679.0,24593.94921875,24637.25,0.0
2025-09-30 11:00:00,24637.35,24683.5,24627.7,24632.25,0.0
2025-09-30 12:00:00,24632.85,24683.45,24625.6,24652.65,0.0
2025-09-30 13:00:00,24652.6,24680.05,24623.75,24635.1,0.0
2025-09-30 14:00:00,24635.5,24654.0,24587.69921875,24632.5,0.0
2025-09-30 15:00:00,24631.7,24634.9,24598.15,24633.6,0.0
2025-10-01 09:00:00,24620.55078125,24694.05078125,24605.94921875,24673.8,0.0
2025-10-01 10:00:00,24674.35,24695.400390625,24617.7,24681.2,0.0
2025-10-01 11:00:00,24679.95,24798.19921875,24674.45,24794.3,0.0
2025-10-01 12:00:00,24793.85,24812.0,24747.05,24753.5,0.0
2025-10-01 13:00:00,24752.95,24792.95,24747.45,24783.9,0.0
2025-10-01 14:00:00,24783.5,24867.94921875,24775.75,24835.35,0.0
2025-10-01 15:00:00,24835.9,24853.4,24820.3,24853.4,0.0
2025-10-03 09:00:00,24759.55078125,24855.69921875,24747.55078125,24828.55,0.0
2025-10-03 10:00:00,24829.25,24833.8,24772.95,24791.3,0.0
2025-10-03 11:00:00,24791.35,24832.55,24788.85,24819.5,0.0
2025-10-03 12:00:00,24819.65,24850.75,24796.8,24826.2,0.0
2025-10-03 13:00:00,24827.55,24847.0,24811.95,24829.85,0.0
2025-10-03 14:00:00,24829.25,24891.400390625,24808.15,24890.35,0.0
2025-10-03 15:00:00,24891.15,24904.80078125,24879.5,24895.0,0.0
2025-10-06 09:00:00,24916.55078125,24967.85,24881.650390625,24953.6,0.0
2025-10-06 10:00:00,24954.7,24992.19921875,24946.45,24985.05,0.0
2025-10-06 11:00:00,24985.5,25016.55078125,24977.85,24992.35,0.0
2025-10-06 12:00:00,24991.55,25040.349609375,24990.25,25038.75,0.0
2025-10-06 13:00:00,25039.4,25088.400390625,25026.15,25072.45,0.0
2025-10-06 14:00:00,25072.2,25095.94921875,25032.45,25083.8,0.0
2025-10-06 15:00:00,25084.7,25084.7,25064.6,25072.55,0.0
2025-10-07 09:00:00,25085.30078125,25195.30078125,25076.30078125,25180.75,0.0
2025-10-07 10:00:00,25181.35,25202.19921875,25147.6,25155.45,0.0
2025-10-07 11:00:00,25155.7,25165.15,25098.2,25130.65,0.0
2025-10-07 12:00:00,25130.45,25179.1,25130.45,25174.6,0.0
2025-10-07 13:00:00,25174.2,25217.05078125,25165.85,25198.45,0.0
2025-10-07 14:00:00,25198.55,25220.900390625,25123.3,25137.35,0.0
2025-10-07 15:00:00,25137.9,25139.0,25085.9,25112.8,0.0
2025-10-08 09:00:00,25079.75,25192.5,25078.0,25165.0,0.0
2025-10-08 10:00:00,25163.5,25175.4,25080.2,25089.55,0.0
2025-10-08 11:00:00,25088.6,25093.35,25022.5,25051.05,0.0
2025-10-08 12:00:00,25050.55,25086.0,25008.5,25086.0,0.0
2025-10-08 13:00:00,25085.75,25131.95,25069.4,25127.85,0.0
2025-10-08 14:00:00,25127.75,25134.35,25045.55,25061.7,0.0
2025-10-08 15:00:00,25059.7,25065.1,25022.35,25023.8,0.0
2025-10-09 09:00:00,25074.3,25120.349609375,25034.75,25048.6,0.0
2025-10-09 10:00:00,25048.9,25109.65,25024.3,25102.55,0.0
2025-10-09 11:00:00,25102.0,25181.25,25102.0,25136.65,0.0
2025-10-09 12:00:00,25135.75,25161.4,25121.45,25134.6,0.0
2025-10-09 13:00:00,25135.0,25168.9,25119.75,25164.8,0.0
2025-10-09 14:00:00,25165.5,25182.45,25120.5,25170.05,0.0
2025-10-09 15:00:00,25169.05,25199.25,25160.9,25170.3,0.0
2025-10-10 09:00:00,25167.650390625,25285.099609375,25156.849609375,25266.4,0.0
2025-10-10 10:00:00,25266.05,25303.69921875,25248.75,25297.0,0.0
2025-10-10 11:00:00,25296.6,25315.55078125,25266.85,25277.65,0.0
2025-10-10 12:00:00,25281.8,25321.69921875,25274.35,25313.9,0.0
2025-10-10 13:00:00,25314.65,25330.75,25279.55,25304.95,0.0
2025-10-10 14:00:00,25305.05,25316.5,25266.25,25304.35,0.0
2025-10-10 15:00:00,25302.65,25304.85,25274.65,25278.2,0.0
2025-10-13 09:00:00,25177.30078125,25241.94921875,25152.30078125,25201.3,0.0
2025-10-13 10:00:00,25200.7,25229.4,25173.0,25191.6,0.0
2025-10-13 11:00:00,25190.95,25201.25,25161.9,25198.7,0.0
2025-10-13 12:00:00,25198.4,25210.65,25171.55,25207.7,0.0
2025-10-13 13:00:00,25207.3,25217.95,25168.85,25185.65,0.0
2025-10-13 14:00:00,25184.85,25267.30078125,25183.85,25249.2,0.0
2025-10-13 15:00:00,25250.3,25251.4,25215.25,25237.15,0.0
2025-10-14 09:00:00,25277.55,25310.35,25203.3,25207.55,0.0
2025-10-14 10:00:00,25206.1,25240.25,25164.75,25201.65,0.0
2025-10-14 11:00:00,25201.7,25203.05,25115.55,25155.5,0.0
2025-10-14 12:00:00,25155.55,25169.2,25060.55,25098.1,0.0
2025-10-14 13:00:00,25098.6,25137.95,25065.65,25123.05,0.0
2025-10-14 14:00:00,25122.0,25197.45,25095.05,25177.5,0.0
2025-10-14 15:00:00,25177.1,25177.9,25112.7,25123.35,0.0
2025-10-15 09:00:00,25181.95,25267.95,25159.35,25216.55,0.0
2025-10-15 10:00:00,25216.55,25317.85,25212.35,25315.95,0.0
2025-10-15 11:00:00,25317.1,25326.45,25287.0,25306.95,0.0
2025-10-15 12:00:00,25307.8,25331.9,25282.7,25331.05,0.0
2025-10-15 13:00:00,25331.35,25365.15,25324.7,25334.7,0.0
2025-10-15 14:00:00,25335.15,25338.6,25287.1,25316.0,0.0
2025-10-15 15:00:00,25314.85,25336.65,25303.65,25327.75,0.0
2025-10-16 09:00:00,25394.900390625,25452.75,25376.849609375,25434.55,0.0
2025-10-16 10:00:00,25434.75,25469.400390625,25417.55,25467.5,0.0
2025-10-16 11:00:00,25467.85,25472.650390625,25441.6,25451.35,0.0
2025-10-16 12:00:00,25450.65,25519.30078125,25450.45,25503.85,0.0
2025-10-16 13:00:00,25503.8,25544.30078125,25499.4,25540.0,0.0
2025-10-16 14:00:00,25539.75,25625.0,25538.4,25621.0,0.0
2025-10-16 15:00:00,25621.85,25625.400390625,25565.9,25566.3,0.0
2025-10-17 09:00:00,25546.849609375,25623.94921875,25508.599609375,25603.2,0.0
2025-10-17 10:00:00,25603.35,25729.150390625,25603.15,25727.75,0.0
2025-10-17 11:00:00,25727.7,25776.75,25710.4,25754.85,0.0
2025-10-17 12:00:00,25754.75,25781.5,25684.75,25701.2,0.0
2025-10-17 13:00:00,25703.45,25716.25,25620.45,25673.9,0.0
2025-10-17 14:00:00,25677.4,25751.7,25658.25,25725.1,0.0
2025-10-17 15:00:00,25725.95,25725.95,25696.0,25704.7,0.0
2025-10-20 09:00:00,25824.599609375,25926.19921875,25788.5,25808.55,0.0
2025-10-20 10:00:00,25806.85,25887.85,25795.9,25881.0,0.0
2025-10-20 11:00:00,25879.4,25892.95,25822.35,25843.35,0.0
2025-10-20 12:00:00,25844.05,25889.15,25833.85,25885.35,0.0
2025-10-20 13:00:00,25885.2,25910.25,25837.65,25854.4,0.0
2025-10-20 14:00:00,25854.15,25884.15,25796.75,25821.65,0.0
2025-10-20 15:00:00,25821.65,25861.6,25814.2,25850.7,0.0
2025-10-21 13:00:00,25901.19921875,25934.349609375,25873.55078125,25893.65,0.0
2025-10-21 14:00:00,25893.85,25908.1,25826.30078125,25833.3,0.0
2025-10-23 09:00:00,26057.19921875,26095.69921875,25991.69921875,26058.9,0.0
2025-10-23 10:00:00,26058.4,26099.69921875,26047.6,26063.4,0.0
2025-10-23 11:00:00,26064.1,26084.5,26041.9,26082.55,0.0
2025-10-23 12:00:00,26083.3,26104.19921875,26056.35,26057.4,0.0
2025-10-23 13:00:00,26058.1,26079.3,25987.30078125,25990.0,0.0
2025-10-23 14:00:00,25988.85,25996.85,25925.75,25951.1,0.0
2025-10-23 15:00:00,25954.2,25954.55,25862.44921875,25870.3,0.0
2025-10-24 09:00:00,25935.099609375,25944.150390625,25840.30078125,25893.1,0.0
2025-10-24 10:00:00,25893.2,25903.0,25810.400390625,25825.05,0.0
2025-10-24 11:00:00,25824.6,25850.5,25783.75,25821.8,0.0
2025-10-24 12:00:00,25821.15,25874.7,25806.0,25810.7,0.0
2025-10-24 13:00:00,25810.75,25831.1,25718.19921875,25739.6,0.0
2025-10-24 14:00:00,25739.45,25784.3,25733.75,25744.1,0.0
2025-10-24 15:00:00,25745.45,25809.25,25745.45,25797.45,0.0
2025-10-27 09:00:00,25843.19921875,25946.69921875,25827.0,25935.85,0.0
2025-10-27 10:00:00,25935.75,25978.849609375,25920.7,25966.45,0.0
2025-10-27 11:00:00,25966.55,25996.0,25946.25,25994.9,0.0
2025-10-27 12:00:00,25994.95,26005.94921875,25956.3,25974.4,0.0
2025-10-27 13:00:00,25974.7,25977.65,25918.4,25954.25,0.0
2025-10-27 14:00:00,25954.3,25984.9,25926.75,25958.2,0.0
2025-10-27 15:00:00,25958.4,25981.0,25945.8,25974.0,0.0
2025-10-28 09:00:00,25939.94921875,26041.69921875,25929.650390625,25970.3,0.0
2025-10-28 10:00:00,25969.5,25970.05,25853.650390625,25862.5,0.0
2025-10-28 11:00:00,25861.65,25899.4,25839.849609375,25848.65,0.0
2025-10-28 12:00:00,25848.75,25947.2,25826.150390625,25935.45,0.0
2025-10-28 13:00:00,25934.75,25956.0,25858.75,25882.35,0.0
2025-10-28 14:00:00,25882.5,25900.25,25810.05078125,25850.6,0.0
2025-10-28 15:00:00,25852.7,25968.15,25852.7,25965.4,0.0
2025-10-29 09:00:00,25982.0,26025.05078125,25960.30078125,25983.7,0.0
2025-10-29 10:00:00,25983.6,26064.55078125,25983.6,26041.4,0.0
2025-10-29 11:00:00,26040.3,26053.95,26007.9,26034.2,0.0
2025-10-29 12:00:00,26034.8,26084.099609375,26025.55,26073.85,0.0
2025-10-29 13:00:00,26073.9,26097.85,26056.95,26060.4,0.0
2025-10-29 14:00:00,26061.4,26082.4,26015.3,26045.9,0.0
2025-10-29 15:00:00,26046.95,26075.5,26036.95,26068.3,0.0
2025-10-30 09:00:00,25984.400390625,26032.05078125,25892.25,25905.85,0.0
2025-10-30 10:00:00,25906.55,25967.4,25900.4,25916.35,0.0
2025-10-30 11:00:00,25916.55,25975.0,25902.25,25906.9,0.0
2025-10-30 12:00:00,25907.05,25927.6,25896.9,25906.5,0.0
2025-10-30 13:00:00,25907.25,25932.35,25864.44921875,25889.0,0.0
2025-10-30 14:00:00,25889.7,25917.8,25845.25,25862.3,0.0
2025-10-30 15:00:00,25863.1,25893.95,25861.9,25891.2,0.0
2025-10-31 09:00:00,25863.8,25953.75,25822.1,25924.55,0.0
2025-10-31 10:00:00,25926.15,25929.55,25788.6,25801.15,0.0
2025-10-31 11:00:00,25801.05,25819.8,25763.35,25819.8,0.0
2025-10-31 12:00:00,25818.3,25834.75,25779.9,25794.85,0.0
2025-10-31 13:00:00,25793.4,25816.4,25753.65,25775.35,0.0
2025-10-31 14:00:00,25774.05,25790.1,25740.4,25754.8,0.0
2025-10-31 15:00:00,25750.45,25751.55,25711.2,25732.55,0.0
2025-11-03 09:00:00,25696.85,25761.5,25645.5,25759.9,0.0
2025-11-03 10:00:00,25759.45,25773.45,25695.35,25749.25,0.0
2025-11-03 11:00:00,25749.35,25761.75,25707.85,25724.9,0.0
2025-11-03 12:00:00,25724.65,25755.95,25697.0,25755.05,0.0
2025-11-03 13:00:00,25754.35,25770.8,25726.95,25765.25,0.0
2025-11-03 14:00:00,25765.15,25803.1,25736.55,25759.0,0.0
2025-11-03 15:00:00,25758.85,25785.9,25747.2,25774.3,0.0
2025-11-04 09:00:00,25744.75,25787.4,25685.1,25705.7,0.0
2025-11-04 10:00:00,25704.7,25722.25,25673.9,25710.65,0.0
2025-11-04 11:00:00,25710.55,25720.55,25648.9,25664.65,0.0
2025-11-04 12:00:00,25664.95,25690.4,25657.95,25669.85,0.0
2025-11-04 13:00:00,25670.8,25684.7,25646.0,25657.45,0.0
2025-11-04 14:00:00,25656.95,25657.9,25584.35,25607.3,0.0
2025-11-04 15:00:00,25608.8,25621.7,25578.4,25586.25,0.0
2025-11-06 09:00:00,25593.35,25679.15,25587.2,25628.95,0.0
2025-11-06 10:00:00,25629.3,25639.7,25520.75,25562.5,0.0
2025-11-06 11:00:00,25562.95,25575.25,25525.0,25561.35,0.0
2025-11-06 12:00:00,25559.3,25608.15,25530.55,25591.1,0.0
2025-11-06 13:00:00,25591.65,25616.85,25515.95,25539.9,0.0
2025-11-06 14:00:00,25539.2,25564.6,25520.6,25555.55,0.0
2025-11-06 15:00:00,25555.1,25555.1,25491.55,25519.95,0.0
2025-11-07 09:00:00,25433.8,25447.1,25318.45,25342.25,0.0
2025-11-07 10:00:00,25342.25,25386.55,25331.05,25356.45,0.0
2025-11-07 11:00:00,25357.75,25471.35,25354.4,25437.95,0.0
2025-11-07 12:00:00,25437.75,25502.65,25429.05,25491.25,0.0
2025-11-07 13:00:00,25491.5,25551.25,25477.75,25492.85,0.0
2025-11-07 14:00:00,25493.9,25540.5,25456.6,25490.2,0.0
2025-11-07 15:00:00,25490.1,25516.1,25473.1,25510.05,0.0
2025-11-10 09:00:00,25503.5,25595.75,25503.5,25568.1,0.0
2025-11-10 10:00:00,25568.2,25625.25,25552.3,25612.2,0.0
2025-11-10 11:00:00,25612.8,25651.95,25610.25,25620.85,0.0
2025-11-10 12:00:00,25620.2,25652.15,25618.75,25647.2,0.0
2025-11-10 13:00:00,25647.55,25653.45,25579.5,25599.95,0.0
2025-11-10 14:00:00,25599.8,25649.45,25596.25,25605.9,0.0
2025-11-10 15:00:00,25606.0,25606.85,25562.1,25574.25,0.0
2025-11-11 09:00:00,25617.0,25637.6,25486.65,25519.05,0.0
2025-11-11 10:00:00,25517.85,25537.4,25449.25,25486.6,0.0
2025-11-11 11:00:00,25486.55,25539.85,25463.2,25528.05,0.0
2025-11-11 12:00:00,25527.95,25590.55,25526.4,25567.35,0.0
2025-11-11 13:00:00,25568.15,25672.8,25561.5,25635.05,0.0
2025-11-11 14:00:00,25634.4,25699.9,25630.15,25676.55,0.0
2025-11-11 15:00:00,25677.95,25715.8,25670.6,25705.55,0.0
2025-11-12 09:00:00,25834.3,25861.2,25781.15,25856.85,0.0
2025-11-12 10:00:00,25859.4,25878.0,25829.95,25865.35,0.0
2025-11-12 11:00:00,25865.35,25907.85,25862.95,25893.15,0.0
2025-11-12 12:00:00,25892.5,25924.3,25886.1,25915.7,0.0
2025-11-12 13:00:00,25915.8,25934.55,25903.05,25915.75,0.0
2025-11-12 14:00:00,25916.1,25918.8,25869.6,25894.55,0.0
2025-11-12 15:00:00,25896.4,25897.0,25853.55,25874.0,0.0
2025-11-13 09:00:00,25906.1,25906.8,25808.4,25877.65,0.0
2025-11-13 10:00:00,25876.9,25948.15,25873.05,25946.85,0.0
2025-11-13 11:00:00,25947.4,25983.95,25947.0,25983.95,0.0
2025-11-13 12:00:00,25981.75,25987.6,25936.85,25969.7,0.0
2025-11-13 13:00:00,25970.45,26010.7,25928.45,25929.15,0.0
2025-11-13 14:00:00,25931.55,25939.95,25871.1,25878.7,0.0
2025-11-13 15:00:00,25878.35,25903.1,25866.1,25884.1,0.0
2025-11-14 09:00:00,25767.9,25879.15,25766.3,25810.7,0.0
2025-11-14 10:00:00,25810.35,25852.15,25751.7,25848.15,0.0
2025-11-14 11:00:00,25849.15,25864.05,25786.15,25789.45,0.0
2025-11-14 12:00:00,25788.95,25839.25,25788.8,25799.9,0.0
2025-11-14 13:00:00,25799.65,25820.2,25740.8,25762.3,0.0
2025-11-14 14:00:00,25762.55,25802.7,25757.15,25766.3,0.0
2025-11-14 15:00:00,25767.6,25940.2,25767.6,25916.8,0.0
2025-11-17 09:00:00,25948.2,25979.8,25906.35,25965.2,0.0
2025-11-17 10:00:00,25966.0,25971.35,25924.75,25943.2,0.0
2025-11-17 11:00:00,25942.45,25971.0,25915.1,25965.3,0.0
2025-11-17 12:00:00,25964.8,25996.85,25949.25,25994.1,0.0
2025-11-17 13:00:00,25994.9,26003.2,25965.65,25997.35,0.0
2025-11-17 14:00:00,25997.4,26023.25,25977.2,25993.95,0.0
2025-11-17 15:00:00,25996.5,26024.2,25990.0,26014.3,0.0
2025-11-18 09:00:00,26021.8,26029.85,25895.8,25896.2,0.0
2025-11-18 10:00:00,25895.85,25930.85,25877.1,25921.9,0.0
2025-11-18 11:00:00,25922.55,25983.2,25921.55,25974.65,0.0
2025-11-18 12:00:00,25974.3,25981.4,25927.6,25943.4,0.0
2025-11-18 13:00:00,25943.55,25987.8,25943.55,25970.55,0.0
2025-11-18 14:00:00,25970.95,25997.15,25937.2,25942.4,0.0
2025-11-18 15:00:00,25942.45,25946.6,25876.5,25894.7,0.0
2025-11-19 09:00:00,25918.1,25933.65,25856.2,25920.35,0.0
2025-11-19 10:00:00,25920.15,25979.15,25913.2,25952.1,0.0
2025-11-19 11:00:00,25951.8,25976.85,25917.8,25974.25,0.0
2025-11-19 12:00:00,25974.25,26031.7,25974.05,26017.4,0.0
2025-11-19 13:00:00,26016.95,26038.9,25987.3,26006.85,0.0
2025-11-19 14:00:00,26007.25,26074.65,25993.4,26054.85,0.0
2025-11-19 15:00:00,26055.85,26063.5,26041.15,26052.7,0.0
2025-11-20 09:00:00,26132.1,26136.0,26063.2,26077.2,0.0
2025-11-20 10:00:00,26076.95,26145.05,26076.15,26130.55,0.0
2025-11-20 11:00:00,26129.85,26148.65,26125.85,26143.5,0.0
2025-11-20 12:00:00,26143.75,26177.55,26135.35,26172.15,0.0
2025-11-20 13:00:00,26172.7,26228.0,26171.0,26218.9,0.0
2025-11-20 14:00:00,26218.55,26246.65,26191.0,26208.35,0.0
2025-11-20 15:00:00,26209.9,26217.85,26169.6,26197.4,0.0
2025-11-21 09:00:00,26109.55,26174.0,26093.45,26119.4,0.0
2025-11-21 10:00:00,26119.8,26120.7,26055.95,26093.95,0.0
2025-11-21 11:00:00,26093.2,26110.55,26064.8,26093.1,0.0
2025-11-21 12:00:00,26093.3,26179.2,26086.1,26166.0,0.0
2025-11-21 13:00:00,26166.2,26170.45,26099.35,26138.6,0.0
2025-11-21 14:00:00,26138.85,26161.7,26067.75,26070.35,0.0
2025-11-21 15:00:00,26071.05,26084.35,26052.2,26063.95,0.0
2025-11-24 09:00:00,26122.8,26137.55,26064.7,26085.4,0.0
2025-11-24 10:00:00,26085.4,26142.8,26085.4,26108.4,0.0
2025-11-24 11:00:00,26108.6,26130.95,26063.2,26077.4,0.0
2025-11-24 12:00:00,26078.45,26093.3,26046.75,26084.75,0.0
2025-11-24 13:00:00,26085.7,26096.05,26062.8,26069.55,0.0
2025-11-24 14:00:00,26069.9,26072.95,26015.6,26039.05,0.0
2025-11-24 15:00:00,26039.8,26057.75,25912.15,25943.35,0.0
2025-11-25 09:00:00,25998.5,26005.45,25924.15,25988.4,0.0
2025-11-25 10:00:00,25987.65,26025.5,25938.45,25939.1,0.0
2025-11-25 11:00:00,25938.95,25994.75,25927.15,25987.45,0.0
2025-11-25 12:00:00,25987.5,26002.2,25954.35,25983.9,0.0
2025-11-25 13:00:00,25984.05,26014.85,25969.65,26008.35,0.0
2025-11-25 14:00:00,26008.35,26032.6,25897.7,25899.8,0.0
2025-11-25 15:00:00,25899.3,25920.4,25857.5,25860.3,0.0
2025-11-26 09:00:00,25842.95,26085.25,25842.95,26077.45,0.0
2025-11-26 10:00:00,26077.45,26130.9,26061.9,26108.5,0.0
2025-11-26 11:00:00,26108.7,26145.75,26108.7,26143.8,0.0
2025-11-26 12:00:00,26143.15,26173.6,26137.2,26171.7,0.0
2025-11-26 13:00:00,26170.9,26195.9,26151.9,26185.0,0.0
2025-11-26 14:00:00,26184.5,26212.8,26159.05,26188.5,0.0
2025-11-26 15:00:00,26191.35,26215.15,26191.2,26203.5,0.0
2025-11-27 09:00:00,26261.25,26295.55,26208.9,26283.9,0.0
2025-11-27 10:00:00,26283.4,26310.45,26265.65,26291.05,0.0
2025-11-27 11:00:00,26290.9,26304.5,26233.45,26244.95,0.0
2025-11-27 12:00:00,26246.55,26262.55,26214.95,26237.65,0.0
2025-11-27 13:00:00,26238.85,26239.4,26141.9,26185.35,0.0
2025-11-27 14:00:00,26185.85,26222.45,26168.3,26186.05,0.0
2025-11-27 15:00:00,26185.95,26234.2,26185.95,26219.85,0.0
2025-11-28 09:00:00,26237.45,26256.15,26172.4,26250.65,0.0
2025-11-28 10:00:00,26252.1,26280.75,26218.8,26259.4,0.0
2025-11-28 11:00:00,26259.4,26273.25,26232.6,26247.1,0.0
2025-11-28 12:00:00,26247.4,26253.15,26204.0,26226.1,0.0
2025-11-28 13:00:00,26225.5,26234.9,26194.0,26208.8,0.0
2025-11-28 14:00:00,26208.6,26222.45,26194.9,26209.55,0.0
2025-11-28 15:00:00,26209.7,26213.65,26191.9,26204.55,0.0
2025-12-01 09:00:00,26325.8,26325.8,26263.55,26264.3,0.0
2025-12-01 10:00:00,26264.45,26290.85,26228.95,26238.95,0.0
2025-12-01 11:00:00,26239.5,26261.9,26179.4,26212.6,0.0
2025-12-01 12:00:00,26213.15,26216.85,26148.95,26184.95,0.0
2025-12-01 13:00:00,26185.95,26198.25,26164.65,26183.0,0.0
2025-12-01 14:00:00,26182.25,26228.95,26124.2,26141.95,0.0
2025-12-01 15:00:00,26147.2,26189.15,26137.4,26175.95,0.0
2025-12-02 09:00:00,26087.95,26154.6,26068.35,26075.1,0.0
2025-12-02 10:00:00,26075.3,26099.6,26046.85,26098.2,0.0
2025-12-02 11:00:00,26098.4,26100.5,26045.4,26053.75,0.0
2025-12-02 12:00:00,26054.0,26085.1,26035.95,26041.2,0.0
2025-12-02 13:00:00,26041.15,26060.15,26028.65,26059.45,0.0
2025-12-02 14:00:00,26059.0,26061.65,25997.85,26009.1,0.0
2025-12-02 15:00:00,26011.15,26060.3,26008.5,26057.0,0.0
2025-12-03 09:00:00,26004.9,26066.45,25921.85,25951.55,0.0
2025-12-03 10:00:00,25951.5,25952.75,25896.25,25922.9,0.0
2025-12-03 11:00:00,25923.7,25945.15,25891.0,25927.3,0.0
2025-12-03 12:00:00,25927.25,25966.85,25916.0,25938.3,0.0
2025-12-03 13:00:00,25937.75,25953.45,25905.95,25917.15,0.0
2025-12-03 14:00:00,25916.5,25976.25,25905.65,25976.1,0.0
2025-12-03 15:00:00,25977.45,26005.55,25966.65,25985.1,0.0
2025-12-04 09:00:00,25981.85,26036.35,25938.95,26028.3,0.0
2025-12-04 10:00:00,26030.65,26098.25,26021.45,26075.5,0.0
2025-12-04 11:00:00,26076.35,26086.9,26014.4,26024.0,0.0
2025-12-04 12:00:00,26024.15,26044.1,25989.25,26002.4,0.0
2025-12-04 13:00:00,26002.45,26027.6,25962.4,25973.3,0.0
2025-12-04 14:00:00,25973.45,26046.1,25970.5,26043.25,0.0
2025-12-04 15:00:00,26042.25,26059.05,26004.9,26017.1,0.0
2025-12-05 09:00:00,25999.8,26062.1,25985.35,26024.35,0.0
2025-12-05 10:00:00,26023.8,26135.4,26006.65,26116.75,0.0
2025-12-05 11:00:00,26115.0,26156.65,26115.0,26133.05,0.0
2025-12-05 12:00:00,26131.0,26202.6,26127.45,26181.55,0.0
2025-12-05 13:00:00,26181.45,26200.45,26159.25,26163.55,0.0
2025-12-05 14:00:00,26164.2,26181.25,26122.8,26154.5,0.0
2025-12-05 15:00:00,26155.75,26199.25,26155.75,26176.65,0.0
2025-12-08 09:00:00,26159.8,26178.7,26077.6,26085.8,0.0
2025-12-08 10:00:00,26086.05,26109.15,26068.5,26070.4,0.0
2025-12-08 11:00:00,26070.75,26080.7,26041.95,26059.4,0.0
2025-12-08 12:00:00,26058.5,26059.1,26006.4,26012.65,0.0
2025-12-08 13:00:00,26012.85,26040.8,25902.95,25929.65,0.0
2025-12-08 14:00:00,25929.3,25970.8,25892.25,25939.6,0.0
2025-12-08 15:00:00,25942.5,25984.1,25918.2,25932.8,0.0
2025-12-09 09:00:00,25867.1,25890.95,25728.0,25733.55,0.0
2025-12-09 10:00:00,25733.6,25848.85,25730.35,25829.3,0.0
2025-12-09 11:00:00,25830.3,25875.45,25815.05,25860.85,0.0
2025-12-09 12:00:00,25863.5,25923.65,25852.0,25863.85,0.0
2025-12-09 13:00:00,25864.2,25907.4,25855.5,25896.85,0.0
2025-12-09 14:00:00,25899.8,25903.5,25801.6,25831.45,0.0
2025-12-09 15:00:00,25835.85,25855.6,25824.45,25841.75,0.0
2025-12-10 09:00:00,25864.05,25920.2,25832.65,25878.15,0.0
2025-12-10 10:00:00,25878.25,25947.65,25834.25,25835.3,0.0
2025-12-10 11:00:00,25837.1,25880.8,25822.35,25835.0,0.0
2025-12-10 12:00:00,25834.65,25859.95,25768.0,25793.2,0.0
2025-12-10 13:00:00,25793.4,25850.2,25788.05,25795.2,0.0
2025-12-10 14:00:00,25796.85,25798.95,25734.55,25758.95,0.0
2025-12-10 15:00:00,25759.3,25776.9,25742.65,25742.65,0.0
2025-12-11 09:00:00,25771.4,25803.05,25693.25,25714.0,0.0
2025-12-11 10:00:00,25713.4,25844.5,25712.35,25794.35,0.0
2025-12-11 11:00:00,25794.45,25853.15,25764.5,25846.9,0.0
2025-12-11 12:00:00,25847.15,25919.2,25846.95,25879.0,0.0
2025-12-11 13:00:00,25879.05,25901.85,25840.8,25890.3,0.0
2025-12-11 14:00:00,25890.65,25922.8,25848.25,25874.25,0.0
2025-12-11 15:00:00,25874.75,25907.8,25874.75,25898.4,0.0
2025-12-12 09:00:00,25971.2,26038.4,25963.1,26006.5,0.0
2025-12-12 10:00:00,26006.35,26011.3,25938.45,25954.9,0.0
2025-12-12 11:00:00,25955.4,26033.6,25953.3,26028.3,0.0
2025-12-12 12:00:00,26028.95,26037.85,25998.95,26022.4,0.0
2025-12-12 13:00:00,26023.4,26035.8,26008.95,26025.8,0.0
2025-12-12 14:00:00,26025.85,26056.3,26015.8,26026.95,0.0
2025-12-12 15:00:00,26033.1,26057.6,26033.1,26043.0,0.0
2025-12-15 09:00:00,25930.05,26007.2,25904.75,25951.6,0.0
2025-12-15 10:00:00,25951.9,25997.55,25937.5,25987.25,0.0
2025-12-15 11:00:00,25987.35,26021.25,25961.55,26016.1,0.0
2025-12-15 12:00:00,26016.2,26029.95,26003.45,26016.0,0.0
2025-12-15 13:00:00,26016.2,26045.0,26015.35,26022.2,0.0
2025-12-15 14:00:00,26022.0,26047.15,25990.15,26036.5,0.0
2025-12-15 15:00:00,26035.1,26037.6,26013.35,26014.0,0.0
2025-12-16 09:00:00,25951.5,25980.75,25901.65,25906.1,0.0
2025-12-16 10:00:00,25906.05,25922.7,25879.3,25900.15,0.0
2025-12-16 11:00:00,25899.75,25911.2,25871.2,25876.05,0.0
2025-12-16 12:00:00,25876.3,25914.45,25870.45,25898.75,0.0
2025-12-16 13:00:00,25898.9,25929.15,25875.85,25897.25,0.0
2025-12-16 14:00:00,25897.2,25909.75,25848.15,25883.8,0.0
2025-12-16 15:00:00,25885.0,25896.85,25834.35,25851.35,0.0
2025-12-17 09:00:00,25902.4,25929.15,25851.35,25868.25,0.0
2025-12-17 10:00:00,25868.35,25871.05,25801.8,25819.95,0.0
2025-12-17 11:00:00,25819.85,25851.3,25806.7,25817.4,0.0
2025-12-17 12:00:00,25817.05,25818.1,25780.4,25783.2,0.0
2025-12-17 13:00:00,25784.05,25826.15,25779.55,25796.1,0.0
2025-12-17 14:00:00,25795.45,25832.65,25770.35,25813.7,0.0
2025-12-17 15:00:00,25813.8,25835.75,25809.2,25821.8,0.0
2025-12-18 09:00:00,25764.7,25827.15,25726.3,25748.75,0.0
2025-12-18 10:00:00,25748.7,25863.95,25736.7,25850.05,0.0
2025-12-18 11:00:00,25849.6,25879.0,25821.7,25866.95,0.0
2025-12-18 12:00:00,25867.15,25902.35,25853.8,25881.8,0.0
2025-12-18 13:00:00,25882.75,25887.5,25837.85,25843.4,0.0
2025-12-18 14:00:00,25843.55,25843.6,25770.85,25786.05,0.0
2025-12-18 15:00:00,25786.35,25829.75,25786.35,25815.65,0.0
2025-12-19 09:00:00,25911.5,25970.4,25880.45,25958.85,0.0
2025-12-19 10:00:00,25957.7,25979.25,25929.05,25962.4,0.0
2025-12-19 11:00:00,25961.85,25968.55,25905.6,25916.7,0.0
2025-12-19 12:00:00,25916.25,25962.4,25915.65,25952.85,0.0
2025-12-19 13:00:00,25951.2,25985.2,25920.8,25975.85,0.0
2025-12-19 14:00:00,25977.65,25993.35,25958.75,25958.75,0.0
2025-12-19 15:00:00,25959.5,25974.25,25945.45,25961.4,0.0
2025-12-22 09:00:00,26055.85,26137.75,26047.8,26132.8,0.0
2025-12-22 10:00:00,26133.4,26143.5,26118.2,26142.6,0.0
2025-12-22 11:00:00,26142.6,26148.15,26117.4,26140.95,0.0
2025-12-22 12:00:00,26141.3,26154.45,26111.75,26139.55,0.0
2025-12-22 13:00:00,26138.9,26157.95,26137.75,26144.9,0.0
2025-12-22 14:00:00,26144.95,26179.15,26125.85,26162.75,0.0
2025-12-22 15:00:00,26164.8,26180.7,26160.95,26162.75,0.0
2025-12-23 09:00:00,26205.2,26206.55,26119.05,26172.8,0.0
2025-12-23 10:00:00,26174.0,26196.6,26162.8,26178.55,0.0
2025-12-23 11:00:00,26180.6,26196.95,26157.55,26177.95,0.0
2025-12-23 12:00:00,26178.8,26195.45,26167.1,26182.8,0.0
2025-12-23 13:00:00,26185.45,26198.95,26179.8,26197.8,0.0
2025-12-23 14:00:00,26199.0,26233.55,26158.7,26189.1,0.0
2025-12-23 15:00:00,26190.05,26206.65,26158.95,26165.95,0.0
2025-12-24 09:00:00,26170.65,26229.55,26141.4,26221.85,0.0
2025-12-24 10:00:00,26222.6,26236.4,26201.05,26210.8,0.0
2025-12-24 11:00:00,26211.6,26221.0,26178.65,26192.85,0.0
2025-12-24 12:00:00,26193.3,26209.1,26185.85,26193.1,0.0
2025-12-24 13:00:00,26193.6,26194.25,26147.0,26152.35,0.0
2025-12-24 14:00:00,26151.7,26168.4,26123.0,26148.1,0.0
2025-12-24 15:00:00,26148.2,26166.55,26129.05,26141.65,0.0
2025-12-26 09:00:00,26121.25,26144.2,26071.55,26090.6,0.0
2025-12-26 10:00:00,26090.15,26102.1,26078.45,26089.4,0.0
2025-12-26 11:00:00,26089.6,26094.55,26048.35,26056.5,0.0
2025-12-26 12:00:00,26056.65,26067.1,26032.65,26038.25,0.0
2025-12-26 13:00:00,26038.05,26054.35,26030.85,26049.2,0.0
2025-12-26 14:00:00,26047.65,26053.65,26008.6,26038.95,0.0
2025-12-26 15:00:00,26039.3,26052.45,26031.05,26047.65,0.0
2025-12-29 09:00:00,26063.35,26106.8,26035.6,26037.25,0.0
2025-12-29 10:00:00,26036.65,26042.7,25997.6,26005.0,0.0
2025-12-29 11:00:00,26004.35,26007.15,25964.85,25977.65,0.0
2025-12-29 12:00:00,25979.25,25988.1,25952.2,25961.45,0.0
2025-12-29 13:00:00,25961.95,25972.0,25930.45,25950.45,0.0
2025-12-29 14:00:00,25950.75,25972.45,25920.3,25934.2,0.0
2025-12-29 15:00:00,25933.45,25953.35,25923.65,25949.8,0.0
2025-12-30 09:00:00,25940.9,25956.15,25878.0,25935.7,0.0
2025-12-30 10:00:00,25935.55,25975.85,25922.1,25927.45,0.0
2025-12-30 11:00:00,25927.6,25934.8,25892.1,25898.8,0.0
2025-12-30 12:00:00,25899.95,25913.65,25881.8,25892.2,0.0
2025-12-30 13:00:00,25892.8,25960.35,25879.9,25938.25,0.0
2025-12-30 14:00:00,25938.0,25958.35,25915.45,25938.2,0.0
2025-12-30 15:00:00,25937.05,25976.75,25915.45,25970.55,0.0
2025-12-31 09:00:00,25971.05,26028.0,25969.0,25985.1,0.0
2025-12-31 10:00:00,25984.7,26047.45,25971.75,26044.65,0.0
2025-12-31 11:00:00,26043.7,26080.65,26040.35,26070.6,0.0
2025-12-31 12:00:00,26070.6,26154.4,26067.7,26147.25,0.0
2025-12-31 13:00:00,26147.3,26179.3,26135.9,26167.9,0.0
2025-12-31 14:00:00,26168.95,26187.95,26144.4,26175.9,0.0
2025-12-31 15:00:00,26174.55,26174.55,26115.05,26141.85,0.0
2026-01-01 09:00:00,26173.3,26197.55,26149.25,26157.2,56225398.0
2026-01-01 10:00:00,26157.45,26185.6,26117.7,26170.95,40289087.0
2026-01-01 11:00:00,26171.05,26180.65,26133.4,26151.3,56659382.0
2026-01-01 12:00:00,26151.15,26162.55,26113.4,26151.6,92888221.0
2026-01-01 13:00:00,26152.45,26167.95,26129.7,26157.4,31401798.0
2026-01-01 14:00:00,26157.1,26178.0,26149.3,26160.4,61069380.0
2026-01-01 15:00:00,26163.2,26168.6,26126.8,26140.25,48409475.0
2026-01-02 09:00:00,26155.1,26272.85,26118.4,26254.6,86342204.0
2026-01-02 10:00:00,26254.1,26267.85,26235.05,26263.35,58836727.0
2026-01-02 11:00:00,26262.7,26298.7,26243.3,26280.0,42460923.0
2026-01-02 12:00:00,26280.7,26312.4,26275.05,26295.7,40751147.0
2026-01-02 13:00:00,26294.95,26314.55,26290.2,26298.1,36658682.0
2026-01-02 14:00:00,26298.6,26315.05,26265.85,26294.25,39175405.0
2026-01-02 15:00:00,26297.05,26340.0,26297.05,26335.7,49674983.0
2026-01-05 09:00:00,26333.7,26358.25,26263.6,26316.9,84009424.0
2026-01-05 10:00:00,26317.0,26373.2,26285.1,26349.6,49885439.0
2026-01-05 11:00:00,26348.0,26365.0,26313.85,26332.05,42654031.0
2026-01-05 12:00:00,26331.5,26349.35,26311.5,26333.4,34490178.0
2026-01-05 13:00:00,26333.15,26334.9,26252.0,26252.6,32174618.0
2026-01-05 14:00:00,26252.2,26282.85,26210.05,26280.1,41977599.0
2026-01-05 15:00:00,26279.4,26282.9,26232.6,26244.65,48525487.0
2026-01-06 09:00:00,26189.7,26259.35,26144.7,26256.8,75306946.0
2026-01-06 10:00:00,26258.35,26273.95,26201.35,26201.35,42763611.0
2026-01-06 11:00:00,26201.7,26222.15,26141.05,26174.5,45953112.0
2026-01-06 12:00:00,26173.1,26180.1,26150.15,26178.9,40446479.0
2026-01-06 13:00:00,26178.75,26195.0,26147.15,26153.25,55407654.0
2026-01-06 14:00:00,26151.95,26172.3,26124.75,26164.0,60773666.0
2026-01-06 15:00:00,26165.05,26187.7,26165.05,26174.65,57270373.0
2026-01-07 09:00:00,26143.1,26166.0,26096.65,26138.8,60208175.0
2026-01-07 10:00:00,26138.95,26187.15,26125.2,26163.35,44079285.0
2026-01-07 11:00:00,26164.5,26184.75,26118.95,26120.65,56774905.0
2026-01-07 12:00:00,26121.55,26123.3,26077.0,26098.0,35814731.0
2026-01-07 13:00:00,26098.6,26114.0,26067.9,26092.5,40463010.0
2026-01-07 14:00:00,26093.45,26121.3,26082.2,26117.35,42113119.0
2026-01-07 15:00:00,26125.1,26153.6,26119.6,26142.9,55771590.0
2026-01-08 09:00:00,26106.5,26133.2,26049.85,26091.7,57778769.0
2026-01-08 10:00:00,26091.05,26091.65,26012.8,26016.9,54247899.0
2026-01-08 11:00:00,26017.55,26017.75,25935.9,25938.3,45004779.0
2026-01-08 12:00:00,25938.1,25945.4,25884.15,25911.7,39660851.0
2026-01-08 13:00:00,25912.05,25939.0,25886.4,25929.35,32704728.0
2026-01-08 14:00:00,25929.0,25946.2,25900.45,25911.15,42240157.0
2026-01-08 15:00:00,25912.1,25917.7,25858.45,25868.9,54117043.0
2026-01-09 09:00:00,25840.4,25940.6,25818.35,25894.05,73876331.0
2026-01-09 10:00:00,25894.2,25901.95,25806.8,25821.65,51075979.0
2026-01-09 11:00:00,25821.3,25824.3,25735.15,25743.25,37728019.0
2026-01-09 12:00:00,25743.9,25761.75,25665.15,25689.7,51760496.0
2026-01-09 13:00:00,25691.3,25730.4,25664.85,25683.85,37524885.0
2026-01-09 14:00:00,25683.9,25692.95,25623.0,25674.7,45808883.0
2026-01-09 15:00:00,25679.9,25703.7,25661.05,25703.7,48506716.0
2026-01-12 09:00:00,25669.05,25700.95,25529.05,25557.55,50305930.0
2026-01-12 10:00:00,25557.9,25598.2,25538.8,25547.35,33957455.0
2026-01-12 11:00:00,25547.6,25551.5,25473.4,25501.55,35074979.0
2026-01-12 12:00:00,25501.45,25738.4,25496.2,25709.05,46975905.0
2026-01-12 13:00:00,25709.5,25757.9,25673.1,25741.7,34466945.0
2026-01-12 14:00:00,25741.3,25813.15,25704.65,25810.45,36808167.0
2026-01-12 15:00:00,25808.95,25808.95,25775.1,25806.1,36016852.0
2026-01-13 09:00:00,25897.35,25899.8,25700.85,25709.85,66341120.0
2026-01-13 10:00:00,25710.15,25827.05,25705.2,25778.9,43173661.0
2026-01-13 11:00:00,25779.75,25819.3,25752.15,25754.2,35452506.0
2026-01-13 12:00:00,25753.65,25754.0,25650.85,25653.0,41347461.0
2026-01-13 13:00:00,25651.45,25686.65,25627.4,25663.65,31884268.0
2026-01-13 14:00:00,25662.95,25726.05,25603.3,25707.95,58354159.0
2026-01-13 15:00:00,25711.85,25757.15,25702.05,25714.2,58696582.0
2026-01-14 09:00:00,25648.55,25761.5,25638.35,25729.9,63387642.0
2026-01-14 10:00:00,25729.6,25733.8,25661.35,25728.8,64496747.0
2026-01-14 11:00:00,25729.3,25786.05,25710.75,25775.65,55421199.0
2026-01-14 12:00:00,25776.45,25791.75,25734.5,25749.2,35931817.0
2026-01-14 13:00:00,25749.1,25761.5,25631.2,25635.95,38355859.0
2026-01-14 14:00:00,25636.05,25715.65,25603.95,25678.2,58926977.0
2026-01-14 15:00:00,25681.25,25694.1,25648.3,25669.1,62747562.0
2026-01-16 09:00:00,25696.05,25755.85,25678.4,25739.25,92838090.0
2026-01-16 10:00:00,25739.25,25873.5,25736.8,25829.7,61222002.0
2026-01-16 11:00:00,25829.3,25841.8,25770.25,25775.65,50169061.0
2026-01-16 12:00:00,25775.9,25829.2,25737.8,25744.4,50045423.0
2026-01-16 13:00:00,25745.65,25746.35,25662.4,25684.3,44082047.0
2026-01-16 14:00:00,25683.7,25720.45,25667.4,25706.35,54856933.0
2026-01-16 15:00:00,25701.9,25710.75,25681.6,25701.9,67989467.0
2026-01-19 09:00:00,25653.1,25653.3,25528.3,25543.45,108735771.0
2026-01-19 10:00:00,25541.8,25549.45,25494.35,25548.1,61940915.0
2026-01-19 11:00:00,25546.85,25564.2,25508.7,25534.45,49316337.0
2026-01-19 12:00:00,25535.15,25556.25,25510.65,25553.25,53327866.0
2026-01-19 13:00:00,25553.05,25611.7,25522.35,25598.75,55468222.0
2026-01-19 14:00:00,25597.85,25636.3,25586.5,25628.95,54819456.0
2026-01-19 15:00:00,25629.3,25633.7,25545.4,25555.5,54420286.0
2026-01-20 09:00:00,25580.3,25585.0,25432.6,25457.75,69087176.0
2026-01-20 10:00:00,25458.7,25504.0,25452.7,25466.2,56258913.0
2026-01-20 11:00:00,25466.95,25492.5,25443.85,25474.4,42924072.0
2026-01-20 12:00:00,25475.8,25476.4,25405.1,25431.8,48352688.0
2026-01-20 13:00:00,25432.55,25436.15,25360.25,25369.65,44419316.0
2026-01-20 14:00:00,25371.75,25394.1,25311.45,25311.7,64288596.0
2026-01-20 15:00:00,25310.3,25311.0,25171.35,25225.35,82378943.0
2026-01-21 09:00:00,25141.0,25277.75,25130.15,25158.7,76551521.0
2026-01-21 10:00:00,25158.95,25178.95,24919.8,24993.6,64461557.0
2026-01-21 11:00:00,24991.8,25080.25,24975.0,25069.85,48693498.0
2026-01-21 12:00:00,25069.1,25294.4,25063.85,25279.4,58585004.0
2026-01-21 13:00:00,25279.1,25300.95,25148.45,25153.25,47223219.0
2026-01-21 14:00:00,25151.1,25202.05,25119.85,25143.15,41050323.0
2026-01-21 15:00:00,25143.75,25182.5,25135.35,25168.1,54039345.0
2026-01-22 09:00:00,25344.15,25435.75,25302.45,25394.55,120992528.0
2026-01-22 10:00:00,25395.3,25411.65,25221.7,25221.7,70812814.0
2026-01-22 11:00:00,25221.95,25280.55,25177.85,25188.2,51905609.0
2026-01-22 12:00:00,25188.8,25277.5,25183.3,25209.9,51251386.0
2026-01-22 13:00:00,25208.65,25241.1,25169.4,25229.15,49367312.0
2026-01-22 14:00:00,25228.35,25318.2,25168.5,25297.0,61427466.0
2026-01-22 15:00:00,25295.5,25332.35,25238.8,25320.45,73110609.0
2026-01-23 09:00:00,25344.6,25347.95,25249.1,25290.95,58891167.0
2026-01-23 10:00:00,25292.3,25320.8,25251.55,25277.55,46444707.0
2026-01-23 11:00:00,25277.65,25293.6,25190.95,25215.2,45104220.0
2026-01-23 12:00:00,25214.75,25243.8,25183.65,25202.95,47130709.0
2026-01-23 13:00:00,25203.95,25213.3,25043.85,25049.95,56259581.0
2026-01-23 14:00:00,25049.8,25107.8,25041.0,25090.65,68796301.0
2026-01-23 15:00:00,25093.9,25096.0,25025.3,25064.75,68602103.0
2026-01-27 09:00:00,25063.35,25161.85,24932.55,25108.9,120584310.0
2026-01-27 10:00:00,25111.0,25184.95,24979.05,24983.25,75202857.0
2026-01-27 11:00:00,24983.85,25162.05,24980.0,25103.65,71166763.0
2026-01-27 12:00:00,25104.0,25138.2,25056.5,25088.95,54033355.0
2026-01-27 13:00:00,25088.95,25132.25,25018.0,25049.35,63377984.0
2026-01-27 14:00:00,25050.85,25155.3,24998.25,25139.45,104093819.0
2026-01-27 15:00:00,25143.3,25246.65,25100.75,25234.1,120617717.0
2026-01-28 09:00:00,25258.85,25372.1,25225.7,25303.7,110007693.0
2026-01-28 10:00:00,25304.7,25316.4,25232.7,25298.75,78948909.0
2026-01-28 11:00:00,25299.85,25351.05,25288.85,25321.8,73399571.0
2026-01-28 12:00:00,25320.85,25339.5,25257.05,25258.1,62380520.0
2026-01-28 13:00:00,25258.1,25291.3,25187.65,25231.3,66351670.0
2026-01-28 14:00:00,25232.25,25329.05,25201.1,25320.7,99007057.0
2026-01-28 15:00:00,25320.8,25358.4,25320.8,25348.05,80190587.0
2026-01-29 09:00:00,25345.0,25359.35,25159.8,25184.85,100200716.0
2026-01-29 10:00:00,25185.3,25240.55,25167.05,25234.0,75747483.0
2026-01-29 11:00:00,25234.6,25296.9,25230.1,25258.8,65844100.0
2026-01-29 12:00:00,25259.1,25340.85,25255.65,25321.8,57334789.0
2026-01-29 13:00:00,25322.25,25431.9,25321.0,25430.9,67449913.0
2026-01-29 14:00:00,25430.05,25458.15,25383.65,25434.8,92116826.0
2026-01-29 15:00:00,25436.95,25445.9,25405.1,25422.1,117490218.0
2026-01-30 09:00:00,25247.55,25323.15,25218.95,25283.4,80745424.0
2026-01-30 10:00:00,25283.95,25319.65,25266.45,25302.05,63576273.0
2026-01-30 11:00:00,25302.4,25309.2,25232.0,25261.4,51003858.0
2026-01-30 12:00:00,25262.0,25316.6,25248.85,25302.65,49995633.0
2026-01-30 13:00:00,25303.75,25344.9,25213.65,25342.65,51315127.0
2026-01-30 14:00:00,25343.8,25370.7,25302.2,25352.45,63288643.0
2026-01-30 15:00:00,25352.45,25354.2,25293.3,25315.8,143878745.0
2026-02-01 09:00:00,25333.75,25346.85,25252.3,25321.5,42549580.0
2026-02-01 10:00:00,25321.95,25387.55,25316.2,25383.0,26487266.0
2026-02-01 11:00:00,25383.75,25440.9,25268.0,25279.85,45942338.0
2026-02-01 12:00:00,25279.6,25385.95,24571.75,25075.9,110157738.0
2026-02-01 13:00:00,25074.15,25148.95,24985.3,25048.95,55509390.0
2026-02-01 14:00:00,25047.1,25091.55,24912.45,24923.85,47089409.0
2026-02-01 15:00:00,24923.9,24954.25,24721.0,24768.0,50084401.0
2026-02-02 09:00:00,24796.5,24942.95,24726.85,24861.9,87407261.0
2026-02-02 10:00:00,24863.3,24873.65,24769.15,24773.0,56938867.0
2026-02-02 11:00:00,24770.25,24879.95,24679.4,24874.3,58982227.0
2026-02-02 12:00:00,24874.05,24944.5,24852.7,24938.55,45105943.0
2026-02-02 13:00:00,24938.85,24984.45,24851.35,24948.6,58203191.0
2026-02-02 14:00:00,24949.05,25035.05,24913.85,25032.15,59732966.0
2026-02-02 15:00:00,25033.3,25108.1,25033.3,25079.9,78905827.0
2026-02-03 09:00:00,26308.05,26341.2,25675.15,25702.6,201582300.0
2026-02-03 10:00:00,25703.55,25821.65,25641.3,25780.1,84071502.0
2026-02-03 11:00:00,25780.7,25863.15,25765.5,25847.85,67828075.0
2026-02-03 12:00:00,25849.2,25851.85,25767.55,25795.6,52077002.0
2026-02-03 13:00:00,25795.45,25811.85,25729.4,25770.35,53566072.0
2026-02-03 14:00:00,25770.85,25790.35,25740.2,25778.05,64893481.0
2026-02-03 15:00:00,25778.75,25780.45,25696.85,25714.8,94451900.0
2026-02-04 09:00:00,25675.05,25795.25,25563.95,25781.5,98051882.0
2026-02-04 10:00:00,25779.55,25801.8,25709.55,25746.2,47286721.0
2026-02-04 11:00:00,25745.9,25760.15,25685.95,25727.45,52697871.0
2026-02-04 12:00:00,25726.9,25762.95,25701.25,25705.15,61267655.0
2026-02-04 13:00:00,25704.55,25788.25,25702.65,25775.1,37860256.0
2026-02-04 14:00:00,25774.95,25818.55,25755.25,25782.65,58224416.0
2026-02-04 15:00:00,25784.8,25812.4,25737.5,25737.5,69509503.0
2026-02-05 09:00:00,25755.9,25757.65,25612.9,25637.65,65432299.0
2026-02-05 10:00:00,25637.35,25700.45,25616.0,25624.0,46093880.0
2026-02-05 11:00:00,25624.35,25680.2,25611.6,25651.9,41995078.0
2026-02-05 12:00:00,25651.35,25657.7,25603.75,25640.8,34212306.0
2026-02-05 13:00:00,25640.1,25657.3,25611.2,25635.25,35164396.0
2026-02-05 14:00:00,25635.4,25649.0,25579.5,25645.2,53635678.0
2026-02-05 15:00:00,25646.05,25669.75,25621.55,25641.6,63846609.0
2026-02-06 09:00:00,25605.8,25630.8,25522.25,25552.35,62625265.0
2026-02-06 10:00:00,25552.35,25560.45,25491.9,25522.5,46062140.0
2026-02-06 11:00:00,25522.75,25644.5,25522.75,25632.25,63088879.0
2026-02-06 12:00:00,25631.35,25657.9,25526.65,25556.7,49226546.0
2026-02-06 13:00:00,25556.15,25626.1,25540.2,25617.6,41920166.0
2026-02-06 14:00:00,25617.4,25671.85,25601.9,25670.3,40668454.0
2026-02-06 15:00:00,25671.2,25703.95,25660.2,25673.6,64972805.0
2026-02-09 09:00:00,25888.7,25922.25,25780.9,25814.1,71209709.0
2026-02-09 10:00:00,25814.8,25866.4,25794.0,25864.6,50793529.0
2026-02-09 11:00:00,25865.2,25870.05,25830.5,25834.75,53986828.0
2026-02-09 12:00:00,25834.3,25861.45,25819.95,25837.25,41763467.0
2026-02-09 13:00:00,25838.4,25860.3,25835.85,25845.65,35848840.0
2026-02-09 14:00:00,25846.1,25864.4,25835.5,25858.05,48626061.0
2026-02-09 15:00:00,25860.5,25875.85,25856.85,25863.3,52237397.0
2026-02-10 09:00:00,25922.65,25962.3,25870.45,25949.5,82413922.0
2026-02-10 10:00:00,25948.7,25978.9,25940.25,25959.6,77101042.0
2026-02-10 11:00:00,25959.3,25969.9,25941.9,25961.75,61350648.0
2026-02-10 12:00:00,25961.9,25989.45,25950.65,25973.45,58305397.0
2026-02-10 13:00:00,25972.45,25982.25,25908.85,25910.85,48462914.0
2026-02-10 14:00:00,25910.35,25944.4,25893.2,25941.45,54066538.0
2026-02-10 15:00:00,25943.0,25967.4,25906.05,25916.8,74214995.0
2026-02-11 09:00:00,25997.45,26009.4,25923.5,25943.05,59138208.0
2026-02-11 10:00:00,25943.2,25981.3,25909.85,25961.25,41846854.0
2026-02-11 11:00:00,25961.95,25979.05,25938.9,25946.75,40695668.0
2026-02-11 12:00:00,25947.55,25960.95,25899.8,25927.4,48442636.0
2026-02-11 13:00:00,25928.2,25969.2,25907.6,25932.6,34500079.0
2026-02-11 14:00:00,25932.05,25964.1,25925.55,25944.95,48118437.0
2026-02-11 15:00:00,25944.65,25970.75,25939.75,25945.35,52962717.0
2026-02-12 09:00:00,25906.7,25906.7,25822.3,25865.1,90254552.0
2026-02-12 10:00:00,25867.5,25882.6,25848.7,25853.6,55412550.0
2026-02-12 11:00:00,25853.6,25861.8,25808.05,25826.3,48595217.0
2026-02-12 12:00:00,25827.05,25859.5,25806.5,25853.75,38183858.0
2026-02-12 13:00:00,25854.55,25879.3,25805.65,25816.95,47092335.0
2026-02-12 14:00:00,25817.2,25837.85,25752.4,25785.5,56309734.0
2026-02-12 15:00:00,25788.95,25840.7,25788.4,25796.15,79751002.0
2026-02-13 09:00:00,25571.15,25630.35,25525.45,25534.45,87901394.0
2026-02-13 10:00:00,25534.65,25584.3,25513.3,25560.5,65529219.0
2026-02-13 11:00:00,25561.9,25563.75,25522.8,25558.85,48384429.0
2026-02-13 12:00:00,25559.0,25606.05,25537.6,25542.05,55456354.0
2026-02-13 13:00:00,25542.95,25586.85,25499.9,25524.5,42880551.0
2026-02-13 14:00:00,25525.15,25539.25,25499.35,25521.25,64864240.0
2026-02-13 15:00:00,25521.95,25527.55,25444.3,25460.55,83905166.0
2026-02-16 09:00:00,25423.6,25528.45,25372.7,25496.65,47905835.0
2026-02-16 10:00:00,25497.5,25561.85,25497.5,25523.05,38310691.0
2026-02-16 11:00:00,25523.55,25547.15,25503.05,25529.1,32633597.0
2026-02-16 12:00:00,25529.1,25590.9,25528.85,25556.85,37016039.0
2026-02-16 13:00:00,25556.6,25594.15,25544.85,25566.0,38776259.0
2026-02-16 14:00:00,25565.0,25669.85,25560.5,25663.45,38106089.0
2026-02-16 15:00:00,25661.55,25697.0,25661.55,25682.45,40507692.0
2026-02-17 09:00:00,25637.95,25675.85,25570.3,25663.15,70124458.0
2026-02-17 10:00:00,25662.25,25730.35,25642.75,25668.1,62408430.0
2026-02-17 11:00:00,25667.75,25745.75,25653.65,25729.45,46287514.0
2026-02-17 12:00:00,25730.0,25760.85,25718.8,25733.8,43652254.0
2026-02-17 13:00:00,25733.6,25764.4,25696.75,25698.85,51667784.0
2026-02-17 14:00:00,25699.45,25734.15,25662.6,25711.9,48821568.0
2026-02-17 15:00:00,25713.1,25746.3,25703.0,25716.0,51268302.0
2026-02-18 09:00:00,25752.65,25759.75,25655.75,25665.45,119825333.0
2026-02-18 10:00:00,25666.6,25708.0,25645.15,25703.2,63638304.0
2026-02-18 11:00:00,25706.0,25716.55,25676.55,25701.05,47048850.0
2026-02-18 12:00:00,25702.4,25734.4,25697.15,25731.85,41519886.0
2026-02-18 13:00:00,25732.2,25753.2,25695.75,25724.3,35004593.0
2026-02-18 14:00:00,25724.45,25796.75,25719.95,25792.15,38868007.0
2026-02-18 15:00:00,25794.75,25828.05,25794.75,25805.7,49722977.0
2026-02-19 09:00:00,25873.35,25885.3,25769.65,25772.85,56190208.0
2026-02-19 10:00:00,25772.55,25793.9,25708.7,25734.85,37150109.0
2026-02-19 11:00:00,25734.75,25746.0,25650.55,25658.7,26481349.0
2026-02-19 12:00:00,25658.65,25661.6,25567.75,25597.5,33726925.0
2026-02-19 13:00:00,25598.4,25636.25,25561.7,25562.45,45345998.0
2026-02-19 14:00:00,25562.85,25609.95,25488.0,25523.35,49657313.0
2026-02-19 15:00:00,25521.75,25521.75,25388.75,25416.45,73956670.0
2026-02-20 09:00:00,25406.55,25524.7,25379.75,25520.8,54085052.0
2026-02-20 10:00:00,25520.25,25606.5,25468.95,25584.2,37267925.0
2026-02-20 11:00:00,25584.85,25620.7,25560.75,25598.15,33183573.0
2026-02-20 12:00:00,25597.8,25663.55,25573.3,25594.6,36667690.0
2026-02-20 13:00:00,25594.25,25609.75,25532.0,25601.15,35826189.0
2026-02-20 14:00:00,25600.75,25652.85,25577.45,25642.8,39720943.0
2026-02-20 15:00:00,25646.9,25649.65,25538.9,25565.9,69175600.0
2026-02-23 09:00:00,25678.4,25771.45,25626.5,25728.65,55661773.0
2026-02-23 10:00:00,25729.45,25737.45,25646.6,25667.85,50001376.0
2026-02-23 11:00:00,25668.8,25699.2,25631.65,25649.45,40142760.0
2026-02-23 12:00:00,25650.15,25690.85,25636.4,25638.05,46798350.0
2026-02-23 13:00:00,25637.95,25680.3,25627.7,25638.4,35389480.0
2026-02-23 14:00:00,25638.45,25709.45,25609.35,25674.15,41767148.0
2026-02-23 15:00:00,25678.45,25728.95,25678.45,25704.0,126486410.0
2026-02-24 09:00:00,25641.8,25641.8,25482.85,25516.35,73801311.0
2026-02-24 10:00:00,25516.5,25532.65,25460.7,25471.5,44432362.0
2026-02-24 11:00:00,25470.35,25525.2,25470.35,25472.55,47206948.0
2026-02-24 12:00:00,25472.05,25476.15,25387.2,25404.7,52831091.0
2026-02-24 13:00:00,25405.05,25433.25,25327.6,25411.95,55174189.0
2026-02-24 14:00:00,25412.1,25446.1,25361.9,25424.85,76538665.0
2026-02-24 15:00:00,25425.05,25464.55,25401.15,25460.25,102448794.0
2026-02-25 09:00:00,25512.6,25603.4,25507.9,25600.6,75317959.0
2026-02-25 10:00:00,25600.85,25652.6,25594.8,25612.35,59716400.0
2026-02-25 11:00:00,25614.1,25630.8,25581.05,25595.1,41003420.0
2026-02-25 12:00:00,25592.65,25615.5,25461.25,25472.2,53385224.0
2026-02-25 13:00:00,25471.65,25485.2,25428.2,25472.65,46561867.0
2026-02-25 14:00:00,25473.05,25502.45,25430.15,25468.25,64503629.0
2026-02-25 15:00:00,25469.8,25506.55,25469.5,25478.65,70850710.0
2026-02-26 09:00:00,25556.3,25567.6,25487.85,25518.35,63379616.0
2026-02-26 10:00:00,25517.95,25572.95,25505.45,25509.95,47185133.0
2026-02-26 11:00:00,25506.9,25570.85,25446.55,25453.4,45606633.0
2026-02-26 12:00:00,25453.3,25481.7,25400.95,25414.8,52730453.0
2026-02-26 13:00:00,25415.4,25454.75,25403.4,25440.8,46366812.0
2026-02-26 14:00:00,25440.8,25527.15,25406.15,25501.85,61466824.0
2026-02-26 15:00:00,25503.65,25524.85,25475.5,25493.3,84473146.0
2026-02-27 09:00:00,25459.85,25476.4,25328.75,25330.0,62223698.0
2026-02-27 10:00:00,25330.3,25346.45,25292.4,25304.65,36536124.0
2026-02-27 11:00:00,25305.35,25341.65,25271.75,25313.4,37896901.0
2026-02-27 12:00:00,25313.4,25328.8,25268.7,25276.95,33042797.0
2026-02-27 13:00:00,25277.15,25343.95,25274.25,25343.15,30682107.0
2026-02-27 14:00:00,25342.6,25352.05,25287.0,25312.4,42526692.0
2026-02-27 15:00:00,25309.45,25309.45,25141.3,25181.8,191960439.0
2026-03-02 09:00:00,24659.25,24989.35,24645.1,24945.1,123767598.0
2026-03-02 10:00:00,24946.2,24953.25,24812.25,24855.15,52800364.0
2026-03-02 11:00:00,24856.3,24868.7,24782.7,24784.0,46012148.0
2026-03-02 12:00:00,24784.1,24784.6,24679.1,24697.05,55629127.0
2026-03-02 13:00:00,24698.95,24708.8,24604.5,24614.75,53414523.0
2026-03-02 14:00:00,24612.6,24892.4,24603.5,24823.35,88629653.0
2026-03-02 15:00:00,24824.7,24914.85,24808.35,24849.75,90418590.0
2026-03-04 09:00:00,24388.8,24476.95,24315.45,24325.9,154991291.0
2026-03-04 10:00:00,24325.8,24437.35,24305.4,24391.45,74764207.0
2026-03-04 11:00:00,24392.45,24461.4,24354.15,24374.5,68322953.0
2026-03-04 12:00:00,24376.85,24428.1,24357.75,24416.8,50352120.0
2026-03-04 13:00:00,24418.0,24477.45,24414.5,24437.0,58796907.0
2026-03-04 14:00:00,24437.9,24602.45,24437.55,24582.95,83191723.0
2026-03-04 15:00:00,24582.95,24584.45,24451.05,24473.95,92417285.0
2026-03-05 09:00:00,24615.95,24656.7,24530.05,24628.5,82982948.0
2026-03-05 10:00:00,24628.25,24672.4,24538.55,24666.55,66610732.0
2026-03-05 11:00:00,24667.2,24672.8,24556.9,24579.1,64793386.0
2026-03-05 12:00:00,24580.2,24665.95,24574.45,24653.45,55419033.0
2026-03-05 13:00:00,24653.95,24671.3,24569.75,24573.7,47935438.0
2026-03-05 14:00:00,24572.5,24854.2,24529.4,24848.95,95172090.0
2026-03-05 15:00:00,24849.2,24853.25,24706.05,24737.45,88497592.0
2026-03-06 09:00:00,24656.4,24700.9,24587.15,24625.15,87113736.0
2026-03-06 10:00:00,24624.3,24675.65,24575.15,24594.65,53719701.0
2026-03-06 11:00:00,24594.9,24654.55,24593.9,24625.7,47760754.0
2026-03-06 12:00:00,24625.85,24631.45,24576.05,24603.7,45770341.0
2026-03-06 13:00:00,24603.6,24623.5,24552.95,24554.9,49926976.0
2026-03-06 14:00:00,24555.7,24616.45,24445.35,24482.55,67761924.0
2026-03-06 15:00:00,24481.8,24492.8,24415.75,24469.4,76796263.0
2026-03-09 09:00:00,23868.05,23959.7,23697.8,23773.9,158006474.0
2026-03-09 10:00:00,23774.0,23896.0,23744.85,23862.35,72925503.0
2026-03-09 11:00:00,23866.2,23932.0,23784.45,23887.2,64572026.0
2026-03-09 12:00:00,23887.5,23914.95,23828.35,23910.95,48072121.0
2026-03-09 13:00:00,23909.35,23937.55,23853.85,23878.5,50874760.0
2026-03-09 14:00:00,23878.65,24019.35,23859.6,24011.0,56218980.0
2026-03-09 15:00:00,24012.3,24078.15,23973.95,24005.8,68129072.0
2026-03-10 09:00:00,24280.8,24303.8,24079.95,24093.1,83665785.0
2026-03-10 10:00:00,24092.05,24233.2,24091.3,24197.4,59142298.0
2026-03-10 11:00:00,24197.6,24255.3,24186.6,24210.65,51079904.0
2026-03-10 12:00:00,24210.8,24231.35,24142.45,24219.15,52725589.0
2026-03-10 13:00:00,24219.4,24262.85,24190.4,24233.2,51053480.0
2026-03-10 14:00:00,24233.45,24296.65,24201.95,24261.45,62296804.0
2026-03-10 15:00:00,24261.95,24302.5,24217.5,24286.15,79175808.0
2026-03-11 09:00:00,24231.85,24299.0,24144.65,24153.7,73564412.0
2026-03-11 10:00:00,24154.6,24161.7,24049.05,24102.95,46804784.0
2026-03-11 11:00:00,24102.95,24114.1,23971.6,23982.3,43013836.0
2026-03-11 12:00:00,23982.6,24024.2,23969.7,23973.3,44969099.0
2026-03-11 13:00:00,23973.8,24005.35,23913.45,23959.2,58574723.0
2026-03-11 14:00:00,23959.0,23977.05,23871.8,23872.4,62193101.0
2026-03-11 15:00:00,23874.8,23913.1,23834.3,23848.2,74148029.0
2026-03-12 09:00:00,23674.85,23696.6,23556.3,23693.8,92131413.0
2026-03-12 10:00:00,23695.4,23742.15,23589.9,23740.9,72516530.0
2026-03-12 11:00:00,23741.6,23774.0,23665.0,23739.85,54170882.0
2026-03-12 12:00:00,23739.45,23759.2,23700.8,23717.0,50098483.0
2026-03-12 13:00:00,23717.85,23833.15,23656.4,23738.6,59197231.0
2026-03-12 14:00:00,23740.55,23771.55,23605.55,23639.45,76185704.0
2026-03-12 15:00:00,23641.1,23679.8,23609.95,23639.35,91525391.0
2026-03-13 09:00:00,23462.5,23492.4,23344.2,23347.55,95897456.0
2026-03-13 10:00:00,23349.1,23379.55,23305.75,23372.7,70107371.0
2026-03-13 11:00:00,23373.8,23414.9,23309.65,23361.2,58476261.0
2026-03-13 12:00:00,23363.1,23365.45,23193.55,23231.1,61158914.0
2026-03-13 13:00:00,23232.55,23239.55,23112.0,23118.95,65940052.0
2026-03-13 14:00:00,23121.65,23258.6,23120.2,23177.9,86254930.0
2026-03-13 15:00:00,23181.05,23190.55,23125.1,23170.9,76724830.0
2026-03-16 09:00:00,23116.1,23284.65,23098.0,23167.55,85671644.0
2026-03-16 10:00:00,23168.8,23210.5,22955.25,23032.25,62911663.0
2026-03-16 11:00:00,23032.95,23218.15,23012.95,23144.95,50965363.0
2026-03-16 12:00:00,23144.4,23196.45,23093.25,23132.4,50239984.0
2026-03-16 13:00:00,23132.75,23172.6,23086.35,23130.8,55956450.0
2026-03-16 14:00:00,23130.45,23502.0,23116.0,23454.05,142476917.0
2026-03-16 15:00:00,23455.3,23460.2,23338.6,23355.6,88097994.0
2026-03-17 09:00:00,23493.2,23501.75,23346.6,23496.75,71904154.0
2026-03-17 10:00:00,23496.7,23577.55,23443.0,23523.85,59372869.0
2026-03-17 11:00:00,23523.85,23528.15,23355.7,23415.35,52815692.0
2026-03-17 12:00:00,23414.75,23496.2,23380.35,23477.55,40246524.0
2026-03-17 13:00:00,23477.05,23592.05,23476.15,23541.85,58448742.0
2026-03-17 14:00:00,23542.5,23656.8,23526.85,23654.5,79881990.0
2026-03-17 15:00:00,23655.2,23655.2,23546.55,23558.8,92583737.0
2026-03-18 09:00:00,23632.9,23754.65,23618.45,23691.25,80033044.0
2026-03-18 10:00:00,23691.15,23778.55,23640.7,23770.6,54054136.0
2026-03-18 11:00:00,23770.8,23835.95,23764.15,23806.3,44585844.0
2026-03-18 12:00:00,23806.65,23810.8,23760.9,23775.9,41800934.0
2026-03-18 13:00:00,23775.15,23859.35,23766.4,23833.65,45581515.0
2026-03-18 14:00:00,23832.5,23862.25,23775.55,23801.8,47696154.0
2026-03-18 15:00:00,23801.65,23809.8,23730.65,23764.1,65635150.0
2026-03-19 09:00:00,23197.75,23378.7,23180.95,23242.7,147000607.0
2026-03-19 10:00:00,23241.95,23317.8,23204.05,23260.45,74501432.0
2026-03-19 11:00:00,23260.65,23264.65,23207.55,23241.05,52371080.0
2026-03-19 12:00:00,23241.9,23281.2,23217.85,23264.65,42299134.0
2026-03-19 13:00:00,23265.35,23265.6,23155.7,23163.05,49860988.0
2026-03-19 14:00:00,23163.3,23171.8,22947.55,22954.05,76021260.0
2026-03-19 15:00:00,22954.9,23093.9,22930.35,23087.85,96199144.0
2026-03-20 09:00:00,23110.15,23319.7,23109.9,23259.0,103754419.0
2026-03-20 10:00:00,23260.2,23317.9,23200.65,23296.6,66264445.0
2026-03-20 11:00:00,23298.65,23345.15,23223.1,23250.3,58988960.0
2026-03-20 12:00:00,23251.25,23259.5,23120.35,23214.8,57139962.0
2026-03-20 13:00:00,23214.9,23272.4,23188.65,23193.45,53001317.0
2026-03-20 14:00:00,23195.0,23244.55,23067.6,23090.5,77274591.0
2026-03-20 15:00:00,23091.3,23177.45,23078.6,23134.65,238326836.0
2026-03-23 09:00:00,22824.35,22851.7,22592.6,22597.5,102569082.0
2026-03-23 10:00:00,22597.45,22633.05,22509.65,22531.85,70028346.0
2026-03-23 11:00:00,22531.4,22583.65,22504.15,22555.9,54156238.0
2026-03-23 12:00:00,22556.05,22562.35,22478.15,22500.05,54639637.0
2026-03-23 13:00:00,22499.55,22629.75,22471.25,22599.65,70140574.0
2026-03-23 14:00:00,22598.85,22661.15,22515.25,22614.5,106441437.0
2026-03-23 15:00:00,22614.75,22614.75,22478.1,22492.65,86520820.0
2026-03-24 09:00:00,22878.45,22899.6,22701.2,22754.2,92246803.0
2026-03-24 10:00:00,22753.9,22766.8,22624.2,22639.7,68163766.0
2026-03-24 11:00:00,22639.8,22827.8,22639.8,22806.9,55952827.0
2026-03-24 12:00:00,22806.75,23026.1,22753.35,22974.4,82197677.0
2026-03-24 13:00:00,22974.6,23057.3,22911.35,22976.2,64516019.0
2026-03-24 14:00:00,22975.25,23037.9,22882.65,22916.35,76733061.0
2026-03-24 15:00:00,22914.6,22961.7,22875.35,22958.4,93330007.0
2026-03-25 09:00:00,23064.4,23298.25,23063.2,23286.05,88416615.0
2026-03-25 10:00:00,23287.4,23378.35,23246.55,23367.45,63169535.0
2026-03-25 11:00:00,23366.0,23434.75,23343.5,23399.35,73062166.0
2026-03-25 12:00:00,23399.4,23465.35,23372.35,23375.35,54995444.0
2026-03-25 13:00:00,23374.85,23462.8,23369.7,23430.2,50543218.0
2026-03-25 14:00:00,23430.35,23460.3,23304.5,23334.85,75113951.0
2026-03-25 15:00:00,23332.5,23357.45,23273.95,23309.0,95438066.0
2026-03-27 09:00:00,23173.55,23186.1,22978.45,22992.25,90265274.0
2026-03-27 10:00:00,22991.45,23038.65,22948.1,22973.5,62124528.0
2026-03-27 11:00:00,22973.4,23001.15,22927.3,22946.65,60258510.0
2026-03-27 12:00:00,22946.0,22973.2,22905.6,22945.65,56848309.0
2026-03-27 13:00:00,22945.05,22992.95,22909.3,22922.85,55376505.0
2026-03-27 14:00:00,22922.9,22930.6,22831.35,22846.55,83755526.0
2026-03-27 15:00:00,22845.0,22845.0,22804.55,22839.5,195867832.0
2026-03-30 09:00:00,22549.65,22714.1,22470.15,22615.3,126300288.0
2026-03-30 10:00:00,22614.7,22665.5,22478.35,22490.2,70095728.0
2026-03-30 11:00:00,22489.6,22535.8,22453.0,22484.0,63340390.0
2026-03-30 12:00:00,22483.15,22594.5,22480.3,22505.8,65922155.0
2026-03-30 13:00:00,22506.1,22516.35,22420.0,22428.8,59939920.0
2026-03-30 14:00:00,22428.1,22487.2,22337.8,22349.95,94819414.0
2026-03-30 15:00:00,22348.5,22391.0,22283.85,22379.2,210862989.0
2026-04-01 09:00:00,22899.0,22937.65,22809.0,22893.15,121814480.0
2026-04-01 10:00:00,22892.9,22941.3,22769.5,22770.75,67512147.0
2026-04-01 11:00:00,22771.35,22822.65,22736.6,22775.9,62502503.0
2026-04-01 12:00:00,22774.1,22881.1,22774.1,22862.05,55034977.0
2026-04-01 13:00:00,22862.1,22897.95,22648.35,22703.65,58535346.0
2026-04-01 14:00:00,22703.75,22756.8,22618.6,22647.8,56497818.0
2026-04-01 15:00:00,22651.25,22706.3,22651.25,22703.15,76215122.0
2026-04-02 09:00:00,22383.4,22394.65,22205.55,22206.5,75137100.0
2026-04-02 10:00:00,22206.8,22249.5,22182.55,22243.7,56835839.0
2026-04-02 11:00:00,22242.95,22300.6,22202.75,22277.55,57712930.0
2026-04-02 12:00:00,22277.2,22371.7,22231.25,22365.3,54244207.0
2026-04-02 13:00:00,22364.85,22561.55,22330.9,22530.35,64608262.0
2026-04-02 14:00:00,22529.45,22706.65,22519.85,22658.3,77969778.0
2026-04-02 15:00:00,22659.0,22782.3,22650.8,22700.7,104948145.0
2026-04-06 09:00:00,22780.3,22798.25,22566.65,22569.3,84331817.0
2026-04-06 10:00:00,22569.1,22679.7,22561.9,22635.85,59960793.0
2026-04-06 11:00:00,22635.6,22707.8,22542.95,22676.4,46887615.0
2026-04-06 12:00:00,22678.05,22804.0,22644.45,22802.45,55480842.0
2026-04-06 13:00:00,22804.1,22900.55,22758.45,22862.8,53302570.0
2026-04-06 14:00:00,22862.45,22940.7,22861.75,22917.15,63997334.0
2026-04-06 15:00:00,22917.05,22998.35,22912.6,22959.45,58524697.0
2026-04-07 09:00:00,22838.7,22901.05,22719.3,22886.15,74425254.0
2026-04-07 10:00:00,22889.35,22966.6,22834.65,22843.95,56140196.0
2026-04-07 11:00:00,22845.1,22991.7,22827.75,22984.7,58872370.0
2026-04-07 12:00:00,22986.2,22987.75,22905.7,22915.9,43360679.0
2026-04-07 13:00:00,22917.4,23063.55,22906.15,22977.7,53181636.0
2026-04-07 14:00:00,22979.9,23101.4,22974.1,23096.7,65449924.0
2026-04-07 15:00:00,23096.85,23153.85,23076.5,23129.95,123505307.0
2026-04-08 09:00:00,23855.15,23961.25,23828.5,23896.9,191508387.0
2026-04-08 10:00:00,23898.8,23984.5,23869.1,23982.15,100531833.0
2026-04-08 11:00:00,23984.05,24014.0,23923.5,23931.2,70294422.0
2026-04-08 12:00:00,23932.6,23979.8,23902.25,23977.65,55377760.0
2026-04-08 13:00:00,23978.8,24025.15,23948.8,23985.5,56509314.0
2026-04-08 14:00:00,23986.35,24017.6,23944.0,24002.2,68820775.0
2026-04-08 15:00:00,24002.65,24018.25,23955.75,24012.35,83264950.0
2026-04-09 09:00:00,23909.05,23990.75,23771.05,23786.3,90820953.0
2026-04-09 10:00:00,23785.35,23872.2,23759.45,23828.75,57221704.0
2026-04-09 11:00:00,23828.95,23905.4,23814.2,23886.35,53643361.0
2026-04-09 12:00:00,23887.15,23907.3,23801.6,23830.7,44977479.0
2026-04-09 13:00:00,23830.25,23842.6,23740.15,23767.85,46105392.0
2026-04-09 14:00:00,23767.85,23800.0,23682.8,23741.05,62263594.0
2026-04-09 15:00:00,23742.45,23806.8,23726.9,23766.05,106191543.0
2026-04-10 09:00:00,23880.55,23998.25,23856.35,23988.05,100150463.0
2026-04-10 10:00:00,23988.45,24036.2,23916.3,23998.85,65943698.0
2026-04-10 11:00:00,23999.7,24021.35,23953.8,23994.15,55199738.0
2026-04-10 12:00:00,23994.7,24032.6,23984.95,24004.55,52875639.0
2026-04-10 13:00:00,24004.9,24044.9,23996.0,24040.95,53274104.0
2026-04-10 14:00:00,24041.2,24048.2,23938.6,23993.55,76090984.0
2026-04-10 15:00:00,23994.2,24074.05,23994.2,24051.8,73320787.0
2026-04-13 09:00:00,23589.6,23699.7,23555.6,23669.05,101702269.0
2026-04-13 10:00:00,23668.8,23757.95,23634.05,23740.0,76656897.0
2026-04-13 11:00:00,23737.45,23811.35,23729.4,23785.65,49541813.0
2026-04-13 12:00:00,23785.95,23847.75,23780.9,23806.45,51228060.0
2026-04-13 13:00:00,23806.8,23907.4,23771.75,23893.7,54735481.0
2026-04-13 14:00:00,23893.05,23897.45,23834.6,23883.7,61028112.0
2026-04-13 15:00:00,23884.95,23888.2,23814.65,23818.9,86802715.0
2026-04-15 09:00:00,24163.8,24280.9,24145.8,24216.0,101036904.0
2026-04-15 10:00:00,24216.8,24273.15,24208.8,24216.1,65769031.0
2026-04-15 11:00:00,24216.35,24226.25,24174.5,24217.1,47761822.0
2026-04-15 12:00:00,24217.75,24236.65,24200.4,24207.85,47498263.0
2026-04-15 13:00:00,24207.5,24238.55,24187.75,24221.25,53069491.0
2026-04-15 14:00:00,24221.8,24264.2,24214.4,24261.25,61863368.0
2026-04-15 15:00:00,24262.2,24265.75,24206.5,24211.9,74820176.0
2026-04-16 09:00:00,24385.2,24400.95,24270.55,24271.55,100572311.0
2026-04-16 10:00:00,24271.65,24328.8,24264.4,24309.55,61067255.0
2026-04-16 11:00:00,24309.3,24333.2,24194.7,24197.2,74234359.0
2026-04-16 12:00:00,24196.3,24197.8,24116.95,24144.55,54914697.0
2026-04-16 13:00:00,24144.5,24190.5,24102.8,24183.2,60746155.0
2026-04-16 14:00:00,24181.9,24245.0,24132.45,24230.05,59109519.0
2026-04-16 15:00:00,24229.45,24238.3,24163.45,24188.4,93164835.0
2026-04-17 09:00:00,24165.9,24238.55,24096.05,24232.1,100493043.0
2026-04-17 10:00:00,24231.4,24304.55,24205.4,24254.95,64045697.0
2026-04-17 11:00:00,24255.7,24323.1,24237.75,24271.45,64292593.0
2026-04-17 12:00:00,24271.65,24293.7,24253.15,24266.1,50556313.0
2026-04-17 13:00:00,24267.0,24312.8,24264.85,24303.3,51327391.0
2026-04-17 14:00:00,24303.65,24357.8,24300.85,24349.85,80985416.0
2026-04-17 15:00:00,24349.6,24371.9,24320.1,24366.9,80312978.0
2026-04-20 09:00:00,24391.5,24420.2,24241.25,24331.75,91666273.0
2026-04-20 10:00:00,24331.05,24448.5,24326.35,24430.1,61627274.0
2026-04-20 11:00:00,24431.1,24473.25,24395.9,24463.35,56187305.0
2026-04-20 12:00:00,24463.25,24480.65,24421.75,24462.05,40418561.0
2026-04-20 13:00:00,24461.85,24463.15,24359.2,24395.35,51938554.0
2026-04-20 14:00:00,24395.75,24438.0,24371.95,24407.9,50997259.0
2026-04-20 15:00:00,24407.9,24424.6,24318.0,24330.9,58253292.0
2026-04-21 09:00:00,24374.55,24512.35,24354.9,24499.25,69234435.0
2026-04-21 10:00:00,24499.95,24561.5,24487.5,24549.1,48361715.0
2026-04-21 11:00:00,24549.25,24565.1,24513.65,24531.65,47961393.0
2026-04-21 12:00:00,24531.8,24571.25,24527.2,24537.9,51792586.0
2026-04-21 13:00:00,24538.7,24569.8,24523.5,24554.6,51669403.0
2026-04-21 14:00:00,24554.35,24584.65,24522.6,24568.35,66960438.0
2026-04-21 15:00:00,24568.2,24601.7,24548.9,24580.6,86190799.0
2026-04-22 09:00:00,24470.85,24515.95,24381.35,24382.25,86897058.0
2026-04-22 10:00:00,24382.9,24447.8,24352.9,24439.9,61391751.0
2026-04-22 11:00:00,24440.2,24449.7,24390.55,24426.9,55545528.0
2026-04-22 12:00:00,24426.85,24436.35,24395.5,24429.75,58409084.0
2026-04-22 13:00:00,24431.8,24453.05,24385.45,24449.55,54333005.0
2026-04-22 14:00:00,24449.85,24458.25,24390.7,24425.75,60343253.0
2026-04-22 15:00:00,24423.15,24423.15,24356.7,24367.65,58553472.0
2026-04-23 09:00:00,24202.35,24298.95,24134.8,24287.5,95112717.0
2026-04-23 10:00:00,24288.0,24310.2,24185.2,24215.35,60400460.0
2026-04-23 11:00:00,24216.0,24225.65,24172.85,24206.1,52555154.0
2026-04-23 12:00:00,24208.05,24231.5,24167.1,24214.7,55341666.0
2026-04-23 13:00:00,24215.85,24281.1,24200.75,24241.5,66979922.0
2026-04-23 14:00:00,24242.1,24242.75,24157.95,24180.85,63681990.0
2026-04-23 15:00:00,24181.8,24216.7,24149.8,24156.05,68515457.0
2026-04-24 09:00:00,24100.55,24206.0,23944.1,23955.0,87384028.0
2026-04-24 10:00:00,23954.9,24003.35,23914.9,23925.4,59744649.0
2026-04-24 11:00:00,23925.55,23949.3,23893.4,23898.25,52217539.0
2026-04-24 12:00:00,23897.75,23936.5,23878.8,23904.35,50460172.0
2026-04-24 13:00:00,23904.3,23905.5,23826.2,23846.3,49512837.0
2026-04-24 14:00:00,23847.6,23930.5,23813.65,23920.9,64644880.0
2026-04-24 15:00:00,23920.65,23924.2,23863.3,23903.95,68668379.0
2026-04-27 09:00:00,23945.45,24107.6,23936.2,24099.05,88262518.0
2026-04-27 10:00:00,24098.75,24103.15,24013.0,24072.2,55112509.0
2026-04-27 11:00:00,24071.95,24077.5,23974.4,24037.2,57003927.0
2026-04-27 12:00:00,24036.2,24092.85,24022.8,24071.5,48042478.0
2026-04-27 13:00:00,24071.7,24129.55,24069.4,24114.25,49804790.0
2026-04-27 14:00:00,24113.35,24130.7,24078.9,24121.95,63000386.0
2026-04-27 15:00:00,24118.2,24119.45,24077.85,24110.2,64746601.0
2026-04-28 09:00:00,24049.9,24156.6,23999.25,24155.3,95642680.0
2026-04-28 10:00:00,24154.35,24181.8,24124.25,24167.8,71032093.0
2026-04-28 11:00:00,24169.85,24169.85,24045.35,24056.0,57668646.0
2026-04-28 12:00:00,24058.1,24058.6,23992.3,24007.35,59778556.0
2026-04-28 13:00:00,24007.9,24049.0,23961.25,24010.55,59429492.0
2026-04-28 14:00:00,24011.6,24046.45,23972.95,24039.15,73749069.0
2026-04-28 15:00:00,24039.85,24042.45,23957.05,24016.5,132820823.0
2026-04-29 09:00:00,24096.9,24180.5,24059.95,24173.2,141282267.0
2026-04-29 10:00:00,24174.6,24296.3,24174.6,24287.1,94938851.0
2026-04-29 11:00:00,24288.25,24298.95,24260.0,24276.95,58641247.0
2026-04-29 12:00:00,24278.2,24331.8,24267.55,24316.85,49589881.0
2026-04-29 13:00:00,24318.95,24334.7,24254.95,24254.95,58385536.0
2026-04-29 14:00:00,24256.2,24259.85,24182.1,24185.45,52810942.0
2026-04-29 15:00:00,24187.35,24209.8,24142.95,24163.6,68609908.0
2026-04-30 09:00:00,23996.95,24019.15,23864.55,23880.2,95834332.0
2026-04-30 10:00:00,23880.0,23880.0,23799.05,23815.85,68698318.0
2026-04-30 11:00:00,23816.4,23853.15,23796.85,23842.55,56007759.0
2026-04-30 12:00:00,23842.45,23943.45,23830.35,23936.85,53739849.0
2026-04-30 13:00:00,23935.75,24061.1,23908.05,24055.05,61320174.0
2026-04-30 14:00:00,24054.9,24087.45,23984.45,24050.2,64990357.0
2026-04-30 15:00:00,24051.95,24051.95,23962.95,24043.7,98964178.0
2026-05-04 09:00:00,24063.55,24290.2,24061.85,24246.2,93843465.0
2026-05-04 10:00:00,24247.25,24259.75,24142.8,24187.25,53458186.0
2026-05-04 11:00:00,24188.3,24249.15,24175.65,24221.05,64700602.0
2026-05-04 12:00:00,24222.5,24229.9,24083.6,24103.8,53383152.0
2026-05-04 13:00:00,24104.2,24121.35,24004.75,24072.25,43058444.0
2026-05-04 14:00:00,24072.25,24149.7,24053.8,24089.25,48905287.0
2026-05-04 15:00:00,24091.0,24135.45,24074.95,24123.8,56044035.0
2026-05-05 09:00:00,24052.6,24072.1,23949.4,24043.05,51812125.0
2026-05-05 10:00:00,24042.55,24053.9,23914.35,23925.95,43955311.0
2026-05-05 11:00:00,23925.15,23966.75,23882.05,23888.95,48854098.0
2026-05-05 12:00:00,23888.15,24014.25,23888.15,24011.9,49223912.0
2026-05-05 13:00:00,24012.6,24081.7,24010.65,24038.1,61898023.0
2026-05-05 14:00:00,24035.85,24061.0,23999.6,24010.8,49392797.0
2026-05-05 15:00:00,24011.9,24059.7,23997.85,24052.15,55991798.0
2026-05-06 09:00:00,24171.0,24250.85,24121.1,24140.3,62566849.0
2026-05-06 10:00:00,24140.6,24155.4,24091.15,24095.75,43890170.0
2026-05-06 11:00:00,24095.95,24117.35,24069.45,24097.35,39603121.0
2026-05-06 12:00:00,24097.2,24099.75,23997.9,24023.1,47208396.0
2026-05-06 13:00:00,24022.65,24120.25,23999.65,24106.95,46395036.0
2026-05-06 14:00:00,24106.8,24356.5,24096.4,24348.25,99682277.0
2026-05-06 15:00:00,24349.0,24353.8,24313.85,24339.3,86474502.0
2026-05-07 09:00:00,24398.5,24423.35,24300.7,24342.95,76386533.0
2026-05-07 10:00:00,24343.0,24379.05,24310.0,24340.85,59835254.0
2026-05-07 11:00:00,24341.0,24349.8,24284.0,24340.55,42547575.0
2026-05-07 12:00:00,24339.7,24482.1,24329.7,24388.25,55096144.0
2026-05-07 13:00:00,24387.65,24420.55,24324.55,24368.65,47487752.0
2026-05-07 14:00:00,24368.05,24385.3,24323.05,24352.65,53628975.0
2026-05-07 15:00:00,24353.1,24363.1,24293.4,24336.4,100422816.0
2026-05-08 09:00:00,24233.65,24253.8,24138.4,24198.45,63123975.0
2026-05-08 10:00:00,24199.15,24243.95,24175.1,24195.95,34966457.0
2026-05-08 11:00:00,24197.8,24241.65,24185.6,24205.85,33377372.0
2026-05-08 12:00:00,24206.0,24212.0,24150.95,24163.4,32428561.0
2026-05-08 13:00:00,24165.55,24202.65,24128.35,24137.2,37373170.0
2026-05-08 14:00:00,24139.15,24240.25,24126.65,24213.65,73615771.0
2026-05-08 15:00:00,24215.1,24215.1,24163.5,24179.8,55323050.0
2026-05-11 09:00:00,23970.1,23986.8,23864.1,23874.25,74029947.0
2026-05-11 10:00:00,23874.6,23903.7,23845.3,23886.95,49226399.0
2026-05-11 11:00:00,23887.0,23956.9,23878.55,23930.9,47022399.0
2026-05-11 12:00:00,23931.25,23954.95,23902.45,23945.55,44335696.0
2026-05-11 13:00:00,23945.4,23997.45,23905.05,23966.45,43526578.0
2026-05-11 14:00:00,23966.45,23973.5,23875.9,23875.9,58160101.0
2026-05-11 15:00:00,23878.55,23879.7,23799.1,23820.35,70010350.0
2026-05-12 09:00:00,23722.6,23757.55,23617.7,23625.85,83041227.0
2026-05-12 10:00:00,23627.0,23675.2,23596.35,23614.7,58833671.0
2026-05-12 11:00:00,23615.1,23615.65,23577.85,23597.5,51308200.0
2026-05-12 12:00:00,23598.45,23599.55,23508.35,23524.55,42847522.0
2026-05-12 13:00:00,23525.15,23564.05,23489.4,23491.5,50191130.0
2026-05-12 14:00:00,23492.8,23496.9,23413.5,23421.25,66243624.0
2026-05-12 15:00:00,23422.5,23434.85,23348.4,23430.55,91402675.0
2026-05-13 09:00:00,23362.45,23503.8,23262.55,23372.45,75032960.0
2026-05-13 10:00:00,23371.15,23478.6,23354.15,23374.8,61535924.0
2026-05-13 11:00:00,23374.8,23509.9,23368.05,23466.1,48599100.0
2026-05-13 12:00:00,23465.45,23579.6,23423.3,23577.95,54302045.0
2026-05-13 13:00:00,23578.1,23582.95,23480.25,23499.8,42828659.0
2026-05-13 14:00:00,23499.85,23525.0,23446.65,23479.2,60059280.0
2026-05-13 15:00:00,23476.75,23478.7,23394.35,23428.7,68158201.0
2026-05-14 09:00:00,23530.25,23589.2,23446.7,23464.45,78114714.0
2026-05-14 10:00:00,23466.1,23537.5,23426.55,23430.45,51670192.0
2026-05-14 11:00:00,23432.9,23702.5,23427.85,23684.6,68367322.0
2026-05-14 12:00:00,23685.55,23713.0,23636.45,23689.0,50144204.0
2026-05-14 13:00:00,23690.2,23763.65,23689.3,23751.35,58270587.0
2026-05-14 14:00:00,23751.85,23777.2,23688.25,23710.15,58980256.0
2026-05-14 15:00:00,23711.65,23719.55,23668.15,23713.75,59931586.0
2026-05-15 09:00:00,23731.4,23837.0,23663.35,23817.95,90804437.0
2026-05-15 10:00:00,23819.1,23839.3,23781.25,23829.55,50585048.0
2026-05-15 11:00:00,23829.25,23830.75,23677.65,23725.55,46978964.0
2026-05-15 12:00:00,23725.9,23797.5,23715.55,23784.65,40515188.0
2026-05-15 13:00:00,23784.6,23787.8,23699.55,23713.55,46791637.0
2026-05-15 14:00:00,23712.95,23726.65,23610.3,23646.85,62503658.0
2026-05-15 15:00:00,23646.1,23678.35,23616.5,23659.35,66968578.0
2026-05-18 09:00:00,23482.2,23494.6,23317.1,23341.15,77553088.0
2026-05-18 10:00:00,23340.8,23465.95,23339.5,23465.1,51698824.0
2026-05-18 11:00:00,23464.9,23562.75,23452.6,23474.7,42957132.0
2026-05-18 12:00:00,23474.75,23637.9,23468.35,23636.9,54252610.0
2026-05-18 13:00:00,23637.15,23661.65,23592.25,23640.9,48233092.0
2026-05-18 14:00:00,23641.25,23652.0,23581.95,23591.5,48204835.0
2026-05-18 15:00:00,23591.0,23695.65,23590.25,23644.45,64441869.0
2026-05-19 09:00:00,23675.3,23768.95,23647.4,23678.15,98053391.0
2026-05-19 10:00:00,23679.0,23782.3,23678.15,23771.65,57631460.0
2026-05-19 11:00:00,23771.95,23774.95,23695.35,23754.95,54822758.0
2026-05-19 12:00:00,23754.65,23755.6,23719.3,23723.9,44112725.0
2026-05-19 13:00:00,23725.25,23743.3,23674.0,23689.1,43293908.0
2026-05-19 14:00:00,23691.35,23736.55,23632.35,23655.75,61852569.0
2026-05-19 15:00:00,23655.15,23659.3,23587.2,23606.2,78713764.0
2026-05-20 09:00:00,23457.25,23548.6,23397.3,23541.9,64402008.0
2026-05-20 10:00:00,23541.8,23576.15,23475.65,23546.4,51190543.0
2026-05-20 11:00:00,23546.75,23640.25,23546.75,23608.15,44169310.0
2026-05-20 12:00:00,23609.1,23615.4,23577.0,23612.75,35335260.0
2026-05-20 13:00:00,23612.45,23628.15,23561.85,23628.15,41841167.0
2026-05-20 14:00:00,23628.05,23690.9,23623.25,23679.15,50993678.0
2026-05-20 15:00:00,23680.1,23680.75,23639.6,23664.15,52438783.0
2026-05-21 09:00:00,23830.05,23859.9,23728.05,23768.35,56586489.0
2026-05-21 10:00:00,23769.55,23790.55,23717.85,23723.75,44422692.0
2026-05-21 11:00:00,23726.15,23746.45,23639.9,23716.05,42057855.0
2026-05-21 12:00:00,23716.75,23742.25,23607.35,23624.2,43578602.0
2026-05-21 13:00:00,23625.2,23691.8,23596.6,23673.3,37523663.0
2026-05-21 14:00:00,23673.35,23705.4,23638.1,23679.3,51772476.0
2026-05-21 15:00:00,23679.55,23691.3,23631.1,23648.6,69248227.0
2026-05-22 09:00:00,23671.2,23788.8,23671.0,23779.65,50693460.0
2026-05-22 10:00:00,23778.6,23800.15,23759.4,23780.75,51542786.0
2026-05-22 11:00:00,23781.2,23828.5,23750.05,23804.85,44357646.0
2026-05-22 12:00:00,23804.9,23835.65,23758.85,23827.45,39925360.0
2026-05-22 13:00:00,23828.25,23833.25,23782.5,23792.15,37899731.0
2026-05-22 14:00:00,23792.2,23795.6,23706.9,23724.45,49780175.0
2026-05-22 15:00:00,23724.65,23751.9,23698.95,23748.85,60192570.0
2026-05-25 09:00:00,23940.25,23989.1,23922.85,23937.15,74290553.0
2026-05-25 10:00:00,23938.75,23995.9,23933.45,23978.15,56046908.0
2026-05-25 11:00:00,23979.55,23992.7,23959.9,23986.6,41679385.0
2026-05-25 12:00:00,23988.15,23988.15,23935.6,23954.4,44645424.0
2026-05-25 13:00:00,23955.55,23991.0,23947.3,23965.35,39088371.0
2026-05-25 14:00:00,23966.95,24036.8,23955.25,24035.0,46042627.0
2026-05-25 15:00:00,24035.75,24054.45,24021.1,24049.9,44055184.0
2026-05-26 09:00:00,24004.1,24077.2,23965.7,24028.75,62938167.0
2026-05-26 10:00:00,24029.75,24089.8,24021.2,24071.85,49084899.0
2026-05-26 11:00:00,24070.7,24082.65,24026.2,24039.95,41129320.0
2026-05-26 12:00:00,24040.2,24043.65,23971.6,23998.55,53619588.0
2026-05-26 13:00:00,23998.65,24001.95,23934.1,23937.2,46680000.0
2026-05-26 14:00:00,23937.35,23940.7,23885.45,23913.05,58970740.0
2026-05-26 15:00:00,23913.5,23940.05,23896.4,23933.75,73378386.0
2026-05-27 09:00:00,23880.35,23950.15,23869.65,23874.75,104688527.0
2026-05-27 10:00:00,23875.45,23976.4,23868.5,23966.95,78888653.0
2026-05-27 11:00:00,23968.25,23983.2,23928.75,23933.5,48885671.0
2026-05-27 12:00:00,23933.5,23941.75,23902.45,23905.25,43239975.0
2026-05-27 13:00:00,23905.6,23923.45,23882.05,23912.5,53850431.0
2026-05-27 14:00:00,23912.3,23924.1,23858.25,23896.55,95792603.0
2026-05-27 15:00:00,23896.75,23926.85,23879.15,23921.6,94949446.0
2026-05-29 09:00:00,23902.15,24002.8,23871.1,23907.45,163114715.0
2026-05-29 10:00:00,23907.45,23954.5,23877.65,23903.1,64878532.0
2026-05-29 11:00:00,23902.8,23914.0,23875.35,23890.8,51070380.0
2026-05-29 12:00:00,23890.3,23891.65,23815.1,23837.55,43653317.0
2026-05-29 13:00:00,23837.05,23838.3,23739.7,23757.65,60610903.0
2026-05-29 14:00:00,23758.05,23802.05,23731.25,23773.35,61003951.0
2026-05-29 15:00:00,23773.3,23773.3,23484.75,23609.3,740541068.0
2026-06-01 09:00:00,23654.5,23733.7,23556.75,23561.8,0.0
2026-06-01 10:00:00,23561.05,23597.2,23517.7,23569.75,0.0
2026-06-01 11:00:00,23569.95,23619.25,23491.85,23493.75,0.0
2026-06-01 12:00:00,23493.65,23536.95,23486.0,23513.45,0.0
2026-06-01 13:00:00,23513.05,23520.75,23447.7,23456.1,0.0
2026-06-01 14:00:00,23456.35,23459.6,23360.15,23373.7,0.0
2026-06-01 15:00:00,23373.95,23412.1,23357.95,23379.2,0.0
2026-06-02 09:00:00,23229.15,23322.75,23229.15,23316.2,0.0
2026-06-02 10:00:00,23317.0,23375.95,23265.65,23301.15,0.0
2026-06-02 11:00:00,23300.6,23363.95,23280.75,23284.1,0.0
2026-06-02 12:00:00,23283.45,23470.8,23270.95,23456.9,0.0
2026-06-02 13:00:00,23458.8,23535.05,23438.4,23515.15,0.0
2026-06-02 14:00:00,23514.3,23556.95,23432.8,23441.55,0.0
2026-06-02 15:00:00,23443.55,23525.7,23422.65,23523.3,0.0
2026-06-03 09:00:00,23415.95,23447.65,23225.5,23252.65,0.0
2026-06-03 10:00:00,23253.15,23287.4,23212.1,23226.05,0.0
2026-06-03 11:00:00,23227.25,23244.85,23191.4,23192.25,0.0
2026-06-03 12:00:00,23193.25,23347.55,23151.5,23283.3,0.0
2026-06-03 13:00:00,23284.2,23427.05,23275.05,23361.1,0.0
2026-06-03 14:00:00,23363.55,23459.55,23363.1,23442.95,0.0
2026-06-03 15:00:00,23443.8,23459.65,23373.9,23396.2,0.0
2026-06-04 09:00:00,23282.45,23443.35,23247.3,23407.85,0.0
2026-06-04 10:00:00,23407.3,23450.1,23375.55,23424.9,0.0
2026-06-04 11:00:00,23424.1,23462.3,23359.45,23419.05,0.0
2026-06-04 12:00:00,23419.15,23450.45,23381.3,23415.9,0.0
2026-06-04 13:00:00,23415.75,23422.0,23313.15,23367.9,0.0
2026-06-04 14:00:00,23368.9,23465.3,23367.75,23415.15,0.0
2026-06-04 15:00:00,23414.8,23446.8,23385.3,23438.0,0.0
2026-06-05 09:00:00,23478.95,23516.35,23439.15,23443.95,0.0
2026-06-05 10:00:00,23443.65,23512.65,23331.8,23402.3,0.0
2026-06-05 11:00:00,23403.6,23494.8,23393.1,23397.5,0.0
2026-06-05 12:00:00,23397.9,23455.25,23351.2,23367.7,0.0
2026-06-05 13:00:00,23367.55,23376.2,23282.65,23330.85,0.0
2026-06-05 14:00:00,23330.25,23418.25,23301.0,23361.8,0.0
2026-06-05 15:00:00,23365.0,23386.5,23326.95,23368.85,0.0
2026-06-08 09:00:00,23080.7,23202.0,23070.15,23199.5,0.0
2026-06-08 10:00:00,23199.85,23223.45,23154.35,23217.45,0.0
2026-06-08 11:00:00,23217.9,23218.6,23179.0,23205.45,0.0
2026-06-08 12:00:00,23205.8,23267.3,23193.8,23246.15,0.0
2026-06-08 13:00:00,23247.1,23247.8,23150.4,23172.45,0.0
2026-06-08 14:00:00,23173.45,23196.7,23145.7,23179.0,0.0
2026-06-08 15:00:00,23182.4,23182.4,23089.9,23103.7,0.0
2026-06-09 09:00:00,23259.05,23259.45,23180.55,23188.35,0.0
2026-06-09 10:00:00,23188.75,23192.9,23129.1,23154.55,0.0
2026-06-09 11:00:00,23153.8,23196.2,23104.45,23181.2,0.0
2026-06-09 12:00:00,23181.3,23226.65,23176.5,23181.4,0.0
2026-06-09 13:00:00,23181.15,23223.2,23175.3,23189.65,0.0
2026-06-09 14:00:00,23188.7,23279.4,23178.45,23274.4,0.0
2026-06-09 15:00:00,23274.65,23274.65,23225.05,23257.75,0.0
2026-06-10 09:00:00,23233.95,23384.45,23217.3,23366.6,0.0
2026-06-10 10:00:00,23366.6,23378.55,23305.8,23378.55,0.0
2026-06-10 11:00:00,23378.55,23409.8,23359.95,23402.8,0.0
2026-06-10 12:00:00,23403.3,23404.65,23333.2,23380.05,0.0
2026-06-10 13:00:00,23380.05,23425.35,23347.05,23352.95,0.0
2026-06-10 14:00:00,23352.85,23364.75,23243.85,23256.75,0.0
2026-06-10 15:00:00,23256.85,23259.1,23184.6,23216.1,0.0
2026-06-11 09:00:00,23104.4,23172.85,23072.05,23115.7,0.0
2026-06-11 10:00:00,23117.6,23214.05,23102.85,23174.55,0.0
2026-06-11 11:00:00,23176.55,23291.7,23162.5,23281.15,0.0
2026-06-11 12:00:00,23283.15,23324.25,23272.55,23306.75,0.0
2026-06-11 13:00:00,23308.25,23327.45,23213.45,23231.3,0.0
2026-06-11 14:00:00,23233.0,23252.05,23162.5,23175.5,0.0
2026-06-11 15:00:00,23177.05,23194.9,23131.95,23186.55,0.0
2026-06-12 09:00:00,23412.55,23455.95,23345.95,23346.55,0.0
2026-06-12 10:00:00,23348.7,23362.9,23322.65,23358.25,0.0
2026-06-12 11:00:00,23359.2,23388.95,23344.45,23378.2,0.0
2026-06-12 12:00:00,23380.1,23383.55,23313.9,23325.3,0.0
2026-06-12 13:00:00,23326.75,23511.25,23321.6,23507.45,0.0
2026-06-12 14:00:00,23509.7,23616.95,23496.55,23608.15,0.0
2026-06-12 15:00:00,23607.95,23645.35,23581.65,23631.75,0.0
2026-06-15 09:00:00,23984.85,24011.4,23927.35,23945.95,0.0
2026-06-15 10:00:00,23946.9,24009.1,23933.55,24002.1,0.0
2026-06-15 11:00:00,24001.4,24003.6,23950.0,23961.35,0.0
2026-06-15 12:00:00,23961.65,23965.75,23892.35,23906.95,0.0
2026-06-15 13:00:00,23907.85,23935.0,23865.85,23905.65,0.0
2026-06-15 14:00:00,23907.75,23942.6,23882.6,23895.25,0.0
2026-06-15 15:00:00,23894.6,23904.05,23817.8,23856.55,0.0
2026-06-16 09:00:00,23923.9,23954.75,23888.2,23940.6,0.0
2026-06-16 10:00:00,23939.7,23977.8,23895.65,23966.75,0.0
2026-06-16 11:00:00,23966.65,23970.2,23911.45,23939.1,0.0
2026-06-16 12:00:00,23938.5,23947.1,23903.35,23936.25,0.0
2026-06-16 13:00:00,23935.65,23976.95,23923.45,23966.8,0.0
2026-06-16 14:00:00,23967.05,24002.4,23962.7,23988.05,0.0
2026-06-16 15:00:00,23986.45,24002.6,23976.6,23995.0,0.0
2026-06-17 09:00:00,24044.5,24071.65,23969.7,24065.85,0.0
2026-06-17 10:00:00,24067.9,24097.4,24043.15,24080.0,0.0
2026-06-17 11:00:00,24081.7,24108.2,24054.7,24055.1,0.0
2026-06-17 12:00:00,24056.7,24065.35,24027.35,24029.5,0.0
2026-06-17 13:00:00,24030.0,24061.85,24005.85,24048.85,0.0
2026-06-17 14:00:00,24049.85,24077.3,24015.8,24076.9,0.0
2026-06-17 15:00:00,24076.8,24098.75,24070.45,24081.95,0.0
2026-06-18 09:00:00,24073.8,24139.65,24058.85,24123.2,0.0
2026-06-18 10:00:00,24126.85,24138.4,24059.55,24092.55,0.0
2026-06-18 11:00:00,24093.85,24093.85,24036.95,24071.95,0.0
2026-06-18 12:00:00,24072.7,24133.75,24071.05,24125.65,0.0
2026-06-18 13:00:00,24127.65,24136.3,24100.65,24108.35,0.0
2026-06-18 14:00:00,24109.95,24121.4,24074.7,24121.4,0.0
2026-06-18 15:00:00,24121.9,24189.25,24108.3,24179.4,0.0
2026-06-19 09:00:00,23991.2,23998.8,23938.75,23987.7,0.0
2026-06-19 10:00:00,23987.25,24011.5,23940.5,23944.8,0.0
2026-06-19 11:00:00,23944.95,23968.3,23936.25,23954.4,0.0
2026-06-19 12:00:00,23955.15,23974.5,23924.9,23938.0,0.0
2026-06-19 13:00:00,23937.85,23967.05,23913.15,23966.9,0.0
2026-06-19 14:00:00,23966.65,24000.6,23901.9,23910.55,0.0
2026-06-19 15:00:00,23911.6,24047.2,23904.45,24042.7,0.0
2026-06-22 09:00:00,24106.6,24144.05,24073.15,24141.15,0.0
2026-06-22 10:00:00,24141.5,24168.05,24129.5,24162.85,0.0
2026-06-22 11:00:00,24162.75,24166.05,24129.65,24140.4,0.0
2026-06-22 12:00:00,24140.45,24142.15,24109.8,24123.5,0.0
2026-06-22 13:00:00,24123.3,24136.5,24097.15,24126.0,0.0
2026-06-22 14:00:00,24126.2,24145.45,24112.95,24132.55,0.0
2026-06-22 15:00:00,24133.6,24143.0,24080.1,24086.85,0.0
2026-06-23 09:00:00,24071.3,24133.2,24040.05,24131.3,0.0
2026-06-23 10:00:00,24131.25,24135.5,24090.9,24093.85,0.0
2026-06-23 11:00:00,24093.6,24130.45,23972.2,23982.65,0.0
2026-06-23 12:00:00,23982.6,23990.9,23917.3,23930.65,0.0
2026-06-23 13:00:00,23931.15,23937.8,23862.65,23869.15,0.0
2026-06-23 14:00:00,23870.15,23935.2,23864.3,23914.3,0.0
2026-06-23 15:00:00,23916.35,23919.1,23784.95,23795.25,0.0
2026-06-24 09:00:00,23795.8,23895.3,23789.25,23841.65,0.0
2026-06-24 10:00:00,23841.75,23970.3,23841.75,23952.45,0.0
2026-06-24 11:00:00,23952.0,24013.85,23952.0,23996.9,0.0
2026-06-24 12:00:00,23996.55,24012.6,23967.0,24004.35,0.0
2026-06-24 13:00:00,24004.35,24090.05,23994.1,24055.8,0.0
2026-06-24 14:00:00,24055.65,24068.75,24026.5,24050.75,0.0
2026-06-24 15:00:00,24050.85,24050.85,24003.25,24013.15,0.0
2026-06-25 09:00:00,24125.85,24185.35,24107.8,24176.65,0.0
2026-06-25 10:00:00,24178.65,24200.55,24160.3,24197.6,0.0
2026-06-25 11:00:00,24198.55,24238.75,24175.3,24236.55,0.0
2026-06-25 12:00:00,24238.75,24261.6,24176.85,24196.85,0.0
2026-06-25 13:00:00,24197.4,24214.5,24169.3,24178.4,0.0
2026-06-25 14:00:00,24180.25,24187.85,24066.55,24090.4,0.0
2026-06-25 15:00:00,24091.0,24091.3,24039.0,24052.95,0.0
2026-06-29 09:00:00,24061.75,24110.75,24005.45,24075.55,83297658.0
2026-06-29 10:00:00,24076.6,24120.0,24047.4,24066.35,53707144.0
2026-06-29 11:00:00,24066.9,24090.9,24002.05,24011.15,49882431.0
2026-06-29 12:00:00,24012.95,24019.25,23925.4,23963.3,46942825.0
2026-06-29 13:00:00,23964.25,23981.25,23926.3,23947.7,46050388.0
2026-06-29 14:00:00,23947.05,23972.6,23927.1,23930.6,56234197.0
2026-06-29 15:00:00,23931.05,23987.2,23924.55,23978.5,243771128.0
2026-06-30 09:00:00,24032.05,24035.55,23851.95,23881.7,60235907.0
2026-06-30 10:00:00,23881.1,23923.55,23871.3,23878.65,52504354.0
2026-06-30 11:00:00,23879.0,23998.55,23872.6,23946.15,51326184.0
2026-06-30 12:00:00,23946.25,23964.35,23911.55,23952.45,44924679.0
2026-06-30 13:00:00,23951.95,23954.95,23913.05,23929.4,37968736.0
2026-06-30 14:00:00,23928.6,23972.45,23863.9,23905.35,74016775.0
2026-06-30 15:00:00,23902.3,23922.1,23829.2,23917.75,125023751.0
2026-07-01 09:00:00,23897.65,23985.5,23895.1,23981.65,0.0
2026-07-01 10:00:00,23981.15,24020.65,23947.35,23976.4,0.0
2026-07-01 11:00:00,23975.8,24028.6,23975.2,24026.5,0.0
2026-07-01 12:00:00,24026.1,24049.9,23994.3,24022.9,0.0
2026-07-01 13:00:00,24022.4,24047.65,24002.05,24018.35,0.0
2026-07-01 14:00:00,24018.1,24044.15,23991.75,24035.65,0.0
2026-07-01 15:00:00,24036.8,24048.2,23980.65,23987.95,0.0
2026-07-02 09:00:00,24062.2,24159.45,24058.8,24129.45,0.0
2026-07-02 10:00:00,24129.6,24130.8,24070.3,24111.05,0.0
2026-07-02 11:00:00,24111.05,24115.8,24067.5,24099.55,0.0
2026-07-02 12:00:00,24099.1,24137.7,24094.8,24119.4,0.0
2026-07-02 13:00:00,24119.45,24155.35,24115.75,24131.2,0.0
2026-07-02 14:00:00,24131.65,24194.55,24127.4,24189.55,0.0
2026-07-02 15:00:00,24190.75,24193.4,24153.4,24167.2,0.0
2026-07-03 09:00:00,24375.65,24378.15,24295.15,24333.2,0.0
2026-07-03 10:00:00,24335.3,24352.65,24311.85,24340.75,0.0
2026-07-03 11:00:00,24342.05,24356.8,24319.1,24353.4,0.0
2026-07-03 12:00:00,24357.15,24373.35,24339.4,24353.45,0.0
2026-07-03 13:00:00,24355.05,24355.45,24272.65,24285.45,0.0
2026-07-03 14:00:00,24285.95,24297.25,24252.35,24256.75,0.0
2026-07-03 15:00:00,24256.15,24282.8,24256.15,24271.2,0.0
2026-07-06 09:00:00,24306.85,24394.4,24287.1,24384.65,0.0
2026-07-06 10:00:00,24385.25,24426.9,24366.3,24424.0,0.0
2026-07-06 11:00:00,24424.95,24428.05,24403.1,24425.2,0.0
2026-07-06 12:00:00,24424.75,24453.5,24420.1,24439.25,0.0
2026-07-06 13:00:00,24439.0,24458.65,24406.1,24409.15,0.0
2026-07-06 14:00:00,24410.1,24423.6,24382.4,24404.6,0.0
2026-07-06 15:00:00,24405.8,24447.65,24405.8,24423.95,0.0
2026-07-07 09:00:00,24464.45,24488.45,24423.5,24475.55,0.0
2026-07-07 10:00:00,24474.9,24505.1,24465.35,24480.75,0.0
2026-07-07 11:00:00,24480.85,24528.0,24480.05,24524.6,0.0
2026-07-07 12:00:00,24525.15,24530.9,24446.05,24468.55,0.0
2026-07-07 13:00:00,24467.7,24468.45,24418.45,24452.2,0.0
2026-07-07 14:00:00,24451.85,24473.05,24443.05,24456.1,0.0
2026-07-07 15:00:00,24456.4,24459.35,24348.95,24353.7,0.0
2026-07-08 09:00:00,24259.55,24295.25,24207.2,24251.75,66515384.0
2026-07-08 10:00:00,24250.85,24294.3,24219.25,24293.5,42513608.0
2026-07-08 11:00:00,24294.55,24300.0,24233.6,24248.95,41978352.0
2026-07-08 12:00:00,24249.65,24252.35,24184.0,24215.9,39544139.0
2026-07-08 13:00:00,24217.15,24235.8,24007.9,24009.55,54392533.0
2026-07-08 14:00:00,24012.05,24026.9,23805.2,23828.65,96009176.0
2026-07-08 15:00:00,23826.55,23919.55,23826.55,23895.7,75658924.0
2026-07-09 09:00:00,23928.95,24067.4,23927.7,24044.65,0.0
2026-07-09 10:00:00,24044.7,24134.7,23998.9,24013.9,0.0
2026-07-09 11:00:00,24014.85,24090.5,23988.35,24047.65,0.0
2026-07-09 12:00:00,24047.65,24076.55,24015.85,24038.4,0.0
2026-07-09 13:00:00,24038.95,24082.35,24025.1,24050.05,0.0
2026-07-09 14:00:00,24050.85,24078.6,24001.95,24039.65,0.0
2026-07-09 15:00:00,24037.85,24037.85,23925.7,23981.9,0.0
2026-07-10 09:00:00,24124.7,24216.85,24120.35,24216.75,0.0
2026-07-10 10:00:00,24217.95,24226.05,24187.95,24199.1,0.0
2026-07-10 11:00:00,24201.35,24206.15,24152.05,24170.4,0.0
2026-07-10 12:00:00,24171.3,24199.8,24157.75,24181.35,0.0
2026-07-10 13:00:00,24184.45,24207.3,24160.75,24193.35,0.0
2026-07-10 14:00:00,24194.85,24228.45,24173.6,24198.45,0.0
2026-07-10 15:00:00,24199.6,24220.95,24187.3,24211.65,0.0
2026-07-13 09:00:00,24039.4,24122.45,24000.2,24121.2,0.0
2026-07-13 10:00:00,24121.05,24157.4,24092.8,24132.6,0.0
2026-07-13 11:00:00,24132.15,24162.05,24116.2,24140.5,0.0
2026-07-13 12:00:00,24140.5,24259.8,24139.65,24223.75,0.0
2026-07-13 13:00:00,24223.4,24225.2,24161.8,24197.35,0.0
2026-07-13 14:00:00,24196.9,24250.85,24190.2,24231.1,0.0
2026-07-13 15:00:00,24229.7,24233.55,24191.9,24211.15,0.0
2026-07-14 09:00:00,24068.0,24157.1,24050.55,24077.55,0.0
2026-07-14 10:00:00,24079.6,24131.35,24038.1,24121.3,0.0
2026-07-14 11:00:00,24122.4,24146.35,24092.55,24102.2,0.0
2026-07-14 12:00:00,24103.0,24116.25,24054.85,24078.0,0.0
2026-07-14 13:00:00,24080.2,24097.35,24038.55,24065.05,0.0
2026-07-14 14:00:00,24065.4,24071.55,24023.7,24040.55,0.0
2026-07-14 15:00:00,24041.55,24075.0,24027.45,24035.15,0.0
2026-07-15 09:00:00,24085.85,24218.15,24069.05,24184.95,0.0
2026-07-15 10:00:00,24185.0,24220.35,24173.5,24185.0,0.0
2026-07-15 11:00:00,24184.6,24214.65,24166.8,24180.8,0.0
2026-07-15 12:00:00,24181.9,24194.35,24010.55,24054.0,0.0
2026-07-15 13:00:00,24053.4,24087.45,24039.3,24078.35,0.0
2026-07-15 14:00:00,24077.9,24107.05,24066.2,24067.85,0.0
2026-07-15 15:00:00,24067.15,24091.6,24061.05,24073.45,0.0
2026-07-16 09:00:00,24142.1,24167.4,24097.05,24128.1,0.0
2026-07-16 10:00:00,24128.15,24169.35,24107.45,24168.6,0.0
2026-07-16 11:00:00,24170.65,24186.5,24139.0,24151.0,0.0
2026-07-16 12:00:00,24153.05,24163.45,24120.25,24124.55,0.0
2026-07-16 13:00:00,24124.8,24130.75,24051.65,24096.4,0.0
2026-07-16 14:00:00,24098.4,24124.1,24079.7,24111.65,0.0
2026-07-16 15:00:00,24114.45,24126.55,24050.0,24081.1,0.0
2026-07-17 09:00:00,24127.6,24246.95,24099.05,24228.85,0.0
2026-07-17 10:00:00,24230.3,24288.9,24210.25,24251.6,0.0
2026-07-20 09:00:00,24190.05,24262.35,24149.9,24190.25,80283044.0
2026-07-20 10:00:00,24191.25,24239.2,24179.8,24228.65,54813122.0
2026-07-20 11:00:00,24228.6,24234.9,24177.0,24189.5,39004735.0
2026-07-20 12:00:00,24189.6,24199.9,24135.85,24186.8,41595639.0
2026-07-20 13:00:00,24186.7,24257.9,24175.8,24254.65,39449941.0
2026-07-20 14:00:00,24254.5,24266.1,24224.75,24230.7,42779083.0
2026-07-20 15:00:00,24233.6,24248.45,24228.4,24239.5,49261232.0
2026-07-21 09:00:00,24216.05,24262.2,24203.6,24229.4,52344020.0
2026-07-21 10:00:00,24232.0,24233.6,24163.75,24185.15,40305454.0
2026-07-21 11:00:00,24186.1,24196.6,24158.05,24169.3,34181030.0
2026-07-21 12:00:00,24172.55,24190.5,24148.75,24151.05,34103510.0
2026-07-21 13:00:00,24153.05,24195.3,24135.65,24163.25,42779434.0
2026-07-21 14:00:00,24164.55,24192.75,24154.3,24182.35,56203911.0
2026-07-21 15:00:00,24182.1,24197.2,24180.05,24193.05,52858840.0
