mode,struct,wing,entry_dt,exit_dt,iv_rank,credit,max_loss,pnl,points,fee,slip,breached,loss,reason,spot_in,spot_out,held_days
cycle_start,iron_fly,5,2021-07-02,2021-07-08,,9766.2,6483.8,-3654.6,-52.3,216.4,38.7,True,True,Expiry ITM guard,15666.5,15870.9,6
cycle_start,iron_fly,5,2021-07-09,2021-07-15,,10192.0,6058.0,-3740.9,-53.5,219.7,43.7,True,True,Expiry ITM guard,15646.8,15876.9,6
cycle_start,iron_fly,5,2021-07-16,2021-07-22,,8918.0,7332.0,-4153.7,-60.05,213.8,36.6,True,True,Expiry ITM guard,15940.5,15752.3,6
cycle_start,iron_fly,5,2021-07-23,2021-07-29,,9012.2,7237.8,2707.8,45.25,207.9,25.5,True,False,Expiry ITM guard,15863.6,15773.9,6
cycle_start,iron_fly,5,2021-07-30,2021-08-05,0.143,9278.8,6971.2,-7408.8,-108.9,241.8,88.5,True,True,Expiry ITM guard,15785.7,16267.3,6
cycle_start,iron_fly,5,2021-08-06,2021-08-12,0.308,9740.2,6509.8,5409.4,86.9,210.4,28.6,True,False,Target %credit,16320.6,16324.0,6
cycle_start,iron_fly,5,2021-08-13,2021-08-26,0.097,8879.0,7371.0,-1520.7,-19.65,211.6,31.8,True,True,Expiry ITM guard,16425.4,16619.3,13
cycle_start,iron_fly,5,2021-08-27,2021-09-02,0.15,9616.8,6633.2,-6538.4,-95.5,242.1,88.8,True,True,Expiry ITM guard,16628.4,17111.6,6
cycle_start,iron_fly,5,2021-09-03,2021-09-09,0.311,10387.0,5863.0,4865.0,78.65,213.9,33.4,True,False,Expiry ITM guard,17291.0,17345.8,6
cycle_start,iron_fly,5,2021-09-13,2021-09-16,0.62,9535.5,6714.5,-3675.1,-52.6,216.2,39.9,True,True,Expiry ITM guard,17337.1,17568.3,3
cycle_start,iron_fly,5,2021-09-17,2021-09-23,0.167,10504.0,5746.0,3304.1,54.7,215.4,36.0,True,False,Expiry ITM guard,17737.7,17657.7,6
cycle_start,iron_fly,5,2021-09-24,2021-09-30,0.576,11154.0,5096.0,-1262.6,-15.1,227.7,53.4,True,True,Expiry ITM guard,17914.7,17687.6,6
cycle_start,iron_fly,5,2021-10-01,2021-10-07,0.767,12190.7,4059.3,-2997.8,-41.55,237.7,59.4,True,True,Expiry ITM guard,17502.6,17790.2,6
cycle_start,iron_fly,5,2021-10-08,2021-10-14,0.4,11261.2,4988.8,-5276.9,-76.05,244.9,88.8,True,True,Expiry ITM guard,17872.8,18283.6,6
cycle_start,iron_fly,5,2021-10-18,2021-10-21,0.533,10500.8,5749.2,301.8,8.65,218.5,42.0,True,False,Expiry ITM guard,18484.6,18335.4,3
cycle_start,iron_fly,5,2021-10-22,2021-10-28,0.4,11592.8,4657.2,3465.3,57.4,224.5,41.2,True,False,Expiry ITM guard,18248.2,18141.8,6
cycle_start,iron_fly,5,2021-10-29,2021-11-11,0.95,12632.8,3617.2,-2276.2,-29.85,249.0,86.9,True,True,Expiry ITM guard,17669.8,17951.7,13
cycle_start,iron_fly,5,2021-11-12,2021-11-18,0.167,11228.8,5021.2,5200.5,83.95,217.4,38.9,True,False,Expiry ITM guard,17953.9,17933.3,6
cycle_start,iron_fly,5,2021-11-22,2021-11-25,0.65,11459.5,4790.5,-473.1,-2.9,227.6,57.0,True,True,Expiry ITM guard,17632.7,17440.8,3
cycle_start,iron_fly,5,2021-11-26,2021-12-02,0.367,11774.7,4475.3,3874.8,63.75,226.0,43.0,True,False,Expiry ITM guard,17295.3,17225.4,6
cycle_start,iron_fly,5,2021-12-03,2021-12-09,0.317,11953.5,4296.5,4633.9,75.35,223.8,40.0,True,False,Expiry ITM guard,17458.2,17505.6,6
cycle_start,iron_fly,5,2021-12-10,2021-12-16,0.183,11709.8,4540.2,1618.8,29.1,225.6,47.1,True,False,Expiry ITM guard,17523.2,17344.4,6
cycle_start,iron_fly,5,2021-12-17,2021-12-23,0.15,11745.5,4504.5,1733.3,30.85,225.5,46.4,True,False,Expiry ITM guard,17182.7,17037.5,6
cycle_start,iron_fly,5,2021-12-24,2021-12-30,0.183,11495.2,4754.8,2794.5,47.05,221.8,41.9,True,False,Expiry ITM guard,17102.7,17203.6,6
cycle_start,iron_fly,5,2021-12-31,2022-01-06,0.05,11537.5,4712.5,-4818.9,-68.75,252.4,97.8,True,True,Expiry ITM guard,17298.1,17748.3,6
cycle_start,iron_fly,5,2022-01-07,2022-01-13,0.15,11739.0,4511.0,-4501.1,-64.4,245.6,69.5,True,True,Expiry ITM guard,17841.9,18238.8,6
cycle_start,iron_fly,5,2022-01-14,2022-01-20,0.033,11459.5,4790.5,-3303.7,-46.4,232.1,55.6,True,True,Expiry ITM guard,18181.0,17913.9,6
cycle_start,iron_fly,5,2022-01-21,2022-01-27,0.4,12558.0,3692.0,-2870.5,-38.3,275.5,105.4,True,True,Expiry ITM guard,17549.9,16979.9,6
cycle_start,iron_fly,5,2022-01-28,2022-02-03,0.917,13399.7,2850.3,-2748.0,-35.7,285.2,142.3,True,True,Expiry ITM guard,17239.3,17751.3,6
cycle_start,iron_fly,5,2022-02-04,2022-02-10,0.383,12164.7,4085.3,5225.2,84.55,226.9,43.6,True,False,Expiry ITM guard,17551.2,17500.8,6
cycle_start,iron_fly,5,2022-02-11,2022-02-17,0.133,11911.2,4338.8,5139.6,83.15,224.5,40.7,True,False,Expiry ITM guard,17404.6,17422.6,6
cycle_start,iron_fly,5,2022-02-18,2022-02-24,0.717,12967.5,3282.5,-3746.1,-50.8,291.7,152.4,True,True,Expiry ITM guard,17278.5,16673.3,6
cycle_start,iron_fly,5,2022-02-25,2022-03-03,0.883,13331.5,2918.5,2726.3,47.25,252.2,92.7,True,False,Expiry ITM guard,16587.9,16723.9,6
cycle_start,iron_fly,5,2022-03-04,2022-03-10,0.85,13695.5,2554.5,-2096.5,-25.85,280.6,135.6,True,True,Expiry ITM guard,16259.1,16679.8,6
cycle_start,iron_fly,5,2022-03-11,2022-03-17,0.633,13321.7,2928.3,-3361.4,-44.55,301.0,164.7,True,True,Expiry ITM guard,16574.3,17218.9,6
cycle_start,iron_fly,5,2022-03-21,2022-03-24,0.667,12619.8,3630.2,3016.0,50.9,236.5,56.0,True,False,Expiry ITM guard,17304.0,17155.9,3
cycle_start,iron_fly,5,2022-03-25,2022-03-31,0.333,12993.5,3256.5,-2408.4,-31.75,252.3,92.3,True,True,Expiry ITM guard,17202.1,17535.3,6
cycle_start,iron_fly,5,2022-04-01,2022-04-07,0.15,12301.3,3948.7,-1256.5,-14.85,235.3,55.9,True,True,Expiry ITM guard,17482.1,17735.9,6
cycle_start,iron_fly,5,2022-04-08,2022-04-13,0.117,11960.0,4290.0,6724.6,107.45,222.2,37.5,True,False,Target %credit,17672.4,17622.3,5
cycle_start,iron_fly,5,2022-04-22,2022-04-28,0.033,12018.5,4231.5,4520.7,73.65,225.0,41.5,True,False,Expiry ITM guard,17215.8,17122.8,6
cycle_start,iron_fly,5,2022-04-29,2022-05-05,0.017,11771.5,4478.5,-4392.9,-62.1,262.5,93.9,True,True,Expiry ITM guard,17341.8,16824.1,6
cycle_start,iron_fly,5,2022-05-06,2022-05-12,0.367,12756.2,3493.8,-3199.9,-43.85,262.2,87.5,True,True,Expiry ITM guard,16403.1,15959.6,6
cycle_start,iron_fly,5,2022-05-13,2022-05-19,0.383,12788.8,3461.2,4558.2,74.7,235.6,61.7,True,False,Expiry ITM guard,15966.7,15923.9,6
cycle_start,iron_fly,5,2022-05-20,2022-05-26,0.267,12886.2,3363.8,5078.8,82.55,234.6,52.3,True,False,Expiry ITM guard,16123.0,16086.2,6
cycle_start,iron_fly,5,2022-05-27,2022-06-02,0.283,12551.5,3698.5,2487.9,42.7,234.2,53.4,True,False,Expiry ITM guard,16315.4,16459.8,6
cycle_start,iron_fly,5,2022-06-03,2022-06-09,0.1,12249.3,4000.7,-4313.3,-60.85,265.0,93.0,True,True,Expiry ITM guard,16781.3,16286.2,6
cycle_start,iron_fly,5,2022-06-10,2022-06-16,0.083,12051.0,4199.0,-4434.4,-63.05,255.1,81.1,True,True,Expiry ITM guard,16309.8,15844.8,6
cycle_start,iron_fly,5,2022-06-17,2022-06-23,0.567,13100.8,3149.2,359.1,10.5,245.1,78.3,True,False,Expiry ITM guard,15259.7,15468.9,6
cycle_start,iron_fly,5,2022-06-24,2022-06-30,0.25,12385.7,3864.3,1536.5,28.05,233.7,53.1,True,False,Expiry ITM guard,15713.8,15853.8,6
cycle_start,iron_fly,5,2022-07-01,2022-07-07,0.217,12457.3,3792.7,-3548.3,-49.4,255.8,81.5,True,True,Expiry ITM guard,15712.5,16113.0,6
cycle_start,iron_fly,5,2022-07-08,2022-07-14,0.05,11872.2,4377.8,960.3,19.05,227.9,50.1,True,False,Expiry ITM guard,16210.3,16024.8,6
cycle_start,iron_fly,5,2022-07-15,2022-07-21,0.017,11456.2,4793.8,-5311.5,-76.1,256.0,109.1,True,True,Expiry ITM guard,16006.9,16513.8,6
cycle_start,iron_fly,5,2022-07-22,2022-07-28,0.017,11235.3,5014.7,3742.9,61.5,218.3,36.3,True,False,Expiry ITM guard,16695.7,16776.0,6
cycle_start,iron_fly,5,2022-07-29,2022-08-04,0.033,11534.2,4715.8,-4301.1,-61.2,241.3,81.9,True,True,Expiry ITM guard,17111.5,17465.1,6
cycle_start,iron_fly,5,2022-08-05,2022-08-11,0.167,12164.8,4085.2,-1634.4,-20.65,235.7,56.5,True,True,Expiry ITM guard,17439.3,17690.5,6
cycle_start,iron_fly,5,2022-08-12,2022-08-18,0.017,11092.2,5157.8,-4145.7,-59.2,232.2,65.6,True,True,Expiry ITM guard,17620.4,17914.2,6
cycle_start,iron_fly,5,2022-08-19,2022-08-25,0.017,11037.0,5213.0,-3575.8,-50.6,228.3,58.5,True,True,Expiry ITM guard,17973.7,17672.4,6
cycle_start,iron_fly,5,2022-08-26,2022-09-01,0.083,11557.0,4693.0,2875.6,48.45,223.7,49.9,True,False,Expiry ITM guard,17672.8,17552.8,6
cycle_start,iron_fly,5,2022-09-02,2022-09-08,0.267,12366.2,3883.8,2535.1,43.25,229.1,47.1,True,False,Expiry ITM guard,17601.9,17733.9,6
cycle_start,iron_fly,5,2022-09-09,2022-09-15,0.05,11579.8,4670.2,-292.3,-0.25,226.2,49.9,True,True,Expiry ITM guard,17891.2,18083.8,6
cycle_start,iron_fly,5,2022-09-16,2022-09-22,0.2,12307.8,3942.2,2423.2,41.6,231.1,49.7,True,False,Expiry ITM guard,17767.6,17623.6,6
cycle_start,iron_fly,5,2022-09-23,2022-09-29,0.383,12493.0,3757.0,-4134.5,-57.95,269.4,98.3,True,True,Expiry ITM guard,17562.9,17006.7,6
cycle_start,iron_fly,5,2022-09-30,2022-10-06,0.617,12899.3,3350.7,-3418.2,-46.55,278.4,114.1,True,True,Expiry ITM guard,16779.1,17374.7,6
cycle_start,iron_fly,5,2022-10-07,2022-10-13,0.183,12129.0,4121.0,218.8,7.75,231.1,53.8,True,False,Expiry ITM guard,17290.2,17088.3,6
cycle_start,iron_fly,5,2022-10-14,2022-10-20,0.167,12229.8,4020.2,2659.8,45.05,225.6,42.8,True,False,Expiry ITM guard,17281.0,17453.3,6
cycle_start,iron_fly,5,2022-10-21,2022-10-27,0.033,11046.8,5203.2,2685.1,45.25,217.3,38.8,True,False,Expiry ITM guard,17642.9,17755.9,6
cycle_start,iron_fly,5,2022-10-28,2022-11-03,0.083,11521.2,4728.8,-1042.2,-11.7,226.6,55.1,True,True,Expiry ITM guard,17802.1,18021.8,6
cycle_start,iron_fly,5,2022-11-04,2022-11-10,0.067,11456.2,4793.8,6112.3,97.95,216.8,37.7,True,False,Target %credit,18056.8,18068.8,6
cycle_start,iron_fly,5,2022-11-11,2022-11-17,0.017,11072.8,5177.2,4471.5,72.65,215.2,35.6,True,False,Expiry ITM guard,18307.7,18381.1,6
cycle_start,iron_fly,5,2022-11-18,2022-11-23,0.033,10728.2,5521.8,5144.7,82.95,213.6,33.5,True,False,Target %credit,18346.8,18293.3,5
cycle_start,iron_fly,5,2022-11-25,2022-12-01,0.017,10279.7,5970.3,-6247.3,-91.2,239.2,80.0,True,True,Expiry ITM guard,18458.8,18867.0,6
cycle_start,iron_fly,5,2022-12-02,2022-12-08,0.033,10627.5,5622.5,-1008.4,-11.45,219.5,44.6,True,True,Expiry ITM guard,18737.9,18553.9,6
cycle_start,iron_fly,5,2022-12-09,2022-12-15,0.017,10019.8,6230.2,5441.0,87.35,209.7,27.0,True,False,Target %credit,18641.1,18630.9,6
cycle_start,iron_fly,5,2022-12-16,2022-12-22,0.067,10416.2,5833.8,1072.5,20.45,217.3,39.5,True,False,Expiry ITM guard,18397.2,18257.2,6
cycle_start,iron_fly,5,2022-12-23,2022-12-29,0.55,11852.8,4397.2,5809.3,93.35,221.5,36.9,True,False,Target %credit,17975.6,18029.2,6
cycle_start,iron_fly,5,2022-12-30,2023-01-05,0.15,10728.2,5521.8,-671.6,-6.25,220.5,44.8,True,True,Expiry ITM guard,18237.4,18063.1,6
cycle_start,iron_fly,5,2023-01-06,2023-01-12,0.2,10923.2,5326.8,3027.2,50.5,217.0,38.3,True,False,Expiry ITM guard,18003.0,17914.2,6
cycle_start,iron_fly,5,2023-01-13,2023-01-19,0.55,11501.8,4748.2,-3971.2,-56.4,235.0,70.3,True,True,Expiry ITM guard,17797.2,18117.1,6
cycle_start,iron_fly,5,2023-01-20,2023-01-25,0.117,10227.8,6022.2,4889.1,78.9,210.7,28.7,True,False,Target %credit,18109.9,18060.5,5
cycle_start,iron_fly,5,2023-02-03,2023-02-09,0.567,11797.5,4452.5,23.5,4.6,226.7,48.9,True,False,Expiry ITM guard,17672.7,17843.4,6
cycle_start,iron_fly,5,2023-02-10,2023-02-16,0.05,10214.8,6035.2,-4115.1,-59.2,221.0,46.1,True,True,Expiry ITM guard,17847.7,18097.0,6
cycle_start,iron_fly,5,2023-02-17,2023-02-23,0.05,10036.0,6214.0,-6150.5,-89.8,236.3,77.2,True,True,Expiry ITM guard,17964.1,17550.8,6
cycle_start,iron_fly,5,2023-02-24,2023-03-02,0.117,10562.5,5687.5,51.7,4.75,217.5,39.6,True,False,Expiry ITM guard,17585.8,17432.6,6
cycle_start,iron_fly,5,2023-03-03,2023-03-09,0.017,9395.8,6854.2,-6426.9,-94.6,224.4,53.6,True,True,Expiry ITM guard,17474.4,17767.8,6
cycle_start,iron_fly,5,2023-03-10,2023-03-16,0.15,10331.8,5918.2,-6244.3,-90.8,247.5,94.8,True,True,Expiry ITM guard,17396.6,16926.7,6
cycle_start,iron_fly,5,2023-03-17,2023-03-23,0.433,11641.5,4608.5,4917.7,79.7,219.8,42.9,True,False,Expiry ITM guard,17107.7,17077.9,6
cycle_start,iron_fly,5,2023-03-24,2023-03-29,0.2,10760.8,5489.2,5137.7,82.85,214.1,33.4,True,False,Target %credit,17052.2,17012.1,5
cycle_start,iron_fly,5,2023-04-10,2023-04-13,0.133,8875.8,7374.2,-479.7,-3.7,209.9,29.3,True,True,Expiry ITM guard,17630.2,17790.1,3
cycle_start,iron_fly,5,2023-04-17,2023-04-20,0.283,9636.2,6613.8,5119.0,82.35,208.5,25.2,True,False,Target %credit,17662.6,17653.1,3
cycle_start,iron_fly,5,2023-04-21,2023-04-27,0.033,9389.2,6860.8,-1304.3,-16.3,212.0,32.7,True,True,Expiry ITM guard,17647.8,17810.9,6
cycle_start,iron_fly,5,2023-04-28,2023-05-04,0.017,9304.8,6945.2,-3084.0,-43.6,214.4,35.6,True,True,Expiry ITM guard,17903.6,18099.3,6
cycle_start,iron_fly,5,2023-05-05,2023-05-11,0.033,9236.5,7013.5,-2399.0,-33.1,213.5,34.0,True,True,Expiry ITM guard,18166.3,18323.9,6
cycle_start,iron_fly,5,2023-05-12,2023-05-17,0.083,10153.0,6097.0,4842.7,78.2,211.0,29.3,True,False,Target %credit,18223.4,18189.2,5
cycle_start,iron_fly,5,2023-05-19,2023-05-25,0.083,9854.0,6396.0,327.1,8.8,212.8,32.2,True,False,Expiry ITM guard,18145.0,18291.8,6
cycle_start,iron_fly,5,2023-05-26,2023-06-01,0.083,9655.8,6594.2,-2999.8,-42.2,216.3,40.5,True,True,Expiry ITM guard,18336.6,18560.0,6
cycle_start,iron_fly,5,2023-06-02,2023-06-08,0.067,9750.0,6500.0,-2441.7,-33.7,215.0,36.2,True,True,Expiry ITM guard,18559.2,18745.6,6
cycle_start,iron_fly,5,2023-06-09,2023-06-15,0.033,9324.2,6925.8,2693.4,45.05,208.9,25.9,True,False,Expiry ITM guard,18665.4,18732.0,6
cycle_start,iron_fly,5,2023-06-16,2023-06-22,0.017,8921.2,7328.8,1904.6,32.9,208.1,25.9,True,False,Expiry ITM guard,18745.0,18846.0,6
cycle_start,iron_fly,5,2023-06-23,2023-07-06,0.083,9408.8,6841.2,-7558.4,-109.9,270.8,144.1,True,True,Expiry ITM guard,18684.0,19399.2,13
cycle_start,iron_fly,5,2023-07-07,2023-07-13,0.217,10296.0,5954.0,4838.5,78.15,211.5,29.8,True,False,Expiry ITM guard,19474.5,19484.3,6
cycle_start,iron_fly,5,2023-07-14,2023-07-20,0.033,9551.8,6698.2,-6410.5,-94.1,230.1,63.9,True,True,Expiry ITM guard,19464.0,19798.5,6
cycle_start,iron_fly,5,2023-07-21,2023-07-27,0.45,10614.5,5635.5,4638.6,75.2,214.7,34.7,True,False,Expiry ITM guard,19876.9,19855.9,6
cycle_start,iron_fly,5,2023-07-28,2023-08-03,0.267,10598.2,5651.8,1866.3,32.65,216.7,39.3,True,False,Expiry ITM guard,19617.6,19486.5,6
cycle_start,iron_fly,5,2023-08-04,2023-08-10,0.167,10153.0,6097.0,2503.8,42.3,212.9,32.8,True,False,Expiry ITM guard,19481.7,19575.1,6
cycle_start,iron_fly,5,2023-08-11,2023-08-17,0.1,9815.0,6435.0,3412.6,56.2,210.6,29.8,True,False,Expiry ITM guard,19485.5,19445.3,6
cycle_start,iron_fly,5,2023-08-18,2023-08-24,0.1,9746.8,6503.2,-3916.7,-56.25,217.6,42.8,True,True,Expiry ITM guard,19315.2,19534.1,6
cycle_start,iron_fly,5,2023-08-25,2023-08-31,0.167,9935.2,6314.8,4402.3,71.4,210.4,28.3,True,False,Expiry ITM guard,19314.5,19376.0,6
cycle_start,iron_fly,5,2023-09-01,2023-09-07,0.133,9785.8,6464.2,-5241.7,-76.55,220.3,45.7,True,True,Expiry ITM guard,19291.1,19575.6,6
cycle_start,iron_fly,5,2023-09-08,2023-09-14,0.017,9369.8,6880.2,-6773.9,-99.65,230.9,65.7,True,True,Expiry ITM guard,19766.0,20130.9,6
cycle_start,iron_fly,5,2023-09-15,2023-09-21,0.1,10036.0,6214.0,-6047.5,-88.5,229.9,65.1,True,True,Expiry ITM guard,20168.6,19822.3,6
cycle_start,iron_fly,5,2023-09-22,2023-09-28,0.133,10013.2,6236.8,3426.7,56.45,211.7,30.9,True,False,Expiry ITM guard,19785.8,19751.8,6
cycle_start,iron_fly,5,2023-09-29,2023-10-05,0.233,10452.0,5798.0,5865.5,93.95,211.5,29.8,True,False,Target %credit,19571.9,19536.4,6
cycle_start,iron_fly,5,2023-10-06,2023-10-12,0.05,9785.8,6464.2,-4240.6,-61.2,218.4,44.2,True,True,Expiry ITM guard,19611.7,19826.8,6
cycle_start,iron_fly,5,2023-10-13,2023-10-19,0.167,10231.0,6019.0,525.4,11.95,214.9,36.5,True,False,Expiry ITM guard,19720.8,19538.7,6
cycle_start,iron_fly,5,2023-10-20,2023-10-26,0.117,9951.5,6298.5,-6612.3,-95.9,260.0,118.8,True,True,Expiry ITM guard,19583.9,19008.2,6
cycle_start,iron_fly,5,2023-10-27,2023-11-02,0.617,11053.2,5196.8,1812.9,31.9,218.9,41.7,True,False,Expiry ITM guard,18977.2,19142.2,6
cycle_start,iron_fly,5,2023-11-03,2023-11-09,0.167,10143.2,6106.8,-487.0,-3.65,214.6,35.1,True,True,Expiry ITM guard,19246.2,19413.3,6
cycle_start,iron_fly,5,2023-11-10,2023-11-16,0.033,9460.7,6789.3,-6199.9,-91.2,221.5,50.4,True,True,Expiry ITM guard,19353.7,19635.5,6
cycle_start,iron_fly,5,2023-11-17,2023-11-23,0.1,10159.5,6090.5,2740.8,45.9,212.0,30.7,True,False,Expiry ITM guard,19758.6,19841.2,6
cycle_start,iron_fly,5,2023-11-24,2023-11-30,0.033,9623.2,6626.8,-6115.7,-89.75,225.9,56.0,True,True,Expiry ITM guard,19818.2,20115.5,6
cycle_start,iron_fly,5,2023-12-01,2023-12-07,0.5,11514.8,4735.2,-4890.2,-68.75,275.5,145.9,True,True,Expiry ITM guard,20220.0,20865.7,6
cycle_start,iron_fly,5,2023-12-08,2023-12-14,0.233,10903.8,5346.2,1392.1,25.4,218.1,40.8,True,False,Expiry ITM guard,20966.2,21108.6,6
cycle_start,iron_fly,5,2023-12-15,2023-12-21,0.183,10842.0,5408.0,-695.4,-6.35,226.0,56.6,True,True,Expiry ITM guard,21260.8,21047.7,6
cycle_start,iron_fly,5,2023-12-22,2023-12-28,0.383,11609.0,4641.0,-4797.5,-68.55,256.1,85.7,True,True,Expiry ITM guard,21260.6,21721.3,6
cycle_start,iron_fly,5,2023-12-29,2024-01-04,0.633,12249.2,4000.8,4287.2,70.1,226.2,43.1,True,False,Expiry ITM guard,21713.2,21600.4,6
cycle_start,iron_fly,5,2024-01-05,2024-01-11,0.133,11027.2,5222.8,5691.5,91.4,214.9,34.6,True,False,Target %credit,21724.0,21719.7,6
cycle_start,iron_fly,5,2024-01-12,2024-01-18,0.233,11258.0,4992.0,-3771.4,-53.35,234.3,69.3,True,True,Expiry ITM guard,21727.5,21447.3,6
cycle_start,iron_fly,5,2024-01-19,2024-01-25,0.517,11963.2,4286.8,-570.3,-4.3,235.2,55.6,True,True,Expiry ITM guard,21647.3,21411.2,6
cycle_start,iron_fly,5,2024-01-29,2024-02-01,0.917,12883.0,3367.0,515.3,13.1,250.1,86.1,True,False,Expiry ITM guard,21506.7,21718.8,3
cycle_start,iron_fly,5,2024-02-02,2024-02-08,0.517,12320.8,3929.2,4623.0,75.3,227.2,44.2,True,False,Expiry ITM guard,21947.8,21993.0,6
cycle_start,iron_fly,5,2024-02-09,2024-02-15,0.633,12587.2,3662.8,2244.0,38.95,234.3,53.5,True,False,Expiry ITM guard,21756.6,21893.4,6
cycle_start,iron_fly,5,2024-02-16,2024-02-22,0.367,12408.5,3841.5,4627.2,75.35,226.8,43.7,True,False,Expiry ITM guard,21999.3,22047.2,6
cycle_start,iron_fly,5,2024-02-23,2024-02-29,0.317,12512.5,3737.5,-1919.3,-24.7,245.4,68.4,True,True,Expiry ITM guard,22249.2,21936.3,6
cycle_start,iron_fly,5,2024-03-01,2024-03-07,0.317,12623.0,3627.0,-3166.8,-43.4,252.1,93.7,True,True,Expiry ITM guard,22124.4,22501.8,6
cycle_start,iron_fly,5,2024-03-11,2024-03-14,0.35,11410.8,4839.2,-4917.4,-69.7,263.6,123.3,True,True,Expiry ITM guard,22480.4,21930.0,3
cycle_start,iron_fly,5,2024-03-15,2024-03-21,0.117,12249.2,4000.8,3613.7,59.75,226.4,43.6,True,False,Expiry ITM guard,22106.3,22004.8,6
cycle_start,iron_fly,5,2024-03-22,2024-03-28,0.05,11748.8,4501.2,-2473.1,-33.7,229.9,52.7,True,True,Expiry ITM guard,21951.5,22190.5,6
cycle_start,iron_fly,5,2024-04-01,2024-04-04,0.3,11573.2,4676.8,4373.3,71.3,219.3,41.9,True,False,Expiry ITM guard,22501.0,22580.7,3
cycle_start,iron_fly,5,2024-04-05,2024-04-18,0.05,11635.0,4615.0,-878.1,-9.2,226.1,54.0,True,True,Expiry ITM guard,22474.0,22246.8,13
cycle_start,iron_fly,5,2024-04-19,2024-04-25,0.367,12603.5,3646.5,-3868.1,-53.95,266.6,94.8,True,True,Expiry ITM guard,21862.2,22340.8,6
cycle_start,iron_fly,5,2024-04-26,2024-05-02,0.033,11293.8,4956.2,2406.6,41.05,220.9,40.7,True,False,Expiry ITM guard,22589.2,22649.0,6
cycle_start,iron_fly,5,2024-05-03,2024-05-09,0.05,11609.0,4641.0,-4983.4,-71.0,257.2,111.2,True,True,Expiry ITM guard,22779.7,22300.2,6
cycle_start,iron_fly,5,2024-05-10,2024-05-16,0.317,12545.0,3705.0,-1619.5,-20.0,241.8,77.7,True,True,Expiry ITM guard,22008.3,22292.6,6
cycle_start,iron_fly,5,2024-05-17,2024-05-23,0.117,12366.2,3883.8,-1280.8,-15.15,237.5,58.5,True,True,Expiry ITM guard,22363.8,22596.8,6
cycle_start,iron_fly,5,2024-05-24,2024-05-30,0.267,12551.5,3698.5,-733.3,-6.4,244.4,72.9,True,True,Expiry ITM guard,22963.7,22684.0,6
cycle_start,iron_fly,5,2024-05-31,2024-06-03,1.0,15018.2,1231.8,11456.3,185.7,341.5,272.7,True,False,Target %credit,22617.2,23147.2,3
cycle_start,iron_fly,5,2024-06-07,2024-06-13,0.683,13484.2,2765.8,-3499.0,-47.3,283.7,140.8,True,True,Expiry ITM guard,22923.5,23434.7,6
cycle_start,iron_fly,5,2024-06-14,2024-06-20,0.017,11670.8,4579.2,985.9,19.45,227.0,51.4,True,False,Expiry ITM guard,23349.5,23505.7,6
cycle_start,iron_fly,5,2024-06-21,2024-06-27,0.067,11625.2,4624.8,-894.0,-9.3,231.0,58.6,True,True,Expiry ITM guard,23598.8,23841.5,6
cycle_start,iron_fly,5,2024-06-28,2024-07-04,0.15,12233.0,4017.0,-837.7,-8.4,235.6,56.1,True,True,Expiry ITM guard,24117.0,24345.5,6
cycle_start,iron_fly,5,2024-07-05,2024-07-11,0.05,11644.8,4605.2,1351.5,25.0,223.7,49.8,True,False,Expiry ITM guard,24204.7,24360.8,6
cycle_start,iron_fly,5,2024-07-12,2024-07-18,0.017,11079.2,5170.8,-453.2,-2.85,221.6,46.4,True,True,Expiry ITM guard,24384.0,24567.8,6
cycle_start,iron_fly,5,2024-07-19,2024-07-25,0.517,13458.2,2791.8,-2952.5,-38.95,282.3,138.4,True,True,Expiry ITM guard,24746.0,24235.8,6
cycle_start,iron_fly,5,2024-07-26,2024-08-01,0.083,11758.5,4491.5,-4352.8,-61.0,265.9,121.9,True,True,Expiry ITM guard,24477.5,25054.0,6
cycle_start,iron_fly,5,2024-08-02,2024-08-08,0.133,12038.0,4212.0,-4829.7,-68.4,276.5,107.2,True,True,Expiry ITM guard,24833.5,24221.8,6
cycle_start,iron_fly,5,2024-08-09,2024-08-22,0.267,12515.8,3734.2,-3740.6,-52.25,258.9,85.4,True,True,Expiry ITM guard,24361.0,24826.0,13
cycle_start,iron_fly,5,2024-08-23,2024-08-29,0.033,11511.5,4738.5,-116.4,2.5,225.6,53.3,True,True,Expiry ITM guard,24834.5,25029.0,6
cycle_start,iron_fly,5,2024-08-30,2024-09-05,0.033,11651.2,4598.8,4732.4,76.85,219.9,43.0,True,False,Expiry ITM guard,25237.9,25242.0,6
cycle_start,iron_fly,5,2024-09-06,2024-09-12,0.05,11622.0,4628.0,3344.1,55.55,221.3,45.4,True,False,Expiry ITM guard,25101.2,25016.3,6
cycle_start,iron_fly,5,2024-09-13,2024-09-19,0.1,11560.2,4689.8,-469.4,-2.85,229.3,54.8,True,True,Expiry ITM guard,25325.8,25549.7,6
cycle_start,iron_fly,5,2024-09-20,2024-09-26,0.133,12116.0,4134.0,-3231.9,-44.15,267.0,95.1,True,True,Expiry ITM guard,25492.1,26030.0,6
cycle_start,iron_fly,5,2024-09-27,2024-10-03,0.083,11823.5,4426.5,-4404.5,-61.5,287.0,120.0,True,True,Expiry ITM guard,26231.5,25530.5,6
cycle_start,iron_fly,5,2024-10-04,2024-10-10,0.583,12996.8,3253.2,2844.6,48.5,239.8,68.1,True,False,Expiry ITM guard,25140.4,25055.3,6
cycle_start,iron_fly,5,2024-10-11,2024-10-17,0.35,12275.2,3974.8,4992.5,81.0,227.8,44.7,True,False,Expiry ITM guard,24967.6,24956.8,6
cycle_start,iron_fly,5,2024-10-18,2024-10-24,0.417,12460.5,3789.5,1994.7,35.15,234.9,55.2,True,False,Expiry ITM guard,24579.8,24437.7,6
cycle_start,iron_fly,5,2024-10-25,2024-10-31,0.267,11956.8,4293.2,2865.3,48.3,228.0,46.2,True,False,Expiry ITM guard,24393.2,24309.0,6
cycle_start,iron_fly,5,2024-11-04,2024-11-07,0.883,13390.0,2860.0,-1708.6,-20.8,254.7,101.8,True,True,Expiry ITM guard,24084.8,24454.5,3
cycle_start,iron_fly,5,2024-11-08,2024-11-14,0.483,12639.3,3610.7,-3572.5,-49.35,266.7,98.1,True,True,Expiry ITM guard,24091.5,23606.0,6
cycle_start,iron_fly,5,2024-11-18,2024-11-21,0.617,11768.2,4481.8,-7.2,4.3,230.9,55.9,True,True,Expiry ITM guard,23500.1,23372.0,3
cycle_start,iron_fly,5,2024-11-22,2024-11-28,0.483,12509.2,3740.8,-4175.7,-57.55,297.7,137.3,True,True,Expiry ITM guard,23499.5,24277.5,6
cycle_start,iron_fly,5,2024-11-29,2024-12-05,0.45,12922.0,3328.0,-2718.5,-35.65,274.5,126.8,True,True,Expiry ITM guard,23964.6,24496.8,6
cycle_start,iron_fly,5,2024-12-06,2024-12-12,0.617,13604.5,2645.5,7151.4,115.05,245.8,81.0,True,False,Target %credit,24711.8,24650.7,6
cycle_start,iron_fly,5,2024-12-13,2024-12-19,0.2,12753.0,3497.0,-3819.7,-53.25,263.8,94.7,True,True,Expiry ITM guard,24419.7,23919.5,6
cycle_start,iron_fly,5,2024-12-20,2024-12-26,0.45,12996.8,3253.2,5427.6,88.15,238.1,64.1,True,False,Expiry ITM guard,23904.2,23835.4,6
cycle_start,iron_fly,5,2024-12-27,2025-01-02,0.267,12805.0,3445.0,1557.2,28.55,238.5,60.1,True,False,Expiry ITM guard,23840.0,23788.8,6
cycle_start,iron_fly,5,2025-01-03,2025-01-09,0.183,12863.5,3386.5,-2488.5,-32.55,270.5,102.2,True,True,Expiry ITM guard,24155.8,23618.2,6
cycle_start,iron_fly,5,2025-01-10,2025-01-16,0.133,12831.0,3419.0,-918.3,-9.6,236.0,58.3,True,True,Expiry ITM guard,23565.7,23335.8,6
cycle_start,iron_fly,5,2025-01-17,2025-01-23,0.25,12606.8,3643.2,4874.0,79.3,231.3,49.2,True,False,Expiry ITM guard,23186.5,23109.8,6
cycle_start,iron_fly,5,2025-01-24,2025-01-30,0.267,12905.8,3344.2,1043.3,20.9,245.8,69.4,True,False,Expiry ITM guard,23281.2,23159.9,6
cycle_start,iron_fly,5,2025-01-31,2025-02-06,0.883,14244.7,2005.3,-2175.8,-26.55,288.1,162.0,True,True,Expiry ITM guard,23316.3,23727.4,6
cycle_start,iron_fly,5,2025-02-07,2025-02-13,0.3,12977.2,3272.8,-3144.3,-42.55,270.3,108.2,True,True,Expiry ITM guard,23578.5,23080.5,6
cycle_start,iron_fly,5,2025-02-14,2025-02-20,0.1,12636.0,3614.0,-203.9,1.5,239.3,62.1,True,True,Expiry ITM guard,23087.7,22857.1,6
cycle_start,iron_fly,5,2025-02-21,2025-02-27,0.05,12356.5,3893.5,-3632.9,-51.3,237.1,61.2,True,True,Expiry ITM guard,22907.7,22579.5,6
cycle_start,iron_fly,5,2025-02-28,2025-03-06,0.05,12421.5,3828.5,3286.1,54.9,225.8,56.6,True,False,Expiry ITM guard,22319.8,22432.8,6
cycle_start,iron_fly,5,2025-03-07,2025-03-13,0.1,12031.5,4218.5,6080.8,97.6,223.9,39.3,True,False,Target %credit,22515.8,22484.7,6
cycle_start,iron_fly,5,2025-03-17,2025-03-20,0.233,11388.0,4862.0,-5114.2,-73.1,253.2,109.5,True,True,Expiry ITM guard,22515.7,23022.0,3
cycle_start,iron_fly,5,2025-03-21,2025-03-27,0.017,11635.0,4615.0,-3435.7,-47.85,240.8,84.7,True,True,Expiry ITM guard,23162.8,23506.8,6
cycle_start,iron_fly,5,2025-03-28,2025-04-03,0.033,12028.2,4221.8,-3640.9,-51.25,242.1,67.6,True,True,Expiry ITM guard,23565.7,23219.7,6
cycle_start,iron_fly,5,2025-04-04,2025-04-17,0.167,12051.0,4199.0,-2919.7,-40.35,236.6,60.3,True,True,Expiry ITM guard,23035.0,23358.2,13
cycle_start,iron_fly,5,2025-04-21,2025-04-24,0.517,12080.3,4169.7,-4328.5,-61.75,244.2,70.5,True,True,Expiry ITM guard,23968.3,24272.0,3
cycle_start,iron_fly,5,2025-04-25,2025-04-29,0.283,12142.0,4108.0,5863.8,94.5,230.7,48.0,True,False,Target %credit,24303.6,24340.2,4
cycle_start,iron_fly,5,2025-05-09,2025-05-15,0.833,13065.0,3185.0,-3186.5,-42.35,285.9,147.8,True,True,Expiry ITM guard,24090.0,24622.7,6
cycle_start,iron_fly,5,2025-05-16,2025-05-22,0.367,12564.5,3685.5,-2445.3,-32.2,259.3,93.0,True,True,Expiry ITM guard,25001.7,24643.0,6
cycle_start,iron_fly,5,2025-05-23,2025-05-29,0.3,12736.8,3513.2,2166.5,38.1,239.2,70.8,True,False,Expiry ITM guard,24719.2,24848.0,6
cycle_start,iron_fly,5,2025-05-30,2025-06-05,0.35,13123.5,3126.5,-741.4,-6.45,245.7,76.4,True,True,Expiry ITM guard,24857.8,24627.3,6
cycle_start,iron_fly,5,2025-06-06,2025-06-12,0.1,12395.5,3854.5,-3607.0,-50.35,253.1,81.2,True,True,Expiry ITM guard,24747.6,25164.0,6
cycle_start,iron_fly,5,2025-06-13,2025-06-19,0.317,12964.2,3285.8,4608.6,75.7,238.6,73.3,True,False,Expiry ITM guard,24628.5,24756.2,6
cycle_start,iron_fly,5,2025-06-20,2025-06-26,0.05,12184.2,4065.8,-4030.9,-56.8,255.0,83.9,True,True,Expiry ITM guard,24840.4,25283.7,6
cycle_start,iron_fly,5,2025-06-27,2025-07-03,0.017,12171.2,4078.8,4540.9,74.05,227.6,44.7,True,False,Expiry ITM guard,25587.4,25521.0,6
cycle_start,iron_fly,5,2025-07-04,2025-07-10,0.017,11885.3,4364.7,4562.2,74.25,223.9,40.1,True,False,Expiry ITM guard,25414.6,25470.2,6
cycle_start,iron_fly,5,2025-07-11,2025-07-17,0.017,11076.0,5174.0,4069.2,66.6,218.6,41.2,True,False,Expiry ITM guard,25300.1,25217.6,6
cycle_start,iron_fly,5,2025-07-18,2025-07-24,0.033,11111.8,5138.2,3054.0,51.0,219.0,42.0,True,False,Expiry ITM guard,25081.1,25203.5,6
cycle_start,iron_fly,5,2025-07-25,2025-07-31,0.033,10773.8,5476.2,-3380.1,-47.45,230.2,65.6,True,True,Expiry ITM guard,24932.8,24680.3,6
cycle_start,iron_fly,5,2025-08-01,2025-08-07,0.117,11804.0,4446.0,405.3,10.5,228.7,48.5,True,False,Expiry ITM guard,24712.7,24519.5,6
cycle_start,iron_fly,5,2025-08-08,2025-08-14,0.067,11368.5,4881.5,3232.6,53.75,220.7,40.4,True,False,Expiry ITM guard,24561.0,24642.2,6
cycle_start,iron_fly,5,2025-08-18,2025-08-21,0.433,11427.0,4823.0,2056.5,35.7,221.8,42.3,True,False,Expiry ITM guard,24942.2,25074.4,3
cycle_start,iron_fly,5,2025-08-22,2025-08-28,0.017,10790.0,5460.0,-5455.2,-78.85,241.8,88.2,True,True,Expiry ITM guard,24996.9,24577.2,6
cycle_start,iron_fly,5,2025-08-29,2025-09-02,0.133,10390.2,5859.8,1591.9,28.35,214.8,36.1,True,False,Expiry ITM guard,24552.8,24662.9,4
cycle_start,iron_fly,5,2025-09-03,2025-09-09,0.083,11154.0,5096.0,-3994.1,-56.85,231.4,67.5,True,True,Expiry ITM guard,24558.2,24854.2,6
cycle_start,iron_fly,5,2025-09-10,2025-09-16,0.067,10816.0,5434.0,404.0,10.25,218.8,43.4,True,False,Expiry ITM guard,24966.1,25106.8,6
cycle_start,iron_fly,5,2025-09-17,2025-09-23,0.083,10630.8,5619.2,4282.0,69.75,215.4,36.4,True,False,Expiry ITM guard,25320.4,25228.0,6
cycle_start,iron_fly,5,2025-09-24,2025-09-30,0.133,10708.8,5541.2,-5237.4,-75.75,236.2,77.5,True,True,Expiry ITM guard,25084.0,24713.7,6
cycle_start,iron_fly,5,2025-10-01,2025-10-07,0.283,10894.0,5356.0,-5585.6,-80.75,244.2,92.6,True,True,Expiry ITM guard,24638.0,25084.9,6
cycle_start,iron_fly,5,2025-10-08,2025-10-14,0.117,10507.2,5742.8,-145.1,1.8,218.6,43.5,True,True,Expiry ITM guard,25174.7,25293.3,6
cycle_start,iron_fly,5,2025-10-15,2025-10-21,0.417,10913.5,5336.5,-1481.6,-16.25,274.9,150.5,True,True,Expiry ITM guard,25242.5,25903.2,6
cycle_start,iron_fly,5,2025-10-23,2025-10-28,0.517,11258.0,4992.0,2798.0,47.1,221.3,42.1,True,False,Expiry ITM guard,26028.5,25968.1,5
cycle_start,iron_fly,5,2025-10-29,2025-11-04,0.633,12080.3,4169.7,-927.3,-9.8,234.2,56.1,True,True,Expiry ITM guard,25988.5,25755.4,6
cycle_start,iron_fly,5,2025-11-06,2025-11-11,0.567,11365.3,4884.7,2981.3,49.9,220.5,41.7,True,False,Expiry ITM guard,25659.8,25546.0,5
cycle_start,iron_fly,5,2025-11-12,2025-11-18,0.633,11869.0,4381.0,3480.8,57.7,224.5,45.2,True,False,Expiry ITM guard,25839.5,25947.3,6
cycle_start,iron_fly,5,2025-11-19,2025-11-25,0.683,11875.5,4374.5,4399.0,71.75,224.2,40.6,True,False,Expiry ITM guard,25900.7,25965.0,6
cycle_start,iron_fly,5,2025-11-26,2025-12-02,0.517,11592.8,4657.2,-413.5,-2.15,225.5,48.2,True,True,Expiry ITM guard,25969.3,26141.5,6
cycle_start,iron_fly,5,2025-12-03,2025-12-09,0.4,11410.8,4839.2,464.0,11.3,223.6,46.8,True,False,Expiry ITM guard,26007.8,25821.0,6
cycle_start,iron_fly,5,2025-12-10,2025-12-16,0.433,11433.5,4816.5,3450.9,57.1,220.6,40.0,True,False,Expiry ITM guard,25855.7,25943.3,6
cycle_start,iron_fly,5,2025-12-17,2025-12-23,0.25,11293.8,4956.2,-2866.9,-39.7,227.0,59.3,True,True,Expiry ITM guard,25919.7,26166.7,6
cycle_start,iron_fly,5,2025-12-24,2025-12-30,0.017,10266.8,5983.2,-5059.5,-73.5,224.3,57.7,True,True,Expiry ITM guard,26206.0,25908.0,6
cycle_start,iron_fly,5,2025-12-31,2026-01-06,0.05,10653.5,5596.5,-1873.2,-24.75,219.3,45.1,True,True,Expiry ITM guard,26003.9,26195.8,6
cycle_start,iron_fly,5,2026-01-07,2026-01-13,0.067,10393.5,5856.5,-4408.0,-63.3,228.3,65.2,True,True,Expiry ITM guard,26154.6,25845.8,6
cycle_start,iron_fly,5,2026-01-14,2026-01-20,0.5,11264.5,4985.5,1152.8,21.9,223.7,47.1,True,False,Expiry ITM guard,25704.6,25558.2,6
cycle_start,iron_fly,5,2026-01-21,2026-01-27,0.717,12135.5,4114.5,594.7,13.8,236.9,65.5,True,False,Expiry ITM guard,25222.7,25010.0,6
cycle_start,iron_fly,5,2026-01-28,2026-02-03,0.983,13435.5,2814.5,-1472.4,-16.25,279.3,136.9,True,True,Expiry ITM guard,25357.9,25809.8,6
cycle_start,iron_fly,5,2026-02-04,2026-02-10,0.75,12301.2,3948.8,1270.5,24.0,234.4,55.1,True,False,Expiry ITM guard,25754.2,25918.0,6
cycle_start,iron_fly,5,2026-02-11,2026-02-17,0.267,10871.2,5378.8,-5272.6,-76.1,240.5,85.6,True,True,Expiry ITM guard,25980.7,25612.5,6
cycle_start,iron_fly,5,2026-02-18,2026-02-24,0.433,11170.3,5079.7,1462.0,26.6,224.4,42.6,True,False,Expiry ITM guard,25704.5,25571.2,6
cycle_start,iron_fly,5,2026-02-25,2026-03-10,0.633,11693.5,4556.5,-5145.7,-70.1,366.0,223.3,True,True,Expiry ITM guard,25568.5,24150.7,13
cycle_start,iron_fly,5,2026-03-11,2026-03-17,0.833,13360.8,2889.2,-3412.7,-44.45,322.6,200.8,True,True,Expiry ITM guard,24243.6,23395.5,6
cycle_start,iron_fly,5,2026-03-18,2026-03-24,0.7,12847.2,3402.8,-3929.2,-52.35,323.7,202.7,True,True,Expiry ITM guard,23676.2,22785.2,6
cycle_start,iron_fly,5,2026-03-25,2026-04-01,0.85,13893.8,2356.2,6693.7,110.35,308.1,170.9,True,False,Target %credit,23189.7,22667.8,7
cycle_start,iron_fly,5,2026-04-08,2026-04-13,0.633,13321.8,2928.2,6353.5,103.0,261.2,80.3,True,False,Target %credit,23863.3,23833.5,5
cycle_start,iron_fly,5,2026-04-22,2026-04-28,0.467,13360.8,2889.2,-2255.8,-28.65,281.4,112.1,True,True,Expiry ITM guard,24463.4,24093.8,6
cycle_start,iron_fly,5,2026-04-29,2026-05-05,0.283,12801.8,3448.2,3817.0,63.4,249.3,54.7,True,False,Expiry ITM guard,24079.7,24064.2,6
cycle_start,iron_fly,5,2026-05-06,2026-05-12,0.3,12821.2,3428.8,-3262.8,-44.3,283.6,99.7,True,True,Expiry ITM guard,24185.2,23737.8,6
cycle_start,iron_fly,5,2026-05-13,2026-05-19,0.467,13149.5,3100.5,-784.8,-6.35,272.1,100.0,True,True,Expiry ITM guard,23437.9,23734.8,6
cycle_start,iron_fly,5,2026-05-20,2026-05-26,0.417,13308.8,2941.2,-2862.3,-37.1,308.1,142.7,True,True,Expiry ITM guard,23458.7,24012.5,6
cycle_start,iron_fly,5,2026-05-27,2026-06-02,0.067,12493.0,3757.0,-3920.6,-53.8,306.7,116.9,True,True,Expiry ITM guard,23933.7,23286.5,6
cycle_start,iron_fly,5,2026-06-03,2026-06-09,0.2,13052.0,3198.0,5102.6,83.3,250.2,61.7,True,False,Expiry ITM guard,23305.8,23235.2,6
cycle_start,iron_fly,5,2026-06-10,2026-06-16,0.15,12827.8,3422.2,-3932.4,-54.2,299.5,109.9,True,True,Expiry ITM guard,23326.8,23933.0,6
cycle_start,iron_fly,5,2026-06-17,2026-06-23,0.017,12278.5,3971.5,5465.9,88.4,237.4,42.7,True,False,Expiry ITM guard,23987.6,24076.3,6
cycle_start,iron_fly,5,2026-06-24,2026-06-30,0.05,12073.8,4176.2,3136.5,52.6,237.8,44.7,True,False,Expiry ITM guard,23863.2,23941.3,6
cycle_start,iron_fly,5,2026-07-01,2026-07-07,0.15,12600.3,3649.7,-4173.3,-58.2,289.8,100.5,True,True,Expiry ITM guard,23912.4,24460.2,6
cycle_start,iron_condor,5,2021-07-02,2021-07-08,,3909.8,12340.2,-1554.8,-20.45,198.9,26.6,True,True,Expiry ITM guard,15666.5,15870.9,6
cycle_start,iron_condor,5,2021-07-09,2021-07-12,,4842.5,11407.5,2221.4,37.6,200.4,22.1,False,False,Target %credit,15646.8,15684.7,3
cycle_start,iron_condor,5,2021-07-16,2021-07-22,,3103.8,13146.2,-1497.6,-19.65,197.5,22.9,True,True,Expiry ITM guard,15940.5,15752.3,6
cycle_start,iron_condor,5,2021-07-23,2021-07-27,,3077.8,13172.2,1334.6,23.8,195.8,16.6,False,False,Target %credit,15863.6,15867.5,4
cycle_start,iron_condor,5,2021-07-30,2021-08-05,0.143,3428.8,12821.2,-12161.4,-182.65,214.7,74.5,True,True,Expiry ITM guard,15785.7,16267.3,6
cycle_start,iron_condor,5,2021-08-06,2021-08-10,0.308,4257.5,11992.5,2164.6,36.75,199.3,24.9,False,False,Target %credit,16320.6,16292.8,4
cycle_start,iron_condor,5,2021-08-13,2021-08-17,0.097,3116.8,13133.2,1394.9,24.75,196.2,17.6,False,False,Target %credit,16425.4,16516.7,4
cycle_start,iron_condor,5,2021-08-27,2021-09-02,0.15,4052.8,12197.2,-11253.8,-168.75,214.9,70.2,True,True,Expiry ITM guard,16628.4,17111.6,6
cycle_start,iron_condor,5,2021-09-03,2021-09-07,0.311,5070.0,11180.0,2321.5,39.1,201.6,18.3,False,False,Target %credit,17291.0,17349.9,4
cycle_start,iron_condor,5,2021-09-13,2021-09-14,0.62,3903.3,12346.8,1734.3,30.05,197.8,21.2,False,False,Target %credit,17337.1,17392.9,1
cycle_start,iron_condor,5,2021-09-17,2021-09-23,0.167,5050.5,11199.5,3687.1,60.1,200.1,19.3,False,False,Target %credit,17737.7,17657.7,6
cycle_start,iron_condor,5,2021-09-24,2021-09-29,0.576,6487.0,9763.0,3149.2,52.0,206.0,24.9,False,False,Target %credit,17914.7,17764.1,5
cycle_start,iron_condor,5,2021-10-01,2021-10-06,0.767,7865.0,8385.0,3787.3,62.0,210.8,31.9,True,False,Target %credit,17502.6,17652.5,5
cycle_start,iron_condor,5,2021-10-08,2021-10-14,0.4,6236.8,10013.2,-8357.3,-124.55,216.6,44.9,True,True,Expiry ITM guard,17872.8,18283.6,6
cycle_start,iron_condor,5,2021-10-18,2021-10-21,0.533,5021.2,11228.8,1062.4,19.75,200.8,20.5,True,False,Expiry ITM guard,18484.6,18335.4,3
cycle_start,iron_condor,5,2021-10-22,2021-10-27,0.4,6977.8,9272.2,3302.5,54.45,208.2,28.5,False,False,Target %credit,18248.2,18297.3,5
cycle_start,iron_condor,5,2021-10-29,2021-11-03,0.95,9353.5,6896.5,5487.9,88.3,218.3,33.3,True,False,Target %credit,17669.8,17835.3,5
cycle_start,iron_condor,5,2021-11-12,2021-11-17,0.167,6194.5,10055.5,3128.1,51.6,204.1,21.8,False,False,Target %credit,17953.9,17930.2,5
cycle_start,iron_condor,5,2021-11-22,2021-11-24,0.65,6760.0,9490.0,3183.6,52.55,206.5,25.6,False,False,Target %credit,17632.7,17553.0,2
cycle_start,iron_condor,5,2021-11-26,2021-12-01,0.367,7393.8,8856.2,3521.9,57.95,211.2,33.7,False,False,Target %credit,17295.3,17211.4,5
cycle_start,iron_condor,5,2021-12-03,2021-12-08,0.317,7400.3,8849.8,3492.9,57.45,210.0,31.4,False,False,Target %credit,17458.2,17354.0,5
cycle_start,iron_condor,5,2021-12-10,2021-12-16,0.183,7101.2,9148.8,3491.0,57.3,207.1,26.4,True,False,Target %credit,17523.2,17344.4,6
cycle_start,iron_condor,5,2021-12-17,2021-12-23,0.15,7007.0,9243.0,3591.7,58.85,207.1,26.4,True,False,Target %credit,17182.7,17037.5,6
cycle_start,iron_condor,5,2021-12-24,2021-12-29,0.183,6669.0,9581.0,3254.4,53.65,206.7,26.1,False,False,Target %credit,17102.7,17205.2,5
cycle_start,iron_condor,5,2021-12-31,2022-01-06,0.05,6548.8,9701.2,-8851.6,-131.85,223.6,57.8,True,True,Expiry ITM guard,17298.1,17748.3,6
cycle_start,iron_condor,5,2022-01-07,2022-01-13,0.15,7166.2,9083.8,-6073.0,-89.35,218.2,47.0,True,True,Expiry ITM guard,17841.9,18238.8,6
cycle_start,iron_condor,5,2022-01-14,2022-01-20,0.033,6555.3,9694.8,-2100.1,-28.6,209.6,31.5,True,True,Expiry ITM guard,18181.0,17913.9,6
cycle_start,iron_condor,5,2022-01-21,2022-01-27,0.4,8235.5,8014.5,-7199.6,-105.85,245.8,73.6,True,True,Expiry ITM guard,17549.9,16979.9,6
cycle_start,iron_condor,5,2022-01-28,2022-02-03,0.917,10708.8,5541.2,-5016.7,-72.1,253.1,77.1,True,True,Expiry ITM guard,17239.3,17751.3,6
cycle_start,iron_condor,5,2022-02-04,2022-02-09,0.383,8066.5,8183.5,4358.5,70.8,213.1,30.4,False,False,Target %credit,17551.2,17434.7,5
cycle_start,iron_condor,5,2022-02-11,2022-02-16,0.133,7475.0,8775.0,3614.5,59.4,211.8,34.8,False,False,Target %credit,17404.6,17335.2,5
cycle_start,iron_condor,5,2022-02-18,2022-02-23,0.717,9603.8,6646.2,4600.9,75.0,226.8,47.3,False,False,Target %credit,17278.5,17216.0,5
cycle_start,iron_condor,5,2022-02-25,2022-03-03,0.883,10107.5,6142.5,5713.9,92.3,231.3,54.3,False,False,Target %credit,16587.9,16723.9,6
cycle_start,iron_condor,5,2022-03-04,2022-03-10,0.85,11150.8,5099.2,-1542.3,-18.65,250.9,79.2,True,True,Expiry ITM guard,16259.1,16679.8,6
cycle_start,iron_condor,5,2022-03-11,2022-03-17,0.633,10302.5,5947.5,-5841.9,-84.25,268.4,97.3,True,True,Expiry ITM guard,16574.3,17218.9,6
cycle_start,iron_condor,5,2022-03-21,2022-03-23,0.667,8940.8,7309.2,4288.0,69.9,218.2,37.4,False,False,Target %credit,17304.0,17258.8,2
cycle_start,iron_condor,5,2022-03-25,2022-03-31,0.333,9392.5,6857.5,-2073.1,-27.75,225.2,44.1,True,True,Expiry ITM guard,17202.1,17535.3,6
cycle_start,iron_condor,5,2022-04-01,2022-04-07,0.15,8066.5,8183.5,1122.2,21.05,213.5,32.5,True,False,Expiry ITM guard,17482.1,17735.9,6
cycle_start,iron_condor,5,2022-04-08,2022-04-12,0.117,7410.0,8840.0,3591.2,58.95,209.7,30.8,False,False,Target %credit,17672.4,17564.2,4
cycle_start,iron_condor,5,2022-04-22,2022-04-27,0.033,7510.7,8739.2,4089.4,66.65,210.5,32.4,False,False,Target %credit,17215.8,17080.2,5
cycle_start,iron_condor,5,2022-04-29,2022-05-05,0.017,7127.2,9122.8,-8458.5,-125.4,232.8,74.7,True,True,Expiry ITM guard,17341.8,16824.1,6
cycle_start,iron_condor,5,2022-05-06,2022-05-12,0.367,9025.3,7224.7,-4220.7,-60.45,233.3,58.1,True,True,Expiry ITM guard,16403.1,15959.6,6
cycle_start,iron_condor,5,2022-05-13,2022-05-19,0.383,9168.2,7081.8,6515.7,104.05,216.6,30.9,False,False,Target %credit,15966.7,15923.9,6
cycle_start,iron_condor,5,2022-05-20,2022-05-25,0.267,9152.0,7098.0,4479.5,72.9,219.5,39.5,False,False,Target %credit,16123.0,16107.3,5
cycle_start,iron_condor,5,2022-05-27,2022-06-02,0.283,8791.2,7458.8,5001.9,80.75,214.5,32.4,True,False,Target %credit,16315.4,16459.8,6
cycle_start,iron_condor,5,2022-06-03,2022-06-09,0.1,8034.0,8216.0,-7617.3,-112.45,234.3,73.7,True,True,Expiry ITM guard,16781.3,16286.2,6
cycle_start,iron_condor,5,2022-06-10,2022-06-16,0.083,7676.5,8573.5,-6777.7,-99.85,226.1,61.4,True,True,Expiry ITM guard,16309.8,15844.8,6
cycle_start,iron_condor,5,2022-06-17,2022-06-23,0.567,9574.5,6675.5,2861.9,48.05,222.3,39.0,True,False,Expiry ITM guard,15259.7,15468.9,6
cycle_start,iron_condor,5,2022-06-24,2022-06-29,0.25,8407.8,7842.2,4280.1,69.7,214.1,36.4,False,False,Target %credit,15713.8,15698.2,5
cycle_start,iron_condor,5,2022-07-01,2022-07-07,0.217,8456.5,7793.5,-5259.8,-76.55,227.0,57.0,True,True,Expiry ITM guard,15712.5,16113.0,6
cycle_start,iron_condor,5,2022-07-08,2022-07-13,0.05,7332.0,8918.0,3466.2,56.95,207.9,27.6,False,False,Target %credit,16210.3,16118.2,5
cycle_start,iron_condor,5,2022-07-15,2022-07-21,0.017,6503.2,9746.8,-9294.8,-138.55,226.2,62.8,True,True,Expiry ITM guard,16006.9,16513.8,6
cycle_start,iron_condor,5,2022-07-22,2022-07-27,0.017,6194.5,10055.5,2916.0,48.35,204.4,22.3,False,False,Target %credit,16695.7,16616.8,5
cycle_start,iron_condor,5,2022-07-29,2022-08-04,0.033,6665.8,9584.2,-5895.2,-86.75,215.0,41.5,True,True,Expiry ITM guard,17111.5,17465.1,6
cycle_start,iron_condor,5,2022-08-05,2022-08-10,0.167,7917.0,8333.0,3735.6,61.25,211.9,33.7,False,False,Target %credit,17439.3,17499.5,5
cycle_start,iron_condor,5,2022-08-12,2022-08-18,0.017,5892.2,10357.8,-4574.3,-66.7,208.6,30.3,True,True,Expiry ITM guard,17620.4,17914.2,6
cycle_start,iron_condor,5,2022-08-19,2022-08-25,0.017,5924.8,10325.2,-2453.1,-34.15,206.7,26.7,True,True,Expiry ITM guard,17973.7,17672.4,6
cycle_start,iron_condor,5,2022-08-26,2022-09-01,0.083,6743.8,9506.2,3591.6,58.8,205.9,24.5,False,False,Target %credit,17672.8,17552.8,6
cycle_start,iron_condor,5,2022-09-02,2022-09-07,0.267,8105.5,8144.5,3812.0,62.45,212.6,34.7,False,False,Target %credit,17601.9,17582.7,5
cycle_start,iron_condor,5,2022-09-09,2022-09-15,0.05,6825.0,9425.0,1591.3,28.05,206.5,25.4,True,False,Expiry ITM guard,17891.2,18083.8,6
cycle_start,iron_condor,5,2022-09-16,2022-09-22,0.2,7956.0,8294.0,4216.4,68.6,210.6,32.0,False,False,Target %credit,17767.6,17659.8,6
cycle_start,iron_condor,5,2022-09-23,2022-09-29,0.383,8433.8,7816.2,-7491.5,-110.35,238.4,80.3,True,True,Expiry ITM guard,17562.9,17006.7,6
cycle_start,iron_condor,5,2022-09-30,2022-10-06,0.617,9119.5,7130.5,-6885.2,-100.75,246.8,89.6,True,True,Expiry ITM guard,16779.1,17374.7,6
cycle_start,iron_condor,5,2022-10-07,2022-10-13,0.183,7458.8,8791.2,1607.4,28.45,210.2,31.7,True,False,Expiry ITM guard,17290.2,17088.3,6
cycle_start,iron_condor,5,2022-10-14,2022-10-20,0.167,7634.2,8615.8,5103.2,82.1,207.3,26.0,True,False,Target %credit,17281.0,17453.3,6
cycle_start,iron_condor,5,2022-10-21,2022-10-25,0.033,5645.2,10604.8,2616.5,43.75,202.3,25.0,False,False,Target %credit,17642.9,17694.8,4
cycle_start,iron_condor,5,2022-10-28,2022-11-03,0.083,6623.5,9626.5,344.1,8.85,206.2,25.0,True,False,Expiry ITM guard,17802.1,18021.8,6
cycle_start,iron_condor,5,2022-11-04,2022-11-09,0.067,6500.0,9750.0,3416.3,56.0,203.5,20.2,False,False,Target %credit,18056.8,18144.8,5
cycle_start,iron_condor,5,2022-11-11,2022-11-15,0.017,5690.8,10559.2,2627.9,43.9,201.9,23.7,False,False,Target %credit,18307.7,18295.8,4
cycle_start,iron_condor,5,2022-11-18,2022-11-22,0.033,5310.5,10939.5,2577.7,43.1,200.6,23.1,False,False,Target %credit,18346.8,18234.8,4
cycle_start,iron_condor,5,2022-11-25,2022-12-01,0.017,4738.5,11511.5,-9928.1,-148.85,212.0,40.9,True,True,Expiry ITM guard,18458.8,18867.0,6
cycle_start,iron_condor,5,2022-12-02,2022-12-07,0.033,5339.8,10910.2,2560.8,42.85,201.0,23.4,False,False,Target %credit,18737.9,18661.7,5
cycle_start,iron_condor,5,2022-12-09,2022-12-14,0.017,4423.2,11826.8,2374.0,39.9,198.1,21.5,False,False,Target %credit,18641.1,18654.3,5
cycle_start,iron_condor,5,2022-12-16,2022-12-20,0.067,4982.2,11267.8,2321.2,39.15,201.1,22.5,False,False,Target %credit,18397.2,18336.9,4
cycle_start,iron_condor,5,2022-12-23,2022-12-28,0.55,7033.0,9217.0,3377.5,55.6,208.1,28.3,False,False,Target %credit,17975.6,18089.8,5
cycle_start,iron_condor,5,2022-12-30,2023-01-03,0.15,5421.0,10829.0,2494.7,41.75,201.5,17.6,False,False,Target %credit,18237.4,18234.9,4
cycle_start,iron_condor,5,2023-01-06,2023-01-11,0.2,5586.8,10663.2,2646.9,44.1,201.7,17.9,False,False,Target %credit,18003.0,17895.8,5
cycle_start,iron_condor,5,2023-01-13,2023-01-19,0.55,6685.2,9564.8,-3929.5,-56.7,210.7,33.3,True,True,Expiry ITM guard,17797.2,18117.1,6
cycle_start,iron_condor,5,2023-01-20,2023-01-23,0.117,4579.2,11670.8,2078.7,35.4,198.8,23.5,False,False,Target %credit,18109.9,18099.8,3
cycle_start,iron_condor,5,2023-02-03,2023-02-09,0.567,7036.3,9213.8,2197.7,37.4,207.0,26.3,True,False,Expiry ITM guard,17672.7,17843.4,6
cycle_start,iron_condor,5,2023-02-10,2023-02-15,0.05,4712.5,11537.5,2507.7,42.0,198.9,23.4,False,False,Target %credit,17847.7,17890.8,5
cycle_start,iron_condor,5,2023-02-17,2023-02-23,0.05,4374.5,11875.5,-9100.0,-135.8,210.7,62.3,True,True,Expiry ITM guard,17964.1,17550.8,6
cycle_start,iron_condor,5,2023-02-24,2023-03-01,0.117,5161.0,11089.0,2588.6,43.2,200.1,19.3,False,False,Target %credit,17585.8,17465.6,5
cycle_start,iron_condor,5,2023-03-03,2023-03-09,0.017,3480.8,12769.2,-7256.1,-107.9,202.5,40.0,True,True,Expiry ITM guard,17474.4,17767.8,6
cycle_start,iron_condor,5,2023-03-10,2023-03-16,0.15,5014.7,11235.2,-9840.7,-147.2,220.0,52.8,True,True,Expiry ITM guard,17396.6,16926.7,6
cycle_start,iron_condor,5,2023-03-17,2023-03-21,0.433,6750.3,9499.8,3217.0,53.05,206.2,25.0,False,False,Target %credit,17107.7,17106.9,4
cycle_start,iron_condor,5,2023-03-24,2023-03-27,0.2,5489.2,10760.8,2545.6,42.55,201.9,18.3,False,False,Target %credit,17052.2,16963.4,3
cycle_start,iron_condor,5,2023-04-10,2023-04-13,0.133,3097.2,13152.8,49.9,4.05,195.8,17.6,True,False,Expiry ITM guard,17630.2,17813.2,3
cycle_start,iron_condor,5,2023-04-17,2023-04-18,0.283,3812.2,12437.8,1729.6,29.95,197.2,19.9,False,False,Target %credit,17662.6,17660.7,1
cycle_start,iron_condor,5,2023-04-21,2023-04-26,0.033,3558.8,12691.2,1802.1,31.0,196.0,16.8,False,False,Target %credit,17647.8,17737.4,5
cycle_start,iron_condor,5,2023-04-28,2023-05-04,0.017,3588.0,12662.0,-975.1,-11.6,197.8,23.3,True,True,Expiry ITM guard,17903.6,18099.3,6
cycle_start,iron_condor,5,2023-05-05,2023-05-11,0.033,3536.0,12714.0,-472.4,-3.9,197.3,21.6,True,True,Expiry ITM guard,18166.3,18323.9,6
cycle_start,iron_condor,5,2023-05-12,2023-05-17,0.083,4608.5,11641.5,2234.9,37.7,198.7,16.9,False,False,Target %credit,18223.4,18277.7,5
cycle_start,iron_condor,5,2023-05-19,2023-05-24,0.083,4147.0,12103.0,1959.9,33.5,197.4,20.1,False,False,Target %credit,18145.0,18265.2,5
cycle_start,iron_condor,5,2023-05-26,2023-06-01,0.083,3994.2,12255.8,-1096.3,-13.4,198.9,26.4,True,True,Expiry ITM guard,18336.6,18560.0,6
cycle_start,iron_condor,5,2023-06-02,2023-06-06,0.067,4043.0,12207.0,1908.1,32.7,197.3,20.0,False,False,Target %credit,18559.2,18585.6,4
cycle_start,iron_condor,5,2023-06-09,2023-06-13,0.033,3588.0,12662.0,1647.7,28.65,196.5,18.1,False,False,Target %credit,18665.4,18697.0,4
cycle_start,iron_condor,5,2023-06-16,2023-06-20,0.017,3058.2,13191.8,1332.2,23.75,195.6,16.0,False,False,Target %credit,18745.0,18720.5,4
cycle_start,iron_condor,5,2023-06-23,2023-06-26,0.083,3649.8,12600.2,1646.5,28.65,196.8,18.9,False,False,Target %credit,18684.0,18696.7,3
cycle_start,iron_condor,5,2023-07-07,2023-07-11,0.217,4654.0,11596.0,2588.4,43.25,199.0,23.8,False,False,Target %credit,19474.5,19449.0,4
cycle_start,iron_condor,5,2023-07-14,2023-07-20,0.033,3799.2,12450.8,-8424.4,-125.65,206.4,50.8,True,True,Expiry ITM guard,19464.0,19798.5,6
cycle_start,iron_condor,5,2023-07-21,2023-07-26,0.45,5291.0,10959.0,2482.5,41.65,201.9,22.9,False,False,Target %credit,19876.9,19805.9,5
cycle_start,iron_condor,5,2023-07-28,2023-08-02,0.267,5170.8,11079.2,3206.5,52.7,200.0,19.0,False,False,Target %credit,19617.6,19654.2,5
cycle_start,iron_condor,5,2023-08-04,2023-08-08,0.167,4426.5,11823.5,2030.0,34.65,198.7,23.5,False,False,Target %credit,19481.7,19567.9,4
cycle_start,iron_condor,5,2023-08-11,2023-08-16,0.1,4104.8,12145.2,1949.6,33.35,197.6,20.6,False,False,Target %credit,19485.5,19401.2,5
cycle_start,iron_condor,5,2023-08-18,2023-08-22,0.1,3971.5,12278.5,1788.1,30.85,197.2,19.9,False,False,Target %credit,19315.2,19396.2,4
cycle_start,iron_condor,5,2023-08-25,2023-08-29,0.167,4277.0,11973.0,1920.4,32.95,198.5,22.9,False,False,Target %credit,19314.5,19332.9,4
cycle_start,iron_condor,5,2023-09-01,2023-09-07,0.133,4052.8,12197.2,-3773.3,-54.45,200.9,33.2,True,True,Expiry ITM guard,19291.1,19575.6,6
cycle_start,iron_condor,5,2023-09-08,2023-09-14,0.017,3555.5,12694.5,-9388.0,-140.45,206.7,52.1,True,True,Expiry ITM guard,19766.0,20130.9,6
cycle_start,iron_condor,5,2023-09-15,2023-09-18,0.1,4390.8,11859.2,1979.9,33.8,199.0,18.1,False,False,Target %credit,20168.6,20152.2,3
cycle_start,iron_condor,5,2023-09-22,2023-09-27,0.133,4348.5,11901.5,2050.2,34.95,198.6,23.0,False,False,Target %credit,19785.8,19682.0,5
cycle_start,iron_condor,5,2023-09-29,2023-10-03,0.233,4930.3,11319.8,2269.1,38.3,200.1,20.4,False,False,Target %credit,19571.9,19527.5,4
cycle_start,iron_condor,5,2023-10-06,2023-10-12,0.05,4075.5,12174.5,-2338.9,-32.45,199.9,29.7,True,True,Expiry ITM guard,19611.7,19826.8,6
cycle_start,iron_condor,5,2023-10-13,2023-10-18,0.167,4667.0,11583.0,2350.9,39.6,199.0,24.0,False,False,Target %credit,19720.8,19787.5,5
cycle_start,iron_condor,5,2023-10-20,2023-10-26,0.117,4410.2,11839.8,-11927.5,-178.75,231.3,77.4,True,True,Expiry ITM guard,19583.9,19008.2,6
cycle_start,iron_condor,5,2023-10-27,2023-11-01,0.617,6006.0,10244.0,3283.3,53.95,203.2,20.3,False,False,Target %credit,18977.2,19055.0,5
cycle_start,iron_condor,5,2023-11-03,2023-11-09,0.167,4423.2,11826.8,1472.8,26.05,198.1,22.3,True,False,Expiry ITM guard,19246.2,19413.3,6
cycle_start,iron_condor,5,2023-11-10,2023-11-16,0.033,3679.0,12571.0,-5602.2,-82.55,201.2,35.3,True,True,Expiry ITM guard,19353.7,19635.5,6
cycle_start,iron_condor,5,2023-11-17,2023-11-21,0.1,4517.5,11732.5,2052.2,34.9,198.8,17.5,False,False,Target %credit,19758.6,19762.0,4
cycle_start,iron_condor,5,2023-11-24,2023-11-30,0.033,3630.2,12619.8,-7584.4,-112.9,203.4,42.5,True,True,Expiry ITM guard,19818.2,20115.5,6
cycle_start,iron_condor,5,2023-12-01,2023-12-07,0.5,6448.0,9802.0,-10150.1,-150.8,245.3,102.8,True,True,Expiry ITM guard,20220.0,20865.7,6
cycle_start,iron_condor,5,2023-12-08,2023-12-13,0.233,5564.0,10686.0,2760.1,45.95,202.2,24.4,False,False,Target %credit,20966.2,20887.0,5
cycle_start,iron_condor,5,2023-12-15,2023-12-20,0.183,5564.0,10686.0,2784.6,46.35,202.9,25.3,False,False,Target %credit,21260.8,21259.9,5
cycle_start,iron_condor,5,2023-12-22,2023-12-28,0.383,6646.2,9603.8,-8516.4,-126.55,226.8,63.9,True,True,Expiry ITM guard,21260.6,21721.3,6
cycle_start,iron_condor,5,2023-12-29,2024-01-02,0.633,7926.8,8323.2,3741.6,61.35,212.1,34.0,False,False,Target %credit,21713.2,21640.6,4
cycle_start,iron_condor,5,2024-01-05,2024-01-10,0.133,5658.2,10591.8,3124.4,51.55,201.7,24.6,False,False,Target %credit,21724.0,21588.5,5
cycle_start,iron_condor,5,2024-01-12,2024-01-18,0.233,6045.0,10205.0,-3878.9,-55.9,210.9,34.5,True,True,Expiry ITM guard,21727.5,21447.3,6
cycle_start,iron_condor,5,2024-01-19,2024-01-25,0.517,7530.2,8719.8,989.8,19.1,213.6,38.1,True,False,Expiry ITM guard,21647.3,21411.2,6
cycle_start,iron_condor,5,2024-01-29,2024-02-01,0.917,9236.5,7013.5,903.2,18.1,225.7,47.6,True,False,Expiry ITM guard,21506.7,21718.8,3
cycle_start,iron_condor,5,2024-02-02,2024-02-07,0.517,7816.2,8433.8,3699.8,60.7,211.9,33.8,False,False,Target %credit,21947.8,21917.0,5
cycle_start,iron_condor,5,2024-02-09,2024-02-14,0.633,8622.2,7627.8,4077.3,66.65,215.8,39.2,False,False,Target %credit,21756.6,21635.1,5
cycle_start,iron_condor,5,2024-02-16,2024-02-21,0.367,7923.5,8326.5,3939.7,64.35,210.8,32.3,False,False,Target %credit,21999.3,22071.2,5
cycle_start,iron_condor,5,2024-02-23,2024-02-28,0.317,8105.5,8144.5,3966.7,64.8,211.8,33.4,False,False,Target %credit,22249.2,22224.2,5
cycle_start,iron_condor,5,2024-03-01,2024-03-07,0.317,8420.8,7829.2,-4710.9,-68.2,223.8,54.0,True,True,Expiry ITM guard,22124.4,22501.8,6
cycle_start,iron_condor,5,2024-03-11,2024-03-14,0.35,6240.0,10010.0,-9166.2,-136.2,234.4,78.8,True,True,Expiry ITM guard,22480.4,21930.0,3
cycle_start,iron_condor,5,2024-03-15,2024-03-21,0.117,7887.8,8362.2,5604.7,89.85,208.3,27.2,False,False,Target %credit,22106.3,22004.8,6
cycle_start,iron_condor,5,2024-03-22,2024-03-28,0.05,6912.8,9337.2,-893.1,-10.1,208.2,28.5,True,True,Expiry ITM guard,21951.5,22190.5,6
cycle_start,iron_condor,5,2024-04-01,2024-04-03,0.3,6519.5,9730.5,3103.5,51.25,204.9,22.8,False,False,Target %credit,22501.0,22448.6,2
cycle_start,iron_condor,5,2024-04-05,2024-04-18,0.05,6672.2,9577.8,1506.7,26.75,206.5,25.6,True,False,Expiry ITM guard,22474.0,22246.8,13
cycle_start,iron_condor,5,2024-04-19,2024-04-25,0.367,8560.5,7689.5,-6725.7,-98.75,236.0,71.0,True,True,Expiry ITM guard,21862.2,22340.8,6
cycle_start,iron_condor,5,2024-04-26,2024-04-30,0.033,6240.0,10010.0,2915.9,48.35,204.5,22.4,False,False,Target %credit,22589.2,22587.8,4
cycle_start,iron_condor,5,2024-05-03,2024-05-09,0.05,6685.3,9564.8,-8309.1,-123.3,228.2,66.4,True,True,Expiry ITM guard,22779.7,22300.2,6
cycle_start,iron_condor,5,2024-05-10,2024-05-16,0.317,8433.8,7816.2,-540.6,-4.3,217.8,43.3,True,True,Expiry ITM guard,22008.3,22292.6,6
cycle_start,iron_condor,5,2024-05-17,2024-05-23,0.117,7858.5,8391.5,-385.2,-2.05,214.4,37.6,True,True,Expiry ITM guard,22363.8,22596.8,6
cycle_start,iron_condor,5,2024-05-24,2024-05-30,0.267,8502.0,7748.0,152.4,6.5,220.6,49.4,True,False,Expiry ITM guard,22963.7,22684.0,6
cycle_start,iron_condor,5,2024-05-31,2024-06-03,1.0,13110.5,3139.5,11068.1,178.6,324.9,216.0,True,False,Target %credit,22617.2,23281.5,3
cycle_start,iron_condor,5,2024-06-07,2024-06-13,0.683,10234.3,6015.7,-5151.9,-74.2,251.7,77.3,True,True,Expiry ITM guard,22923.5,23434.7,6
cycle_start,iron_condor,5,2024-06-14,2024-06-20,0.017,6727.5,9522.5,1981.8,34.1,207.4,27.3,True,False,Expiry ITM guard,23349.5,23505.7,6
cycle_start,iron_condor,5,2024-06-21,2024-06-27,0.067,6756.8,9493.2,158.1,6.15,209.8,31.8,True,False,Expiry ITM guard,23598.8,23841.5,6
cycle_start,iron_condor,5,2024-06-28,2024-07-04,0.15,7930.0,8320.0,1058.0,20.15,213.8,38.0,True,False,Expiry ITM guard,24117.0,24345.5,6
cycle_start,iron_condor,5,2024-07-05,2024-07-10,0.05,6740.5,9509.5,3172.7,52.35,205.8,24.3,False,False,Target %credit,24204.7,24250.7,5
cycle_start,iron_condor,5,2024-07-12,2024-07-18,0.017,5804.5,10445.5,1428.1,25.4,203.0,19.9,True,False,Expiry ITM guard,24384.0,24567.8,6
cycle_start,iron_condor,5,2024-07-19,2024-07-25,0.517,10198.5,6051.5,-4896.2,-70.3,250.7,76.0,True,True,Expiry ITM guard,24746.0,24235.8,6
cycle_start,iron_condor,5,2024-07-26,2024-08-01,0.083,7046.0,9204.0,-8572.3,-127.0,236.2,81.1,True,True,Expiry ITM guard,24477.5,25054.0,6
cycle_start,iron_condor,5,2024-08-02,2024-08-08,0.133,7527.0,8723.0,-8136.0,-119.9,246.2,96.3,True,True,Expiry ITM guard,24833.5,24221.8,6
cycle_start,iron_condor,5,2024-08-09,2024-08-13,0.267,8079.5,8170.5,3851.9,63.05,212.2,34.1,False,False,Target %credit,24361.0,24326.9,4
cycle_start,iron_condor,5,2024-08-23,2024-08-29,0.033,6555.2,9694.8,1511.0,26.8,206.1,25.0,True,False,Expiry ITM guard,24834.5,25029.0,6
cycle_start,iron_condor,5,2024-08-30,2024-09-04,0.033,6691.8,9558.2,3368.0,55.35,205.7,24.1,False,False,Target %credit,25237.9,25175.8,5
cycle_start,iron_condor,5,2024-09-06,2024-09-10,0.05,6717.8,9532.2,3204.5,52.85,206.0,24.7,False,False,Target %credit,25101.2,25098.0,4
cycle_start,iron_condor,5,2024-09-13,2024-09-19,0.1,6760.0,9490.0,1119.2,20.9,209.0,30.3,True,False,Expiry ITM guard,25325.8,25549.7,6
cycle_start,iron_condor,5,2024-09-20,2024-09-26,0.133,7410.0,8840.0,-8242.9,-121.95,237.5,78.7,True,True,Expiry ITM guard,25492.1,26030.0,6
cycle_start,iron_condor,5,2024-09-27,2024-10-03,0.083,7101.2,9148.8,-8855.1,-130.45,256.4,119.5,True,True,Expiry ITM guard,26231.5,25530.5,6
cycle_start,iron_condor,5,2024-10-04,2024-10-09,0.583,9197.5,7052.5,4419.7,72.0,222.1,38.2,False,False,Target %credit,25140.4,25202.9,5
cycle_start,iron_condor,5,2024-10-11,2024-10-16,0.35,8014.5,8235.5,4035.8,65.9,212.9,34.8,False,False,Target %credit,24967.6,25017.1,5
cycle_start,iron_condor,5,2024-10-18,2024-10-23,0.417,8206.2,8043.8,3932.5,64.35,216.0,34.3,False,False,Target %credit,24579.8,24555.8,5
cycle_start,iron_condor,5,2024-10-25,2024-10-30,0.267,7566.0,8684.0,3639.3,59.75,211.2,33.2,False,False,Target %credit,24393.2,24428.2,5
cycle_start,iron_condor,5,2024-11-04,2024-11-07,0.883,10052.2,6197.8,-574.4,-4.55,229.0,49.6,True,True,Expiry ITM guard,24084.8,24454.5,3
cycle_start,iron_condor,5,2024-11-08,2024-11-14,0.483,8762.0,7488.0,-5085.7,-73.55,238.1,66.9,True,True,Expiry ITM guard,24091.5,23606.0,6
cycle_start,iron_condor,5,2024-11-18,2024-11-21,0.617,7231.2,9018.8,699.3,14.5,210.3,32.9,True,False,Expiry ITM guard,23500.1,23312.0,3
cycle_start,iron_condor,5,2024-11-22,2024-11-28,0.483,8680.8,7569.2,-6721.4,-97.2,267.6,135.8,True,True,Expiry ITM guard,23499.5,24277.5,6
cycle_start,iron_condor,5,2024-11-29,2024-12-05,0.45,9314.5,6935.5,-4343.7,-61.95,245.1,71.9,True,True,Expiry ITM guard,23964.6,24496.8,6
cycle_start,iron_condor,5,2024-12-06,2024-12-11,0.617,10608.0,5642.0,5172.9,83.9,231.4,49.2,False,False,Target %credit,24711.8,24616.0,5
cycle_start,iron_condor,5,2024-12-13,2024-12-18,0.2,8801.0,7449.0,4342.7,70.85,218.6,44.0,False,False,Target %credit,24419.7,24387.2,5
cycle_start,iron_condor,5,2024-12-20,2024-12-23,0.45,9308.0,6942.0,4607.2,74.95,224.0,40.5,False,False,Target %credit,23904.2,23778.7,3
cycle_start,iron_condor,5,2024-12-27,2025-01-02,0.267,8778.2,7471.8,1191.4,22.3,216.7,41.4,True,False,Expiry ITM guard,23840.0,24015.6,6
cycle_start,iron_condor,5,2025-01-03,2025-01-09,0.183,8856.2,7393.8,-6777.4,-99.5,239.8,70.1,True,True,Expiry ITM guard,24155.8,23618.2,6
cycle_start,iron_condor,5,2025-01-10,2025-01-16,0.133,8794.5,7455.5,2621.5,44.25,215.7,39.0,True,False,Expiry ITM guard,23565.7,23335.8,6
cycle_start,iron_condor,5,2025-01-17,2025-01-22,0.25,8729.5,7520.5,4292.2,70.0,216.9,40.9,False,False,Target %credit,23186.5,23090.6,5
cycle_start,iron_condor,5,2025-01-24,2025-01-30,0.267,9087.0,7163.0,4416.9,71.9,218.9,37.7,False,False,Target %credit,23281.2,23244.4,6
cycle_start,iron_condor,5,2025-01-31,2025-02-03,0.883,11934.0,4316.0,5663.6,92.45,253.3,92.4,False,False,Target %credit,23316.3,23246.5,3
cycle_start,iron_condor,5,2025-02-07,2025-02-13,0.3,9402.2,6847.8,-5220.3,-75.6,240.1,66.2,True,True,Expiry ITM guard,23578.5,23080.5,6
cycle_start,iron_condor,5,2025-02-14,2025-02-19,0.1,8814.0,7436.0,4161.7,67.95,216.0,39.1,False,False,Target %credit,23087.7,22986.7,5
cycle_start,iron_condor,5,2025-02-21,2025-02-27,0.05,8011.3,8238.8,-1950.0,-26.1,214.0,39.5,True,True,Expiry ITM guard,22907.7,22579.5,6
cycle_start,iron_condor,5,2025-02-28,2025-03-05,0.05,7978.8,8271.2,3864.6,63.15,210.2,29.9,False,False,Target %credit,22319.8,22193.3,5
cycle_start,iron_condor,5,2025-03-07,2025-03-12,0.1,7709.0,8541.0,3883.9,63.45,209.9,30.4,False,False,Target %credit,22515.8,22492.0,5
cycle_start,iron_condor,5,2025-03-17,2025-03-20,0.233,6162.0,10088.0,-9345.6,-139.3,223.7,67.4,True,True,Expiry ITM guard,22515.7,23022.0,3
cycle_start,iron_condor,5,2025-03-21,2025-03-27,0.017,6626.8,9623.2,-5552.1,-81.4,215.4,45.7,True,True,Expiry ITM guard,23162.8,23506.8,6
cycle_start,iron_condor,5,2025-03-28,2025-04-03,0.033,7605.0,8645.0,-3311.1,-46.85,217.9,48.0,True,True,Expiry ITM guard,23565.7,23219.7,6
cycle_start,iron_condor,5,2025-04-04,2025-04-17,0.167,7627.8,8622.2,-1496.6,-19.1,214.5,40.6,True,True,Expiry ITM guard,23035.0,23358.2,13
cycle_start,iron_condor,5,2025-04-21,2025-04-24,0.517,7842.2,8407.8,-4209.0,-60.7,219.1,44.5,True,True,Expiry ITM guard,23968.3,24272.0,3
cycle_start,iron_condor,5,2025-04-25,2025-04-28,0.283,7991.8,8258.2,3795.7,62.35,218.5,38.6,False,False,Target %credit,24303.6,24322.5,3
cycle_start,iron_condor,5,2025-05-09,2025-05-15,0.833,9623.2,6626.8,-5224.0,-75.05,255.4,90.3,True,True,Expiry ITM guard,24090.0,24622.7,6
cycle_start,iron_condor,5,2025-05-16,2025-05-22,0.367,8781.5,7468.5,-3042.0,-42.35,233.1,56.2,True,True,Expiry ITM guard,25001.7,24643.0,6
cycle_start,iron_condor,5,2025-05-23,2025-05-29,0.3,9002.5,7247.5,4906.8,79.4,219.5,34.7,False,False,Target %credit,24719.2,24848.0,6
cycle_start,iron_condor,5,2025-05-30,2025-06-05,0.35,9603.8,6646.2,2477.7,42.2,223.9,41.5,True,False,Expiry ITM guard,24857.8,24627.3,6
cycle_start,iron_condor,5,2025-06-06,2025-06-12,0.1,8528.0,7722.0,-5054.9,-73.4,224.9,59.0,True,True,Expiry ITM guard,24747.6,25164.0,6
cycle_start,iron_condor,5,2025-06-13,2025-06-18,0.317,9148.8,7101.2,4321.1,70.5,222.5,38.8,False,False,Target %credit,24628.5,24753.5,5
cycle_start,iron_condor,5,2025-06-20,2025-06-26,0.05,7887.8,8362.2,-6645.3,-97.8,226.0,62.3,True,True,Expiry ITM guard,24840.4,25283.7,6
cycle_start,iron_condor,5,2025-06-27,2025-07-01,0.017,7819.5,8430.5,3728.9,61.2,213.2,35.9,False,False,Target %credit,25587.4,25537.5,4
cycle_start,iron_condor,5,2025-07-04,2025-07-08,0.017,7332.0,8918.0,3503.4,57.6,209.8,30.8,False,False,Target %credit,25414.6,25459.8,4
cycle_start,iron_condor,5,2025-07-11,2025-07-15,0.017,6045.0,10205.0,2865.2,47.6,205.2,23.6,False,False,Target %credit,25300.1,25204.8,4
cycle_start,iron_condor,5,2025-07-18,2025-07-22,0.033,5983.3,10266.8,2823.1,46.95,205.1,23.5,False,False,Target %credit,25081.1,25102.0,4
cycle_start,iron_condor,5,2025-07-25,2025-07-30,0.033,5668.0,10582.0,2779.5,46.25,204.3,22.4,False,False,Target %credit,24932.8,24878.5,5
cycle_start,iron_condor,5,2025-08-01,2025-08-06,0.117,7254.0,8996.0,3399.1,56.0,209.9,31.1,False,False,Target %credit,24712.7,24605.4,5
cycle_start,iron_condor,5,2025-08-08,2025-08-12,0.067,6409.0,9841.0,2982.4,49.45,206.4,25.5,False,False,Target %credit,24561.0,24487.9,4
cycle_start,iron_condor,5,2025-08-18,2025-08-19,0.433,6558.5,9691.5,3067.2,50.75,206.4,25.2,False,False,Target %credit,24942.2,24911.2,1
cycle_start,iron_condor,5,2025-08-22,2025-08-25,0.017,5479.5,10770.5,2519.9,42.2,203.0,20.1,False,False,Target %credit,24996.9,24971.4,3
cycle_start,iron_condor,5,2025-08-29,2025-09-01,0.133,4894.5,11355.5,2290.8,38.65,200.4,21.0,False,False,Target %credit,24552.8,24523.5,3
cycle_start,iron_condor,5,2025-09-03,2025-09-09,0.083,6230.3,10019.8,-3904.7,-56.35,209.0,33.0,True,True,Expiry ITM guard,24558.2,24854.2,6
cycle_start,iron_condor,5,2025-09-10,2025-09-15,0.067,5629.0,10621.0,2605.7,43.5,202.6,19.2,False,False,Target %credit,24966.1,25069.9,5
cycle_start,iron_condor,5,2025-09-17,2025-09-19,0.083,5339.8,10910.2,2484.6,41.7,202.3,23.6,False,False,Target %credit,25320.4,25332.1,2
cycle_start,iron_condor,5,2025-09-24,2025-09-30,0.133,5499.0,10751.0,-6938.4,-102.9,211.0,38.9,True,True,Expiry ITM guard,25084.0,24713.7,6
cycle_start,iron_condor,5,2025-10-01,2025-10-07,0.283,5716.8,10533.2,-8885.2,-132.6,216.4,49.8,True,True,Expiry ITM guard,24638.0,25084.9,6
cycle_start,iron_condor,5,2025-10-08,2025-10-13,0.117,5271.5,10978.5,2416.7,40.65,202.1,23.4,False,False,Target %credit,25174.7,25191.4,5
cycle_start,iron_condor,5,2025-10-15,2025-10-21,0.417,5710.2,10539.8,-9249.0,-136.7,248.1,115.4,True,True,Expiry ITM guard,25242.5,25903.2,6
cycle_start,iron_condor,5,2025-10-23,2025-10-27,0.517,6155.5,10094.5,2870.3,47.7,205.7,24.5,False,False,Target %credit,26028.5,25971.1,4
cycle_start,iron_condor,5,2025-10-29,2025-11-04,0.633,7696.0,8554.0,513.9,11.75,213.0,36.9,True,False,Expiry ITM guard,25988.5,25755.4,6
cycle_start,iron_condor,5,2025-11-06,2025-11-10,0.567,6392.8,9857.2,3008.4,49.8,205.3,23.3,False,False,Target %credit,25659.8,25554.6,4
cycle_start,iron_condor,5,2025-11-12,2025-11-18,0.633,7250.8,8999.2,4700.4,75.9,207.6,25.4,False,False,Target %credit,25839.5,25947.3,6
cycle_start,iron_condor,5,2025-11-19,2025-11-24,0.683,7322.2,8927.8,3593.7,58.95,208.9,29.1,False,False,Target %credit,25900.7,25977.2,5
cycle_start,iron_condor,5,2025-11-26,2025-12-02,0.517,6851.0,9399.0,1594.1,28.1,206.6,25.8,True,False,Expiry ITM guard,25969.3,26141.5,6
cycle_start,iron_condor,5,2025-12-03,2025-12-08,0.4,6529.3,9720.8,3210.5,52.9,205.2,22.9,False,False,Target %credit,26007.8,26070.4,5
cycle_start,iron_condor,5,2025-12-10,2025-12-15,0.433,6516.2,9733.8,3114.8,51.45,205.6,23.8,False,False,Target %credit,25855.7,25917.2,5
cycle_start,iron_condor,5,2025-12-17,2025-12-23,0.25,6230.2,10019.8,-1799.2,-24.1,206.1,26.7,True,True,Expiry ITM guard,25919.7,26166.7,6
cycle_start,iron_condor,5,2025-12-24,2025-12-29,0.017,4728.8,11521.2,2188.5,37.05,199.5,20.3,False,False,Target %credit,26206.0,26074.4,5
cycle_start,iron_condor,5,2025-12-31,2026-01-06,0.05,5138.2,11111.8,-235.9,-0.2,201.4,21.5,True,True,Expiry ITM guard,26003.9,26195.8,6
cycle_start,iron_condor,5,2026-01-07,2026-01-13,0.067,4969.2,11280.8,-5092.1,-74.45,206.1,46.7,True,True,Expiry ITM guard,26154.6,25845.8,6
cycle_start,iron_condor,5,2026-01-14,2026-01-19,0.5,6412.2,9837.8,3000.8,49.75,206.8,26.2,False,False,Target %credit,25704.6,25598.8,5
cycle_start,iron_condor,5,2026-01-21,2026-01-27,0.717,7699.2,8550.8,902.6,17.85,215.7,42.0,True,False,Expiry ITM guard,25222.7,25010.0,6
cycle_start,iron_condor,5,2026-01-28,2026-02-03,0.983,10159.5,6090.5,-518.6,-2.9,252.6,77.5,True,True,Expiry ITM guard,25357.9,25809.8,6
cycle_start,iron_condor,5,2026-02-04,2026-02-09,0.75,8242.0,8008.0,4128.0,67.35,217.3,32.4,False,False,Target %credit,25754.2,25815.5,5
cycle_start,iron_condor,5,2026-02-11,2026-02-17,0.267,5700.5,10549.5,-7883.4,-117.3,214.0,44.9,True,True,Expiry ITM guard,25980.7,25612.5,6
cycle_start,iron_condor,5,2026-02-18,2026-02-23,0.433,6405.8,9844.2,3031.9,50.3,208.3,29.2,False,False,Target %credit,25704.5,25718.2,5
cycle_start,iron_condor,5,2026-02-25,2026-03-10,0.633,7107.8,9142.2,-9756.3,-140.65,335.0,279.0,True,True,Expiry ITM guard,25568.5,24150.7,13
cycle_start,iron_condor,5,2026-03-11,2026-03-17,0.833,10224.5,6025.5,-5947.9,-85.1,290.4,126.0,True,True,Expiry ITM guard,24243.6,23395.5,6
cycle_start,iron_condor,5,2026-03-18,2026-03-24,0.7,9207.3,7042.7,-7290.4,-105.7,291.7,128.2,True,True,Expiry ITM guard,23676.2,22785.2,6
cycle_start,iron_condor,5,2026-03-25,2026-04-02,0.85,11128.0,5122.0,5189.4,86.7,294.5,151.6,True,False,Target %credit,23189.7,22517.8,8
cycle_start,iron_condor,5,2026-04-08,2026-04-13,0.633,10016.5,6233.5,5312.8,86.15,241.0,45.9,False,False,Target %credit,23863.3,23707.8,5
cycle_start,iron_condor,5,2026-04-22,2026-04-28,0.467,10084.8,6165.2,-1980.2,-25.8,246.4,56.8,True,True,Expiry ITM guard,24463.4,24093.8,6
cycle_start,iron_condor,5,2026-04-29,2026-05-05,0.283,8986.2,7263.8,5868.7,94.25,226.0,31.5,False,False,Target %credit,24079.7,24064.2,6
cycle_start,iron_condor,5,2026-05-06,2026-05-12,0.3,9061.0,7189.0,-5137.0,-74.35,245.8,58.4,True,True,Expiry ITM guard,24185.2,23737.8,6
cycle_start,iron_condor,5,2026-05-13,2026-05-19,0.467,9831.2,6418.8,849.3,17.55,241.5,50.0,True,False,Expiry ITM guard,23437.9,23734.8,6
cycle_start,iron_condor,5,2026-05-20,2026-05-26,0.417,10045.7,6204.3,-6258.6,-90.95,267.0,79.9,True,True,Expiry ITM guard,23458.7,24012.5,6
cycle_start,iron_condor,5,2026-05-27,2026-06-02,0.067,8248.5,8001.5,-8280.2,-121.65,265.6,107.3,True,True,Expiry ITM guard,23933.7,23286.5,6
cycle_start,iron_condor,5,2026-06-03,2026-06-09,0.2,9379.5,6870.5,7169.5,114.3,227.7,32.3,False,False,Target %credit,23305.8,23235.2,6
cycle_start,iron_condor,5,2026-06-10,2026-06-16,0.15,8992.8,7257.2,-7172.6,-105.25,258.9,72.5,True,True,Expiry ITM guard,23326.8,23933.0,6
cycle_start,iron_condor,5,2026-06-17,2026-06-22,0.017,8047.0,8203.0,3798.7,62.35,219.6,34.5,False,False,Target %credit,23987.6,24124.0,5
cycle_start,iron_condor,5,2026-06-24,2026-06-29,0.05,7598.5,8651.5,3591.6,59.1,217.4,32.5,False,False,Target %credit,23863.2,23950.6,5
cycle_start,iron_condor,5,2026-07-01,2026-07-07,0.15,8388.2,7861.8,-7533.7,-110.8,249.1,82.7,True,True,Expiry ITM guard,23912.4,24460.2,6
dte4,iron_fly,5,2021-07-02,2021-07-08,,9766.2,6483.8,-3654.6,-52.3,216.4,38.7,True,True,Expiry ITM guard,15666.5,15870.9,6
dte4,iron_fly,5,2021-07-09,2021-07-15,,10192.0,6058.0,-3740.9,-53.5,219.7,43.7,True,True,Expiry ITM guard,15646.8,15876.9,6
dte4,iron_fly,5,2021-07-23,2021-07-29,,9012.2,7237.8,2707.8,45.25,207.9,25.5,True,False,Expiry ITM guard,15863.6,15773.9,6
dte4,iron_fly,5,2021-07-30,2021-08-05,0.143,9278.8,6971.2,-7408.8,-108.9,241.8,88.5,True,True,Expiry ITM guard,15785.7,16267.3,6
dte4,iron_fly,5,2021-08-06,2021-08-12,0.308,9740.2,6509.8,5409.4,86.9,210.4,28.6,True,False,Target %credit,16320.6,16324.0,6
dte4,iron_fly,5,2021-08-20,2021-08-26,0.371,10331.8,5918.2,-80.9,2.7,217.2,39.2,True,True,Expiry ITM guard,16453.5,16619.3,6
dte4,iron_fly,5,2021-08-27,2021-09-02,0.15,9616.8,6633.2,-6538.4,-95.5,242.1,88.8,True,True,Expiry ITM guard,16628.4,17111.6,6
dte4,iron_fly,5,2021-09-03,2021-09-09,0.311,10387.0,5863.0,4865.0,78.65,213.9,33.4,True,False,Expiry ITM guard,17291.0,17345.8,6
dte4,iron_fly,5,2021-09-17,2021-09-23,0.167,10504.0,5746.0,3304.1,54.7,215.4,36.0,True,False,Expiry ITM guard,17737.7,17657.7,6
dte4,iron_fly,5,2021-09-24,2021-09-30,0.576,11154.0,5096.0,-1262.6,-15.1,227.7,53.4,True,True,Expiry ITM guard,17914.7,17687.6,6
dte4,iron_fly,5,2021-10-01,2021-10-07,0.767,12190.7,4059.3,-2997.8,-41.55,237.7,59.4,True,True,Expiry ITM guard,17502.6,17790.2,6
dte4,iron_fly,5,2021-10-08,2021-10-14,0.4,11261.2,4988.8,-5276.9,-76.05,244.9,88.8,True,True,Expiry ITM guard,17872.8,18283.6,6
dte4,iron_fly,5,2021-10-22,2021-10-28,0.4,11592.8,4657.2,3465.3,57.4,224.5,41.2,True,False,Expiry ITM guard,18248.2,18141.8,6
dte4,iron_fly,5,2021-11-03,2021-11-11,0.95,5921.5,10328.5,-646.5,-6.45,201.9,25.3,True,True,Expiry ITM guard,17952.9,17951.7,8
dte4,iron_fly,5,2021-11-12,2021-11-18,0.167,11228.8,5021.2,5200.5,83.95,217.4,38.9,True,False,Expiry ITM guard,17953.9,17933.3,6
dte4,iron_fly,5,2021-11-26,2021-12-02,0.367,11774.7,4475.3,3874.8,63.75,226.0,43.0,True,False,Expiry ITM guard,17295.3,17225.4,6
dte4,iron_fly,5,2021-12-03,2021-12-09,0.317,11953.5,4296.5,4633.9,75.35,223.8,40.0,True,False,Expiry ITM guard,17458.2,17505.6,6
dte4,iron_fly,5,2021-12-10,2021-12-16,0.183,11709.8,4540.2,1618.8,29.1,225.6,47.1,True,False,Expiry ITM guard,17523.2,17344.4,6
dte4,iron_fly,5,2021-12-17,2021-12-23,0.15,11745.5,4504.5,1733.3,30.85,225.5,46.4,True,False,Expiry ITM guard,17182.7,17037.5,6
dte4,iron_fly,5,2021-12-24,2021-12-30,0.183,11495.2,4754.8,2794.5,47.05,221.8,41.9,True,False,Expiry ITM guard,17102.7,17203.6,6
dte4,iron_fly,5,2021-12-31,2022-01-06,0.05,11537.5,4712.5,-4818.9,-68.75,252.4,97.8,True,True,Expiry ITM guard,17298.1,17748.3,6
dte4,iron_fly,5,2022-01-07,2022-01-13,0.15,11739.0,4511.0,-4501.1,-64.4,245.6,69.5,True,True,Expiry ITM guard,17841.9,18238.8,6
dte4,iron_fly,5,2022-01-14,2022-01-20,0.033,11459.5,4790.5,-3303.7,-46.4,232.1,55.6,True,True,Expiry ITM guard,18181.0,17913.9,6
dte4,iron_fly,5,2022-01-28,2022-02-03,0.917,13399.7,2850.3,-2748.0,-35.7,285.2,142.3,True,True,Expiry ITM guard,17239.3,17751.3,6
dte4,iron_fly,5,2022-02-04,2022-02-10,0.383,12164.7,4085.3,5225.2,84.55,226.9,43.6,True,False,Expiry ITM guard,17551.2,17500.8,6
dte4,iron_fly,5,2022-02-11,2022-02-17,0.133,11911.2,4338.8,5139.6,83.15,224.5,40.7,True,False,Expiry ITM guard,17404.6,17422.6,6
dte4,iron_fly,5,2022-02-18,2022-02-24,0.717,12967.5,3282.5,-3746.1,-50.8,291.7,152.4,True,True,Expiry ITM guard,17278.5,16673.3,6
dte4,iron_fly,5,2022-03-04,2022-03-10,0.85,13695.5,2554.5,-2096.5,-25.85,280.6,135.6,True,True,Expiry ITM guard,16259.1,16679.8,6
dte4,iron_fly,5,2022-03-11,2022-03-17,0.633,13321.7,2928.3,-3361.4,-44.55,301.0,164.7,True,True,Expiry ITM guard,16574.3,17218.9,6
dte4,iron_fly,5,2022-03-25,2022-03-31,0.333,12993.5,3256.5,-2408.4,-31.75,252.3,92.3,True,True,Expiry ITM guard,17202.1,17535.3,6
dte4,iron_fly,5,2022-04-01,2022-04-07,0.15,12301.3,3948.7,-1256.5,-14.85,235.3,55.9,True,True,Expiry ITM guard,17482.1,17735.9,6
dte4,iron_fly,5,2022-04-13,2022-04-21,0.317,5099.2,11150.8,-11422.1,-170.65,226.4,103.5,True,True,Expiry ITM guard,17635.2,17245.8,8
dte4,iron_fly,5,2022-04-22,2022-04-28,0.033,12018.5,4231.5,4520.7,73.65,225.0,41.5,True,False,Expiry ITM guard,17215.8,17122.8,6
dte4,iron_fly,5,2022-05-06,2022-05-12,0.367,12756.2,3493.8,-3199.9,-43.85,262.2,87.5,True,True,Expiry ITM guard,16403.1,15959.6,6
dte4,iron_fly,5,2022-05-13,2022-05-19,0.383,12788.8,3461.2,4558.2,74.7,235.6,61.7,True,False,Expiry ITM guard,15966.7,15923.9,6
dte4,iron_fly,5,2022-05-20,2022-05-26,0.267,12886.2,3363.8,5078.8,82.55,234.6,52.3,True,False,Expiry ITM guard,16123.0,16086.2,6
dte4,iron_fly,5,2022-05-27,2022-06-02,0.283,12551.5,3698.5,2487.9,42.7,234.2,53.4,True,False,Expiry ITM guard,16315.4,16459.8,6
dte4,iron_fly,5,2022-06-03,2022-06-09,0.1,12249.3,4000.7,-4313.3,-60.85,265.0,93.0,True,True,Expiry ITM guard,16781.3,16286.2,6
dte4,iron_fly,5,2022-06-10,2022-06-16,0.083,12051.0,4199.0,-4434.4,-63.05,255.1,81.1,True,True,Expiry ITM guard,16309.8,15844.8,6
dte4,iron_fly,5,2022-06-17,2022-06-23,0.567,13100.8,3149.2,359.1,10.5,245.1,78.3,True,False,Expiry ITM guard,15259.7,15468.9,6
dte4,iron_fly,5,2022-06-24,2022-06-30,0.25,12385.7,3864.3,1536.5,28.05,233.7,53.1,True,False,Expiry ITM guard,15713.8,15853.8,6
dte4,iron_fly,5,2022-07-01,2022-07-07,0.217,12457.3,3792.7,-3548.3,-49.4,255.8,81.5,True,True,Expiry ITM guard,15712.5,16113.0,6
dte4,iron_fly,5,2022-07-08,2022-07-14,0.05,11872.2,4377.8,960.3,19.05,227.9,50.1,True,False,Expiry ITM guard,16210.3,16024.8,6
dte4,iron_fly,5,2022-07-15,2022-07-21,0.017,11456.2,4793.8,-5311.5,-76.1,256.0,109.1,True,True,Expiry ITM guard,16006.9,16513.8,6
dte4,iron_fly,5,2022-07-22,2022-07-28,0.017,11235.3,5014.7,3742.9,61.5,218.3,36.3,True,False,Expiry ITM guard,16695.7,16776.0,6
dte4,iron_fly,5,2022-07-29,2022-08-04,0.033,11534.2,4715.8,-4301.1,-61.2,241.3,81.9,True,True,Expiry ITM guard,17111.5,17465.1,6
dte4,iron_fly,5,2022-08-19,2022-08-25,0.017,11037.0,5213.0,-3575.8,-50.6,228.3,58.5,True,True,Expiry ITM guard,17973.7,17672.4,6
dte4,iron_fly,5,2022-09-02,2022-09-08,0.267,12366.2,3883.8,2535.1,43.25,229.1,47.1,True,False,Expiry ITM guard,17601.9,17733.9,6
dte4,iron_fly,5,2022-09-09,2022-09-15,0.05,11579.8,4670.2,-292.3,-0.25,226.2,49.9,True,True,Expiry ITM guard,17891.2,18083.8,6
dte4,iron_fly,5,2022-09-16,2022-09-22,0.2,12307.8,3942.2,2423.2,41.6,231.1,49.7,True,False,Expiry ITM guard,17767.6,17623.6,6
dte4,iron_fly,5,2022-09-23,2022-09-29,0.383,12493.0,3757.0,-4134.5,-57.95,269.4,98.3,True,True,Expiry ITM guard,17562.9,17006.7,6
dte4,iron_fly,5,2022-10-07,2022-10-13,0.183,12129.0,4121.0,218.8,7.75,231.1,53.8,True,False,Expiry ITM guard,17290.2,17088.3,6
dte4,iron_fly,5,2022-10-14,2022-10-20,0.167,12229.8,4020.2,2659.8,45.05,225.6,42.8,True,False,Expiry ITM guard,17281.0,17453.3,6
dte4,iron_fly,5,2022-10-28,2022-11-03,0.083,11521.2,4728.8,-1042.2,-11.7,226.6,55.1,True,True,Expiry ITM guard,17802.1,18021.8,6
dte4,iron_fly,5,2022-11-11,2022-11-17,0.017,11072.8,5177.2,4471.5,72.65,215.2,35.6,True,False,Expiry ITM guard,18307.7,18381.1,6
dte4,iron_fly,5,2022-11-18,2022-11-23,0.033,10728.2,5521.8,5144.7,82.95,213.6,33.5,True,False,Target %credit,18346.8,18293.3,5
dte4,iron_fly,5,2022-11-25,2022-12-01,0.017,10279.7,5970.3,-6247.3,-91.2,239.2,80.0,True,True,Expiry ITM guard,18458.8,18867.0,6
dte4,iron_fly,5,2022-12-02,2022-12-08,0.033,10627.5,5622.5,-1008.4,-11.45,219.5,44.6,True,True,Expiry ITM guard,18737.9,18553.9,6
dte4,iron_fly,5,2022-12-09,2022-12-15,0.017,10019.8,6230.2,5441.0,87.35,209.7,27.0,True,False,Target %credit,18641.1,18630.9,6
dte4,iron_fly,5,2022-12-16,2022-12-22,0.067,10416.2,5833.8,1072.5,20.45,217.3,39.5,True,False,Expiry ITM guard,18397.2,18257.2,6
dte4,iron_fly,5,2022-12-23,2022-12-29,0.55,11852.8,4397.2,5809.3,93.35,221.5,36.9,True,False,Target %credit,17975.6,18029.2,6
dte4,iron_fly,5,2022-12-30,2023-01-05,0.15,10728.2,5521.8,-671.6,-6.25,220.5,44.8,True,True,Expiry ITM guard,18237.4,18063.1,6
dte4,iron_fly,5,2023-01-06,2023-01-12,0.2,10923.2,5326.8,3027.2,50.5,217.0,38.3,True,False,Expiry ITM guard,18003.0,17914.2,6
dte4,iron_fly,5,2023-01-13,2023-01-19,0.55,11501.8,4748.2,-3971.2,-56.4,235.0,70.3,True,True,Expiry ITM guard,17797.2,18117.1,6
dte4,iron_fly,5,2023-01-27,2023-02-02,0.85,12909.0,3341.0,-1380.7,-16.1,251.9,82.3,True,True,Expiry ITM guard,17799.7,17474.6,6
dte4,iron_fly,5,2023-02-03,2023-02-09,0.567,11797.5,4452.5,23.5,4.6,226.7,48.9,True,False,Expiry ITM guard,17672.7,17843.4,6
dte4,iron_fly,5,2023-02-10,2023-02-16,0.05,10214.8,6035.2,-4115.1,-59.2,221.0,46.1,True,True,Expiry ITM guard,17847.7,18097.0,6
dte4,iron_fly,5,2023-02-17,2023-02-23,0.05,10036.0,6214.0,-6150.5,-89.8,236.3,77.2,True,True,Expiry ITM guard,17964.1,17550.8,6
dte4,iron_fly,5,2023-02-24,2023-03-02,0.117,10562.5,5687.5,51.7,4.75,217.5,39.6,True,False,Expiry ITM guard,17585.8,17432.6,6
dte4,iron_fly,5,2023-03-10,2023-03-16,0.15,10331.8,5918.2,-6244.3,-90.8,247.5,94.8,True,True,Expiry ITM guard,17396.6,16926.7,6
dte4,iron_fly,5,2023-03-17,2023-03-23,0.433,11641.5,4608.5,4917.7,79.7,219.8,42.9,True,False,Expiry ITM guard,17107.7,17077.9,6
dte4,iron_fly,5,2023-03-29,2023-03-29,0.833,5495.8,10754.2,2931.4,48.45,197.7,20.1,True,False,Target %credit,16999.2,16999.8,0
dte4,iron_fly,5,2023-04-21,2023-04-27,0.033,9389.2,6860.8,-1304.3,-16.3,212.0,32.7,True,True,Expiry ITM guard,17647.8,17810.9,6
dte4,iron_fly,5,2023-05-05,2023-05-11,0.033,9236.5,7013.5,-2399.0,-33.1,213.5,34.0,True,True,Expiry ITM guard,18166.3,18323.9,6
dte4,iron_fly,5,2023-05-12,2023-05-17,0.083,10153.0,6097.0,4842.7,78.2,211.0,29.3,True,False,Target %credit,18223.4,18189.2,5
dte4,iron_fly,5,2023-05-19,2023-05-25,0.083,9854.0,6396.0,327.1,8.8,212.8,32.2,True,False,Expiry ITM guard,18145.0,18291.8,6
dte4,iron_fly,5,2023-05-26,2023-06-01,0.083,9655.8,6594.2,-2999.8,-42.2,216.3,40.5,True,True,Expiry ITM guard,18336.6,18560.0,6
dte4,iron_fly,5,2023-06-02,2023-06-08,0.067,9750.0,6500.0,-2441.7,-33.7,215.0,36.2,True,True,Expiry ITM guard,18559.2,18745.6,6
dte4,iron_fly,5,2023-06-09,2023-06-15,0.033,9324.2,6925.8,2693.4,45.05,208.9,25.9,True,False,Expiry ITM guard,18665.4,18732.0,6
dte4,iron_fly,5,2023-06-16,2023-06-22,0.017,8921.2,7328.8,1904.6,32.9,208.1,25.9,True,False,Expiry ITM guard,18745.0,18846.0,6
dte4,iron_fly,5,2023-06-30,2023-07-06,0.083,9431.5,6818.5,-5458.3,-79.7,223.5,54.3,True,True,Expiry ITM guard,19083.8,19399.2,6
dte4,iron_fly,5,2023-07-07,2023-07-13,0.217,10296.0,5954.0,4838.5,78.15,211.5,29.8,True,False,Expiry ITM guard,19474.5,19484.3,6
dte4,iron_fly,5,2023-07-14,2023-07-20,0.033,9551.8,6698.2,-6410.5,-94.1,230.1,63.9,True,True,Expiry ITM guard,19464.0,19798.5,6
dte4,iron_fly,5,2023-07-21,2023-07-27,0.45,10614.5,5635.5,4638.6,75.2,214.7,34.7,True,False,Expiry ITM guard,19876.9,19855.9,6
dte4,iron_fly,5,2023-07-28,2023-08-03,0.267,10598.2,5651.8,1866.3,32.65,216.7,39.3,True,False,Expiry ITM guard,19617.6,19486.5,6
dte4,iron_fly,5,2023-08-04,2023-08-10,0.167,10153.0,6097.0,2503.8,42.3,212.9,32.8,True,False,Expiry ITM guard,19481.7,19575.1,6
dte4,iron_fly,5,2023-08-18,2023-08-24,0.1,9746.8,6503.2,-3916.7,-56.25,217.6,42.8,True,True,Expiry ITM guard,19315.2,19534.1,6
dte4,iron_fly,5,2023-08-25,2023-08-31,0.167,9935.2,6314.8,4402.3,71.4,210.4,28.3,True,False,Expiry ITM guard,19314.5,19376.0,6
dte4,iron_fly,5,2023-09-01,2023-09-07,0.133,9785.8,6464.2,-5241.7,-76.55,220.3,45.7,True,True,Expiry ITM guard,19291.1,19575.6,6
dte4,iron_fly,5,2023-09-08,2023-09-14,0.017,9369.8,6880.2,-6773.9,-99.65,230.9,65.7,True,True,Expiry ITM guard,19766.0,20130.9,6
dte4,iron_fly,5,2023-09-22,2023-09-28,0.133,10013.2,6236.8,3426.7,56.45,211.7,30.9,True,False,Expiry ITM guard,19785.8,19751.8,6
dte4,iron_fly,5,2023-10-06,2023-10-12,0.05,9785.8,6464.2,-4240.6,-61.2,218.4,44.2,True,True,Expiry ITM guard,19611.7,19826.8,6
dte4,iron_fly,5,2023-10-13,2023-10-19,0.167,10231.0,6019.0,525.4,11.95,214.9,36.5,True,False,Expiry ITM guard,19720.8,19538.7,6
dte4,iron_fly,5,2023-10-27,2023-11-02,0.617,11053.2,5196.8,1812.9,31.9,218.9,41.7,True,False,Expiry ITM guard,18977.2,19142.2,6
dte4,iron_fly,5,2023-11-03,2023-11-09,0.167,10143.2,6106.8,-487.0,-3.65,214.6,35.1,True,True,Expiry ITM guard,19246.2,19413.3,6
dte4,iron_fly,5,2023-11-17,2023-11-23,0.1,10159.5,6090.5,2740.8,45.9,212.0,30.7,True,False,Expiry ITM guard,19758.6,19841.2,6
dte4,iron_fly,5,2023-12-01,2023-12-07,0.5,11514.8,4735.2,-4890.2,-68.75,275.5,145.9,True,True,Expiry ITM guard,20220.0,20865.7,6
dte4,iron_fly,5,2023-12-08,2023-12-14,0.233,10903.8,5346.2,1392.1,25.4,218.1,40.8,True,False,Expiry ITM guard,20966.2,21108.6,6
dte4,iron_fly,5,2023-12-15,2023-12-21,0.183,10842.0,5408.0,-695.4,-6.35,226.0,56.6,True,True,Expiry ITM guard,21260.8,21047.7,6
dte4,iron_fly,5,2023-12-29,2024-01-04,0.633,12249.2,4000.8,4287.2,70.1,226.2,43.1,True,False,Expiry ITM guard,21713.2,21600.4,6
dte4,iron_fly,5,2024-01-05,2024-01-11,0.133,11027.2,5222.8,5691.5,91.4,214.9,34.6,True,False,Target %credit,21724.0,21719.7,6
dte4,iron_fly,5,2024-01-12,2024-01-18,0.233,11258.0,4992.0,-3771.4,-53.35,234.3,69.3,True,True,Expiry ITM guard,21727.5,21447.3,6
dte4,iron_fly,5,2024-01-19,2024-01-25,0.517,11963.2,4286.8,-570.3,-4.3,235.2,55.6,True,True,Expiry ITM guard,21647.3,21411.2,6
dte4,iron_fly,5,2024-02-02,2024-02-08,0.517,12320.8,3929.2,4623.0,75.3,227.2,44.2,True,False,Expiry ITM guard,21947.8,21993.0,6
dte4,iron_fly,5,2024-02-09,2024-02-15,0.633,12587.2,3662.8,2244.0,38.95,234.3,53.5,True,False,Expiry ITM guard,21756.6,21893.4,6
dte4,iron_fly,5,2024-02-16,2024-02-22,0.367,12408.5,3841.5,4627.2,75.35,226.8,43.7,True,False,Expiry ITM guard,21999.3,22047.2,6
dte4,iron_fly,5,2024-02-23,2024-02-29,0.317,12512.5,3737.5,-1919.3,-24.7,245.4,68.4,True,True,Expiry ITM guard,22249.2,21936.3,6
dte4,iron_fly,5,2024-03-02,2024-03-07,0.35,12210.2,4039.8,3442.7,57.2,226.8,48.5,True,False,Expiry ITM guard,22375.5,22501.8,5
dte4,iron_fly,5,2024-03-15,2024-03-21,0.117,12249.2,4000.8,3613.7,59.75,226.4,43.6,True,False,Expiry ITM guard,22106.3,22004.8,6
dte4,iron_fly,5,2024-04-10,2024-04-10,0.8,6337.5,9912.5,2964.0,48.9,200.2,14.2,True,False,Target %credit,22706.8,22705.9,0
dte4,iron_fly,5,2024-04-19,2024-04-25,0.367,12603.5,3646.5,-3868.1,-53.95,266.6,94.8,True,True,Expiry ITM guard,21862.2,22340.8,6
dte4,iron_fly,5,2024-05-03,2024-05-09,0.05,11609.0,4641.0,-4983.4,-71.0,257.2,111.2,True,True,Expiry ITM guard,22779.7,22300.2,6
dte4,iron_fly,5,2024-05-10,2024-05-16,0.317,12545.0,3705.0,-1619.5,-20.0,241.8,77.7,True,True,Expiry ITM guard,22008.3,22292.6,6
dte4,iron_fly,5,2024-05-17,2024-05-23,0.117,12366.2,3883.8,-1280.8,-15.15,237.5,58.5,True,True,Expiry ITM guard,22363.8,22596.8,6
dte4,iron_fly,5,2024-05-24,2024-05-30,0.267,12551.5,3698.5,-733.3,-6.4,244.4,72.9,True,True,Expiry ITM guard,22963.7,22684.0,6
dte4,iron_fly,5,2024-05-31,2024-06-03,1.0,15018.2,1231.8,11456.3,185.7,341.5,272.7,True,False,Target %credit,22617.2,23147.2,3
dte4,iron_fly,5,2024-06-07,2024-06-13,0.683,13484.2,2765.8,-3499.0,-47.3,283.7,140.8,True,True,Expiry ITM guard,22923.5,23434.7,6
dte4,iron_fly,5,2024-06-21,2024-06-27,0.067,11625.2,4624.8,-894.0,-9.3,231.0,58.6,True,True,Expiry ITM guard,23598.8,23841.5,6
dte4,iron_fly,5,2024-06-28,2024-07-04,0.15,12233.0,4017.0,-837.7,-8.4,235.6,56.1,True,True,Expiry ITM guard,24117.0,24345.5,6
dte4,iron_fly,5,2024-07-05,2024-07-11,0.05,11644.8,4605.2,1351.5,25.0,223.7,49.8,True,False,Expiry ITM guard,24204.7,24360.8,6
dte4,iron_fly,5,2024-07-19,2024-07-25,0.517,13458.2,2791.8,-2952.5,-38.95,282.3,138.4,True,True,Expiry ITM guard,24746.0,24235.8,6
dte4,iron_fly,5,2024-07-26,2024-08-01,0.083,11758.5,4491.5,-4352.8,-61.0,265.9,121.9,True,True,Expiry ITM guard,24477.5,25054.0,6
dte4,iron_fly,5,2024-08-02,2024-08-08,0.133,12038.0,4212.0,-4829.7,-68.4,276.5,107.2,True,True,Expiry ITM guard,24833.5,24221.8,6
dte4,iron_fly,5,2024-08-16,2024-08-22,0.1,12025.0,4225.0,-4031.2,-57.05,249.2,73.7,True,True,Expiry ITM guard,24393.3,24826.0,6
dte4,iron_fly,5,2024-08-23,2024-08-29,0.033,11511.5,4738.5,-116.4,2.5,225.6,53.3,True,True,Expiry ITM guard,24834.5,25029.0,6
dte4,iron_fly,5,2024-08-30,2024-09-05,0.033,11651.2,4598.8,4732.4,76.85,219.9,43.0,True,False,Expiry ITM guard,25237.9,25242.0,6
dte4,iron_fly,5,2024-09-06,2024-09-12,0.05,11622.0,4628.0,3344.1,55.55,221.3,45.4,True,False,Expiry ITM guard,25101.2,25016.3,6
dte4,iron_fly,5,2024-09-13,2024-09-19,0.1,11560.2,4689.8,-469.4,-2.85,229.3,54.8,True,True,Expiry ITM guard,25325.8,25549.7,6
dte4,iron_fly,5,2024-09-20,2024-09-26,0.133,12116.0,4134.0,-3231.9,-44.15,267.0,95.1,True,True,Expiry ITM guard,25492.1,26030.0,6
dte4,iron_fly,5,2024-10-04,2024-10-10,0.583,12996.8,3253.2,2844.6,48.5,239.8,68.1,True,False,Expiry ITM guard,25140.4,25055.3,6
dte4,iron_fly,5,2024-10-11,2024-10-17,0.35,12275.2,3974.8,4992.5,81.0,227.8,44.7,True,False,Expiry ITM guard,24967.6,24956.8,6
dte4,iron_fly,5,2024-10-18,2024-10-24,0.417,12460.5,3789.5,1994.7,35.15,234.9,55.2,True,False,Expiry ITM guard,24579.8,24437.7,6
dte4,iron_fly,5,2024-10-25,2024-10-31,0.267,11956.8,4293.2,2865.3,48.3,228.0,46.2,True,False,Expiry ITM guard,24393.2,24309.0,6
dte4,iron_fly,5,2024-11-08,2024-11-14,0.483,12639.3,3610.7,-3572.5,-49.35,266.7,98.1,True,True,Expiry ITM guard,24091.5,23606.0,6
dte4,iron_fly,5,2024-11-22,2024-11-28,0.483,12509.2,3740.8,-4175.7,-57.55,297.7,137.3,True,True,Expiry ITM guard,23499.5,24277.5,6
dte4,iron_fly,5,2024-11-29,2024-12-05,0.45,12922.0,3328.0,-2718.5,-35.65,274.5,126.8,True,True,Expiry ITM guard,23964.6,24496.8,6
dte4,iron_fly,5,2024-12-06,2024-12-12,0.617,13604.5,2645.5,7151.4,115.05,245.8,81.0,True,False,Target %credit,24711.8,24650.7,6
dte4,iron_fly,5,2024-12-13,2024-12-19,0.2,12753.0,3497.0,-3819.7,-53.25,263.8,94.7,True,True,Expiry ITM guard,24419.7,23919.5,6
dte4,iron_fly,5,2024-12-27,2025-01-02,0.267,12805.0,3445.0,1557.2,28.55,238.5,60.1,True,False,Expiry ITM guard,23840.0,23788.8,6
dte4,iron_fly,5,2025-01-03,2025-01-09,0.183,12863.5,3386.5,-2488.5,-32.55,270.5,102.2,True,True,Expiry ITM guard,24155.8,23618.2,6
dte4,iron_fly,5,2025-01-10,2025-01-16,0.133,12831.0,3419.0,-918.3,-9.6,236.0,58.3,True,True,Expiry ITM guard,23565.7,23335.8,6
dte4,iron_fly,5,2025-01-17,2025-01-23,0.25,12606.8,3643.2,4874.0,79.3,231.3,49.2,True,False,Expiry ITM guard,23186.5,23109.8,6
dte4,iron_fly,5,2025-01-24,2025-01-30,0.267,12905.8,3344.2,1043.3,20.9,245.8,69.4,True,False,Expiry ITM guard,23281.2,23159.9,6
dte4,iron_fly,5,2025-02-01,2025-02-06,0.7,13390.0,2860.0,1805.8,33.1,251.6,94.1,True,False,Expiry ITM guard,23494.4,23727.4,5
dte4,iron_fly,5,2025-02-07,2025-02-13,0.3,12977.2,3272.8,-3144.3,-42.55,270.3,108.2,True,True,Expiry ITM guard,23578.5,23080.5,6
dte4,iron_fly,5,2025-02-14,2025-02-20,0.1,12636.0,3614.0,-203.9,1.5,239.3,62.1,True,True,Expiry ITM guard,23087.7,22857.1,6
dte4,iron_fly,5,2025-02-28,2025-03-06,0.05,12421.5,3828.5,3286.1,54.9,225.8,56.6,True,False,Expiry ITM guard,22319.8,22432.8,6
dte4,iron_fly,5,2025-03-07,2025-03-13,0.1,12031.5,4218.5,6080.8,97.6,223.9,39.3,True,False,Target %credit,22515.8,22484.7,6
dte4,iron_fly,5,2025-03-21,2025-03-27,0.017,11635.0,4615.0,-3435.7,-47.85,240.8,84.7,True,True,Expiry ITM guard,23162.8,23506.8,6
dte4,iron_fly,5,2025-04-09,2025-04-09,1.0,9597.2,6652.8,4697.5,76.0,211.9,30.6,True,False,Target %credit,22428.7,22408.4,0
dte4,iron_fly,5,2025-05-02,2025-05-07,0.417,12444.2,3805.8,5992.5,96.75,235.5,60.8,True,False,Target %credit,24403.7,24357.0,5
dte4,iron_fly,5,2025-05-09,2025-05-15,0.833,13065.0,3185.0,-3186.5,-42.35,285.9,147.8,True,True,Expiry ITM guard,24090.0,24622.7,6
dte4,iron_fly,5,2025-05-16,2025-05-22,0.367,12564.5,3685.5,-2445.3,-32.2,259.3,93.0,True,True,Expiry ITM guard,25001.7,24643.0,6
dte4,iron_fly,5,2025-05-23,2025-05-29,0.3,12736.8,3513.2,2166.5,38.1,239.2,70.8,True,False,Expiry ITM guard,24719.2,24848.0,6
dte4,iron_fly,5,2025-05-30,2025-06-05,0.35,13123.5,3126.5,-741.4,-6.45,245.7,76.4,True,True,Expiry ITM guard,24857.8,24627.3,6
dte4,iron_fly,5,2025-06-06,2025-06-12,0.1,12395.5,3854.5,-3607.0,-50.35,253.1,81.2,True,True,Expiry ITM guard,24747.6,25164.0,6
dte4,iron_fly,5,2025-06-13,2025-06-19,0.317,12964.2,3285.8,4608.6,75.7,238.6,73.3,True,False,Expiry ITM guard,24628.5,24756.2,6
dte4,iron_fly,5,2025-06-20,2025-06-26,0.05,12184.2,4065.8,-4030.9,-56.8,255.0,83.9,True,True,Expiry ITM guard,24840.4,25283.7,6
dte4,iron_fly,5,2025-06-27,2025-07-03,0.017,12171.2,4078.8,4540.9,74.05,227.6,44.7,True,False,Expiry ITM guard,25587.4,25521.0,6
dte4,iron_fly,5,2025-07-04,2025-07-10,0.017,11885.3,4364.7,4562.2,74.25,223.9,40.1,True,False,Expiry ITM guard,25414.6,25470.2,6
dte4,iron_fly,5,2025-07-11,2025-07-17,0.017,11076.0,5174.0,4069.2,66.6,218.6,41.2,True,False,Expiry ITM guard,25300.1,25217.6,6
dte4,iron_fly,5,2025-07-18,2025-07-24,0.033,11111.8,5138.2,3054.0,51.0,219.0,42.0,True,False,Expiry ITM guard,25081.1,25203.5,6
dte4,iron_fly,5,2025-07-25,2025-07-31,0.033,10773.8,5476.2,-3380.1,-47.45,230.2,65.6,True,True,Expiry ITM guard,24932.8,24680.3,6
dte4,iron_fly,5,2025-08-01,2025-08-07,0.117,11804.0,4446.0,405.3,10.5,228.7,48.5,True,False,Expiry ITM guard,24712.7,24519.5,6
dte4,iron_fly,5,2025-08-08,2025-08-14,0.067,11368.5,4881.5,3232.6,53.75,220.7,40.4,True,False,Expiry ITM guard,24561.0,24642.2,6
dte4,iron_fly,5,2025-09-03,2025-09-09,0.083,11154.0,5096.0,-3994.1,-56.85,231.4,67.5,True,True,Expiry ITM guard,24558.2,24854.2,6
dte4,iron_fly,5,2025-09-10,2025-09-16,0.067,10816.0,5434.0,404.0,10.25,218.8,43.4,True,False,Expiry ITM guard,24966.1,25106.8,6
dte4,iron_fly,5,2025-09-17,2025-09-23,0.083,10630.8,5619.2,4282.0,69.75,215.4,36.4,True,False,Expiry ITM guard,25320.4,25228.0,6
dte4,iron_fly,5,2025-09-24,2025-09-30,0.133,10708.8,5541.2,-5237.4,-75.75,236.2,77.5,True,True,Expiry ITM guard,25084.0,24713.7,6
dte4,iron_fly,5,2025-10-08,2025-10-14,0.117,10507.2,5742.8,-145.1,1.8,218.6,43.5,True,True,Expiry ITM guard,25174.7,25293.3,6
dte4,iron_fly,5,2025-10-15,2025-10-21,0.417,10913.5,5336.5,-1481.6,-16.25,274.9,150.5,True,True,Expiry ITM guard,25242.5,25903.2,6
dte4,iron_fly,5,2025-10-29,2025-11-04,0.633,12080.3,4169.7,-927.3,-9.8,234.2,56.1,True,True,Expiry ITM guard,25988.5,25755.4,6
dte4,iron_fly,5,2025-11-12,2025-11-18,0.633,11869.0,4381.0,3480.8,57.7,224.5,45.2,True,False,Expiry ITM guard,25839.5,25947.3,6
dte4,iron_fly,5,2025-11-19,2025-11-25,0.683,11875.5,4374.5,4399.0,71.75,224.2,40.6,True,False,Expiry ITM guard,25900.7,25965.0,6
dte4,iron_fly,5,2025-11-26,2025-12-02,0.517,11592.8,4657.2,-413.5,-2.15,225.5,48.2,True,True,Expiry ITM guard,25969.3,26141.5,6
dte4,iron_fly,5,2025-12-03,2025-12-09,0.4,11410.8,4839.2,464.0,11.3,223.6,46.8,True,False,Expiry ITM guard,26007.8,25821.0,6
dte4,iron_fly,5,2025-12-10,2025-12-16,0.433,11433.5,4816.5,3450.9,57.1,220.6,40.0,True,False,Expiry ITM guard,25855.7,25943.3,6
dte4,iron_fly,5,2025-12-17,2025-12-23,0.25,11293.8,4956.2,-2866.9,-39.7,227.0,59.3,True,True,Expiry ITM guard,25919.7,26166.7,6
dte4,iron_fly,5,2025-12-31,2026-01-06,0.05,10653.5,5596.5,-1873.2,-24.75,219.3,45.1,True,True,Expiry ITM guard,26003.9,26195.8,6
dte4,iron_fly,5,2026-01-07,2026-01-13,0.067,10393.5,5856.5,-4408.0,-63.3,228.3,65.2,True,True,Expiry ITM guard,26154.6,25845.8,6
dte4,iron_fly,5,2026-01-29,2026-02-03,0.967,12665.2,3584.8,-2562.4,-33.3,273.0,124.9,True,True,Expiry ITM guard,25275.8,25809.8,5
dte4,iron_fly,5,2026-02-04,2026-02-10,0.75,12301.2,3948.8,1270.5,24.0,234.4,55.1,True,False,Expiry ITM guard,25754.2,25918.0,6
dte4,iron_fly,5,2026-02-11,2026-02-17,0.267,10871.2,5378.8,-5272.6,-76.1,240.5,85.6,True,True,Expiry ITM guard,25980.7,25612.5,6
dte4,iron_fly,5,2026-02-18,2026-02-24,0.433,11170.3,5079.7,1462.0,26.6,224.4,42.6,True,False,Expiry ITM guard,25704.5,25571.2,6
dte4,iron_fly,5,2026-03-04,2026-03-10,0.933,13822.2,2427.8,1943.1,36.15,273.2,133.4,True,False,Expiry ITM guard,24341.2,24150.7,6
dte4,iron_fly,5,2026-03-11,2026-03-17,0.833,13360.8,2889.2,-3412.7,-44.45,322.6,200.8,True,True,Expiry ITM guard,24243.6,23395.5,6
dte4,iron_fly,5,2026-03-18,2026-03-24,0.7,12847.2,3402.8,-3929.2,-52.35,323.7,202.7,True,True,Expiry ITM guard,23676.2,22785.2,6
dte4,iron_fly,5,2026-03-30,2026-04-07,0.95,11274.2,4975.8,-690.5,-6.2,227.1,60.3,True,True,Expiry ITM guard,22529.3,22773.0,8
dte4,iron_fly,5,2026-04-15,2026-04-21,0.433,13295.8,2954.2,-115.0,3.85,269.2,96.1,True,True,Expiry ITM guard,24208.8,24468.9,6
dte4,iron_fly,5,2026-04-22,2026-04-28,0.467,13360.8,2889.2,-2255.8,-28.65,281.4,112.1,True,True,Expiry ITM guard,24463.4,24093.8,6
dte4,iron_fly,5,2026-05-06,2026-05-12,0.3,12821.2,3428.8,-3262.8,-44.3,283.6,99.7,True,True,Expiry ITM guard,24185.2,23737.8,6
dte4,iron_fly,5,2026-05-13,2026-05-19,0.467,13149.5,3100.5,-784.8,-6.35,272.1,100.0,True,True,Expiry ITM guard,23437.9,23734.8,6
dte4,iron_fly,5,2026-05-20,2026-05-26,0.417,13308.8,2941.2,-2862.3,-37.1,308.1,142.7,True,True,Expiry ITM guard,23458.7,24012.5,6
dte4,iron_fly,5,2026-06-03,2026-06-09,0.2,13052.0,3198.0,5102.6,83.3,250.2,61.7,True,False,Expiry ITM guard,23305.8,23235.2,6
dte4,iron_fly,5,2026-06-10,2026-06-16,0.15,12827.8,3422.2,-3932.4,-54.2,299.5,109.9,True,True,Expiry ITM guard,23326.8,23933.0,6
dte4,iron_fly,5,2026-06-17,2026-06-23,0.017,12278.5,3971.5,5465.9,88.4,237.4,42.7,True,False,Expiry ITM guard,23987.6,24076.3,6
dte4,iron_fly,5,2026-07-01,2026-07-07,0.15,12600.3,3649.7,-4173.3,-58.2,289.8,100.5,True,True,Expiry ITM guard,23912.4,24460.2,6
dte4,iron_condor,5,2021-07-02,2021-07-08,,3909.8,12340.2,-1554.8,-20.45,198.9,26.6,True,True,Expiry ITM guard,15666.5,15870.9,6
dte4,iron_condor,5,2021-07-09,2021-07-12,,4842.5,11407.5,2221.4,37.6,200.4,22.1,False,False,Target %credit,15646.8,15684.7,3
dte4,iron_condor,5,2021-07-23,2021-07-27,,3077.8,13172.2,1334.6,23.8,195.8,16.6,False,False,Target %credit,15863.6,15867.5,4
dte4,iron_condor,5,2021-07-30,2021-08-05,0.143,3428.8,12821.2,-12161.4,-182.65,214.7,74.5,True,True,Expiry ITM guard,15785.7,16267.3,6
dte4,iron_condor,5,2021-08-06,2021-08-10,0.308,4257.5,11992.5,2164.6,36.75,199.3,24.9,False,False,Target %credit,16320.6,16292.8,4
dte4,iron_condor,5,2021-08-20,2021-08-26,0.371,4897.8,11352.2,1976.6,33.85,200.6,23.1,True,False,Expiry ITM guard,16453.5,16619.3,6
dte4,iron_condor,5,2021-08-27,2021-09-02,0.15,4052.8,12197.2,-11253.8,-168.75,214.9,70.2,True,True,Expiry ITM guard,16628.4,17111.6,6
dte4,iron_condor,5,2021-09-03,2021-09-07,0.311,5070.0,11180.0,2321.5,39.1,201.6,18.3,False,False,Target %credit,17291.0,17349.9,4
dte4,iron_condor,5,2021-09-17,2021-09-23,0.167,5050.5,11199.5,3687.1,60.1,200.1,19.3,False,False,Target %credit,17737.7,17657.7,6
dte4,iron_condor,5,2021-09-24,2021-09-29,0.576,6487.0,9763.0,3149.2,52.0,206.0,24.9,False,False,Target %credit,17914.7,17764.1,5
dte4,iron_condor,5,2021-10-01,2021-10-06,0.767,7865.0,8385.0,3787.3,62.0,210.8,31.9,True,False,Target %credit,17502.6,17652.5,5
dte4,iron_condor,5,2021-10-08,2021-10-14,0.4,6236.8,10013.2,-8357.3,-124.55,216.6,44.9,True,True,Expiry ITM guard,17872.8,18283.6,6
dte4,iron_condor,5,2021-10-22,2021-10-27,0.4,6977.8,9272.2,3302.5,54.45,208.2,28.5,False,False,Target %credit,18248.2,18297.3,5
dte4,iron_condor,5,2021-11-03,2021-11-03,0.95,926.2,15323.8,269.0,7.15,190.9,4.9,False,False,Target %credit,17952.9,17867.0,0
dte4,iron_condor,5,2021-11-12,2021-11-17,0.167,6194.5,10055.5,3128.1,51.6,204.1,21.8,False,False,Target %credit,17953.9,17930.2,5
dte4,iron_condor,5,2021-11-26,2021-12-01,0.367,7393.8,8856.2,3521.9,57.95,211.2,33.7,False,False,Target %credit,17295.3,17211.4,5
dte4,iron_condor,5,2021-12-03,2021-12-08,0.317,7400.3,8849.8,3492.9,57.45,210.0,31.4,False,False,Target %credit,17458.2,17354.0,5
dte4,iron_condor,5,2021-12-10,2021-12-16,0.183,7101.2,9148.8,3491.0,57.3,207.1,26.4,True,False,Target %credit,17523.2,17344.4,6
dte4,iron_condor,5,2021-12-17,2021-12-23,0.15,7007.0,9243.0,3591.7,58.85,207.1,26.4,True,False,Target %credit,17182.7,17037.5,6
dte4,iron_condor,5,2021-12-24,2021-12-29,0.183,6669.0,9581.0,3254.4,53.65,206.7,26.1,False,False,Target %credit,17102.7,17205.2,5
dte4,iron_condor,5,2021-12-31,2022-01-06,0.05,6548.8,9701.2,-8851.6,-131.85,223.6,57.8,True,True,Expiry ITM guard,17298.1,17748.3,6
dte4,iron_condor,5,2022-01-07,2022-01-13,0.15,7166.2,9083.8,-6073.0,-89.35,218.2,47.0,True,True,Expiry ITM guard,17841.9,18238.8,6
dte4,iron_condor,5,2022-01-14,2022-01-20,0.033,6555.3,9694.8,-2100.1,-28.6,209.6,31.5,True,True,Expiry ITM guard,18181.0,17913.9,6
dte4,iron_condor,5,2022-01-28,2022-02-03,0.917,10708.8,5541.2,-5016.7,-72.1,253.1,77.1,True,True,Expiry ITM guard,17239.3,17751.3,6
dte4,iron_condor,5,2022-02-04,2022-02-09,0.383,8066.5,8183.5,4358.5,70.8,213.1,30.4,False,False,Target %credit,17551.2,17434.7,5
dte4,iron_condor,5,2022-02-11,2022-02-16,0.133,7475.0,8775.0,3614.5,59.4,211.8,34.8,False,False,Target %credit,17404.6,17335.2,5
dte4,iron_condor,5,2022-02-18,2022-02-23,0.717,9603.8,6646.2,4600.9,75.0,226.8,47.3,False,False,Target %credit,17278.5,17216.0,5
dte4,iron_condor,5,2022-03-04,2022-03-10,0.85,11150.8,5099.2,-1542.3,-18.65,250.9,79.2,True,True,Expiry ITM guard,16259.1,16679.8,6
dte4,iron_condor,5,2022-03-11,2022-03-17,0.633,10302.5,5947.5,-5841.9,-84.25,268.4,97.3,True,True,Expiry ITM guard,16574.3,17218.9,6
dte4,iron_condor,5,2022-03-25,2022-03-31,0.333,9392.5,6857.5,-2073.1,-27.75,225.2,44.1,True,True,Expiry ITM guard,17202.1,17535.3,6
dte4,iron_condor,5,2022-04-01,2022-04-07,0.15,8066.5,8183.5,1122.2,21.05,213.5,32.5,True,False,Expiry ITM guard,17482.1,17735.9,6
dte4,iron_condor,5,2022-04-13,2022-04-21,0.317,520.0,15730.0,-13608.9,-205.45,204.6,50.1,True,True,Expiry ITM guard,17635.2,17245.8,8
dte4,iron_condor,5,2022-04-22,2022-04-27,0.033,7510.7,8739.2,4089.4,66.65,210.5,32.4,False,False,Target %credit,17215.8,17080.2,5
dte4,iron_condor,5,2022-05-06,2022-05-12,0.367,9025.3,7224.7,-4220.7,-60.45,233.3,58.1,True,True,Expiry ITM guard,16403.1,15959.6,6
dte4,iron_condor,5,2022-05-13,2022-05-19,0.383,9168.2,7081.8,6515.7,104.05,216.6,30.9,False,False,Target %credit,15966.7,15923.9,6
dte4,iron_condor,5,2022-05-20,2022-05-25,0.267,9152.0,7098.0,4479.5,72.9,219.5,39.5,False,False,Target %credit,16123.0,16107.3,5
dte4,iron_condor,5,2022-05-27,2022-06-02,0.283,8791.2,7458.8,5001.9,80.75,214.5,32.4,True,False,Target %credit,16315.4,16459.8,6
dte4,iron_condor,5,2022-06-03,2022-06-09,0.1,8034.0,8216.0,-7617.3,-112.45,234.3,73.7,True,True,Expiry ITM guard,16781.3,16286.2,6
dte4,iron_condor,5,2022-06-10,2022-06-16,0.083,7676.5,8573.5,-6777.7,-99.85,226.1,61.4,True,True,Expiry ITM guard,16309.8,15844.8,6
dte4,iron_condor,5,2022-06-17,2022-06-23,0.567,9574.5,6675.5,2861.9,48.05,222.3,39.0,True,False,Expiry ITM guard,15259.7,15468.9,6
dte4,iron_condor,5,2022-06-24,2022-06-29,0.25,8407.8,7842.2,4280.1,69.7,214.1,36.4,False,False,Target %credit,15713.8,15698.2,5
dte4,iron_condor,5,2022-07-01,2022-07-07,0.217,8456.5,7793.5,-5259.8,-76.55,227.0,57.0,True,True,Expiry ITM guard,15712.5,16113.0,6
dte4,iron_condor,5,2022-07-08,2022-07-13,0.05,7332.0,8918.0,3466.2,56.95,207.9,27.6,False,False,Target %credit,16210.3,16118.2,5
dte4,iron_condor,5,2022-07-15,2022-07-21,0.017,6503.2,9746.8,-9294.8,-138.55,226.2,62.8,True,True,Expiry ITM guard,16006.9,16513.8,6
dte4,iron_condor,5,2022-07-22,2022-07-27,0.017,6194.5,10055.5,2916.0,48.35,204.4,22.3,False,False,Target %credit,16695.7,16616.8,5
dte4,iron_condor,5,2022-07-29,2022-08-04,0.033,6665.8,9584.2,-5895.2,-86.75,215.0,41.5,True,True,Expiry ITM guard,17111.5,17465.1,6
dte4,iron_condor,5,2022-08-19,2022-08-25,0.017,5924.8,10325.2,-2453.1,-34.15,206.7,26.7,True,True,Expiry ITM guard,17973.7,17672.4,6
dte4,iron_condor,5,2022-09-02,2022-09-07,0.267,8105.5,8144.5,3812.0,62.45,212.6,34.7,False,False,Target %credit,17601.9,17582.7,5
dte4,iron_condor,5,2022-09-09,2022-09-15,0.05,6825.0,9425.0,1591.3,28.05,206.5,25.4,True,False,Expiry ITM guard,17891.2,18083.8,6
dte4,iron_condor,5,2022-09-16,2022-09-22,0.2,7956.0,8294.0,4216.4,68.6,210.6,32.0,False,False,Target %credit,17767.6,17659.8,6
dte4,iron_condor,5,2022-09-23,2022-09-29,0.383,8433.8,7816.2,-7491.5,-110.35,238.4,80.3,True,True,Expiry ITM guard,17562.9,17006.7,6
dte4,iron_condor,5,2022-10-07,2022-10-13,0.183,7458.8,8791.2,1607.4,28.45,210.2,31.7,True,False,Expiry ITM guard,17290.2,17088.3,6
dte4,iron_condor,5,2022-10-14,2022-10-20,0.167,7634.2,8615.8,5103.2,82.1,207.3,26.0,True,False,Target %credit,17281.0,17453.3,6
dte4,iron_condor,5,2022-10-28,2022-11-03,0.083,6623.5,9626.5,344.1,8.85,206.2,25.0,True,False,Expiry ITM guard,17802.1,18021.8,6
dte4,iron_condor,5,2022-11-11,2022-11-15,0.017,5690.8,10559.2,2627.9,43.9,201.9,23.7,False,False,Target %credit,18307.7,18295.8,4
dte4,iron_condor,5,2022-11-18,2022-11-22,0.033,5310.5,10939.5,2577.7,43.1,200.6,23.1,False,False,Target %credit,18346.8,18234.8,4
dte4,iron_condor,5,2022-11-25,2022-12-01,0.017,4738.5,11511.5,-9928.1,-148.85,212.0,40.9,True,True,Expiry ITM guard,18458.8,18867.0,6
dte4,iron_condor,5,2022-12-02,2022-12-07,0.033,5339.8,10910.2,2560.8,42.85,201.0,23.4,False,False,Target %credit,18737.9,18661.7,5
dte4,iron_condor,5,2022-12-09,2022-12-14,0.017,4423.2,11826.8,2374.0,39.9,198.1,21.5,False,False,Target %credit,18641.1,18654.3,5
dte4,iron_condor,5,2022-12-16,2022-12-20,0.067,4982.2,11267.8,2321.2,39.15,201.1,22.5,False,False,Target %credit,18397.2,18336.9,4
dte4,iron_condor,5,2022-12-23,2022-12-28,0.55,7033.0,9217.0,3377.5,55.6,208.1,28.3,False,False,Target %credit,17975.6,18089.8,5
dte4,iron_condor,5,2022-12-30,2023-01-03,0.15,5421.0,10829.0,2494.7,41.75,201.5,17.6,False,False,Target %credit,18237.4,18234.9,4
dte4,iron_condor,5,2023-01-06,2023-01-11,0.2,5586.8,10663.2,2646.9,44.1,201.7,17.9,False,False,Target %credit,18003.0,17895.8,5
dte4,iron_condor,5,2023-01-13,2023-01-19,0.55,6685.2,9564.8,-3929.5,-56.7,210.7,33.3,True,True,Expiry ITM guard,17797.2,18117.1,6
dte4,iron_condor,5,2023-01-27,2023-02-01,0.85,9187.8,7062.2,4586.3,74.45,218.8,34.2,False,False,Target %credit,17799.7,17893.8,5
dte4,iron_condor,5,2023-02-03,2023-02-09,0.567,7036.3,9213.8,2197.7,37.4,207.0,26.3,True,False,Expiry ITM guard,17672.7,17843.4,6
dte4,iron_condor,5,2023-02-10,2023-02-15,0.05,4712.5,11537.5,2507.7,42.0,198.9,23.4,False,False,Target %credit,17847.7,17890.8,5
dte4,iron_condor,5,2023-02-17,2023-02-23,0.05,4374.5,11875.5,-9100.0,-135.8,210.7,62.3,True,True,Expiry ITM guard,17964.1,17550.8,6
dte4,iron_condor,5,2023-02-24,2023-03-01,0.117,5161.0,11089.0,2588.6,43.2,200.1,19.3,False,False,Target %credit,17585.8,17465.6,5
dte4,iron_condor,5,2023-03-10,2023-03-16,0.15,5014.7,11235.2,-9840.7,-147.2,220.0,52.8,True,True,Expiry ITM guard,17396.6,16926.7,6
dte4,iron_condor,5,2023-03-17,2023-03-21,0.433,6750.3,9499.8,3217.0,53.05,206.2,25.0,False,False,Target %credit,17107.7,17106.9,4
dte4,iron_condor,5,2023-03-29,2023-03-29,0.833,572.0,15678.0,184.5,5.8,189.9,2.6,False,False,Target %credit,16999.2,16968.9,0
dte4,iron_condor,5,2023-04-21,2023-04-26,0.033,3558.8,12691.2,1802.1,31.0,196.0,16.8,False,False,Target %credit,17647.8,17737.4,5
dte4,iron_condor,5,2023-05-05,2023-05-11,0.033,3536.0,12714.0,-472.4,-3.9,197.3,21.6,True,True,Expiry ITM guard,18166.3,18323.9,6
dte4,iron_condor,5,2023-05-12,2023-05-17,0.083,4608.5,11641.5,2234.9,37.7,198.7,16.9,False,False,Target %credit,18223.4,18277.7,5
dte4,iron_condor,5,2023-05-19,2023-05-24,0.083,4147.0,12103.0,1959.9,33.5,197.4,20.1,False,False,Target %credit,18145.0,18265.2,5
dte4,iron_condor,5,2023-05-26,2023-06-01,0.083,3994.2,12255.8,-1096.3,-13.4,198.9,26.4,True,True,Expiry ITM guard,18336.6,18560.0,6
dte4,iron_condor,5,2023-06-02,2023-06-06,0.067,4043.0,12207.0,1908.1,32.7,197.3,20.0,False,False,Target %credit,18559.2,18585.6,4
dte4,iron_condor,5,2023-06-09,2023-06-13,0.033,3588.0,12662.0,1647.7,28.65,196.5,18.1,False,False,Target %credit,18665.4,18697.0,4
dte4,iron_condor,5,2023-06-16,2023-06-20,0.017,3058.2,13191.8,1332.2,23.75,195.6,16.0,False,False,Target %credit,18745.0,18720.5,4
dte4,iron_condor,5,2023-06-30,2023-07-06,0.083,3643.3,12606.8,-5812.5,-85.7,202.7,39.3,True,True,Expiry ITM guard,19083.8,19399.2,6
dte4,iron_condor,5,2023-07-07,2023-07-11,0.217,4654.0,11596.0,2588.4,43.25,199.0,23.8,False,False,Target %credit,19474.5,19449.0,4
dte4,iron_condor,5,2023-07-14,2023-07-20,0.033,3799.2,12450.8,-8424.4,-125.65,206.4,50.8,True,True,Expiry ITM guard,19464.0,19798.5,6
dte4,iron_condor,5,2023-07-21,2023-07-26,0.45,5291.0,10959.0,2482.5,41.65,201.9,22.9,False,False,Target %credit,19876.9,19805.9,5
dte4,iron_condor,5,2023-07-28,2023-08-02,0.267,5170.8,11079.2,3206.5,52.7,200.0,19.0,False,False,Target %credit,19617.6,19654.2,5
dte4,iron_condor,5,2023-08-04,2023-08-08,0.167,4426.5,11823.5,2030.0,34.65,198.7,23.5,False,False,Target %credit,19481.7,19567.9,4
dte4,iron_condor,5,2023-08-18,2023-08-22,0.1,3971.5,12278.5,1788.1,30.85,197.2,19.9,False,False,Target %credit,19315.2,19396.2,4
dte4,iron_condor,5,2023-08-25,2023-08-29,0.167,4277.0,11973.0,1920.4,32.95,198.5,22.9,False,False,Target %credit,19314.5,19332.9,4
dte4,iron_condor,5,2023-09-01,2023-09-07,0.133,4052.8,12197.2,-3773.3,-54.45,200.9,33.2,True,True,Expiry ITM guard,19291.1,19575.6,6
dte4,iron_condor,5,2023-09-08,2023-09-14,0.017,3555.5,12694.5,-9388.0,-140.45,206.7,52.1,True,True,Expiry ITM guard,19766.0,20130.9,6
dte4,iron_condor,5,2023-09-22,2023-09-27,0.133,4348.5,11901.5,2050.2,34.95,198.6,23.0,False,False,Target %credit,19785.8,19682.0,5
dte4,iron_condor,5,2023-10-06,2023-10-12,0.05,4075.5,12174.5,-2338.9,-32.45,199.9,29.7,True,True,Expiry ITM guard,19611.7,19826.8,6
dte4,iron_condor,5,2023-10-13,2023-10-18,0.167,4667.0,11583.0,2350.9,39.6,199.0,24.0,False,False,Target %credit,19720.8,19787.5,5
dte4,iron_condor,5,2023-10-27,2023-11-01,0.617,6006.0,10244.0,3283.3,53.95,203.2,20.3,False,False,Target %credit,18977.2,19055.0,5
dte4,iron_condor,5,2023-11-03,2023-11-09,0.167,4423.2,11826.8,1472.8,26.05,198.1,22.3,True,False,Expiry ITM guard,19246.2,19413.3,6
dte4,iron_condor,5,2023-11-17,2023-11-21,0.1,4517.5,11732.5,2052.2,34.9,198.8,17.5,False,False,Target %credit,19758.6,19762.0,4
dte4,iron_condor,5,2023-12-01,2023-12-07,0.5,6448.0,9802.0,-10150.1,-150.8,245.3,102.8,True,True,Expiry ITM guard,20220.0,20865.7,6
dte4,iron_condor,5,2023-12-08,2023-12-13,0.233,5564.0,10686.0,2760.1,45.95,202.2,24.4,False,False,Target %credit,20966.2,20887.0,5
dte4,iron_condor,5,2023-12-15,2023-12-20,0.183,5564.0,10686.0,2784.6,46.35,202.9,25.3,False,False,Target %credit,21260.8,21259.9,5
dte4,iron_condor,5,2023-12-29,2024-01-02,0.633,7926.8,8323.2,3741.6,61.35,212.1,34.0,False,False,Target %credit,21713.2,21640.6,4
dte4,iron_condor,5,2024-01-05,2024-01-10,0.133,5658.2,10591.8,3124.4,51.55,201.7,24.6,False,False,Target %credit,21724.0,21588.5,5
dte4,iron_condor,5,2024-01-12,2024-01-18,0.233,6045.0,10205.0,-3878.9,-55.9,210.9,34.5,True,True,Expiry ITM guard,21727.5,21447.3,6
dte4,iron_condor,5,2024-01-19,2024-01-25,0.517,7530.2,8719.8,989.8,19.1,213.6,38.1,True,False,Expiry ITM guard,21647.3,21411.2,6
dte4,iron_condor,5,2024-02-02,2024-02-07,0.517,7816.2,8433.8,3699.8,60.7,211.9,33.8,False,False,Target %credit,21947.8,21917.0,5
dte4,iron_condor,5,2024-02-09,2024-02-14,0.633,8622.2,7627.8,4077.3,66.65,215.8,39.2,False,False,Target %credit,21756.6,21635.1,5
dte4,iron_condor,5,2024-02-16,2024-02-21,0.367,7923.5,8326.5,3939.7,64.35,210.8,32.3,False,False,Target %credit,21999.3,22071.2,5
dte4,iron_condor,5,2024-02-23,2024-02-28,0.317,8105.5,8144.5,3966.7,64.8,211.8,33.4,False,False,Target %credit,22249.2,22224.2,5
dte4,iron_condor,5,2024-03-02,2024-03-05,0.35,7718.8,8531.2,3689.2,60.5,211.1,32.2,False,False,Target %credit,22375.5,22358.5,3
dte4,iron_condor,5,2024-03-15,2024-03-21,0.117,7887.8,8362.2,5604.7,89.85,208.3,27.2,False,False,Target %credit,22106.3,22004.8,6
dte4,iron_condor,5,2024-04-10,2024-04-10,0.8,1283.8,14966.2,471.9,10.3,191.4,6.2,False,False,Target %credit,22706.8,22697.3,0
dte4,iron_condor,5,2024-04-19,2024-04-25,0.367,8560.5,7689.5,-6725.7,-98.75,236.0,71.0,True,True,Expiry ITM guard,21862.2,22340.8,6
dte4,iron_condor,5,2024-05-03,2024-05-09,0.05,6685.3,9564.8,-8309.1,-123.3,228.2,66.4,True,True,Expiry ITM guard,22779.7,22300.2,6
dte4,iron_condor,5,2024-05-10,2024-05-16,0.317,8433.8,7816.2,-540.6,-4.3,217.8,43.3,True,True,Expiry ITM guard,22008.3,22292.6,6
dte4,iron_condor,5,2024-05-17,2024-05-23,0.117,7858.5,8391.5,-385.2,-2.05,214.4,37.6,True,True,Expiry ITM guard,22363.8,22596.8,6
dte4,iron_condor,5,2024-05-24,2024-05-30,0.267,8502.0,7748.0,152.4,6.5,220.6,49.4,True,False,Expiry ITM guard,22963.7,22684.0,6
dte4,iron_condor,5,2024-05-31,2024-06-03,1.0,13110.5,3139.5,11068.1,178.6,324.9,216.0,True,False,Target %credit,22617.2,23281.5,3
dte4,iron_condor,5,2024-06-07,2024-06-13,0.683,10234.3,6015.7,-5151.9,-74.2,251.7,77.3,True,True,Expiry ITM guard,22923.5,23434.7,6
dte4,iron_condor,5,2024-06-21,2024-06-27,0.067,6756.8,9493.2,158.1,6.15,209.8,31.8,True,False,Expiry ITM guard,23598.8,23841.5,6
dte4,iron_condor,5,2024-06-28,2024-07-04,0.15,7930.0,8320.0,1058.0,20.15,213.8,38.0,True,False,Expiry ITM guard,24117.0,24345.5,6
dte4,iron_condor,5,2024-07-05,2024-07-10,0.05,6740.5,9509.5,3172.7,52.35,205.8,24.3,False,False,Target %credit,24204.7,24250.7,5
dte4,iron_condor,5,2024-07-19,2024-07-25,0.517,10198.5,6051.5,-4896.2,-70.3,250.7,76.0,True,True,Expiry ITM guard,24746.0,24235.8,6
dte4,iron_condor,5,2024-07-26,2024-08-01,0.083,7046.0,9204.0,-8572.3,-127.0,236.2,81.1,True,True,Expiry ITM guard,24477.5,25054.0,6
dte4,iron_condor,5,2024-08-02,2024-08-08,0.133,7527.0,8723.0,-8136.0,-119.9,246.2,96.3,True,True,Expiry ITM guard,24833.5,24221.8,6
dte4,iron_condor,5,2024-08-16,2024-08-22,0.1,7423.0,8827.0,-6425.4,-94.65,221.1,52.1,True,True,Expiry ITM guard,24393.3,24826.0,6
dte4,iron_condor,5,2024-08-23,2024-08-29,0.033,6555.2,9694.8,1511.0,26.8,206.1,25.0,True,False,Expiry ITM guard,24834.5,25029.0,6
dte4,iron_condor,5,2024-08-30,2024-09-04,0.033,6691.8,9558.2,3368.0,55.35,205.7,24.1,False,False,Target %credit,25237.9,25175.8,5
dte4,iron_condor,5,2024-09-06,2024-09-10,0.05,6717.8,9532.2,3204.5,52.85,206.0,24.7,False,False,Target %credit,25101.2,25098.0,4
dte4,iron_condor,5,2024-09-13,2024-09-19,0.1,6760.0,9490.0,1119.2,20.9,209.0,30.3,True,False,Expiry ITM guard,25325.8,25549.7,6
dte4,iron_condor,5,2024-09-20,2024-09-26,0.133,7410.0,8840.0,-8242.9,-121.95,237.5,78.7,True,True,Expiry ITM guard,25492.1,26030.0,6
dte4,iron_condor,5,2024-10-04,2024-10-09,0.583,9197.5,7052.5,4419.7,72.0,222.1,38.2,False,False,Target %credit,25140.4,25202.9,5
dte4,iron_condor,5,2024-10-11,2024-10-16,0.35,8014.5,8235.5,4035.8,65.9,212.9,34.8,False,False,Target %credit,24967.6,25017.1,5
dte4,iron_condor,5,2024-10-18,2024-10-23,0.417,8206.2,8043.8,3932.5,64.35,216.0,34.3,False,False,Target %credit,24579.8,24555.8,5
dte4,iron_condor,5,2024-10-25,2024-10-30,0.267,7566.0,8684.0,3639.3,59.75,211.2,33.2,False,False,Target %credit,24393.2,24428.2,5
dte4,iron_condor,5,2024-11-08,2024-11-14,0.483,8762.0,7488.0,-5085.7,-73.55,238.1,66.9,True,True,Expiry ITM guard,24091.5,23606.0,6
dte4,iron_condor,5,2024-11-22,2024-11-28,0.483,8680.8,7569.2,-6721.4,-97.2,267.6,135.8,True,True,Expiry ITM guard,23499.5,24277.5,6
dte4,iron_condor,5,2024-11-29,2024-12-05,0.45,9314.5,6935.5,-4343.7,-61.95,245.1,71.9,True,True,Expiry ITM guard,23964.6,24496.8,6
dte4,iron_condor,5,2024-12-06,2024-12-11,0.617,10608.0,5642.0,5172.9,83.9,231.4,49.2,False,False,Target %credit,24711.8,24616.0,5
dte4,iron_condor,5,2024-12-13,2024-12-18,0.2,8801.0,7449.0,4342.7,70.85,218.6,44.0,False,False,Target %credit,24419.7,24387.2,5
dte4,iron_condor,5,2024-12-27,2025-01-02,0.267,8778.2,7471.8,1191.4,22.3,216.7,41.4,True,False,Expiry ITM guard,23840.0,24015.6,6
dte4,iron_condor,5,2025-01-03,2025-01-09,0.183,8856.2,7393.8,-6777.4,-99.5,239.8,70.1,True,True,Expiry ITM guard,24155.8,23618.2,6
dte4,iron_condor,5,2025-01-10,2025-01-16,0.133,8794.5,7455.5,2621.5,44.25,215.7,39.0,True,False,Expiry ITM guard,23565.7,23335.8,6
dte4,iron_condor,5,2025-01-17,2025-01-22,0.25,8729.5,7520.5,4292.2,70.0,216.9,40.9,False,False,Target %credit,23186.5,23090.6,5
dte4,iron_condor,5,2025-01-24,2025-01-30,0.267,9087.0,7163.0,4416.9,71.9,218.9,37.7,False,False,Target %credit,23281.2,23244.4,6
dte4,iron_condor,5,2025-02-01,2025-02-03,0.7,10075.0,6175.0,4795.4,78.15,233.2,51.1,False,False,Target %credit,23494.4,23375.4,2
dte4,iron_condor,5,2025-02-07,2025-02-13,0.3,9402.2,6847.8,-5220.3,-75.6,240.1,66.2,True,True,Expiry ITM guard,23578.5,23080.5,6
dte4,iron_condor,5,2025-02-14,2025-02-19,0.1,8814.0,7436.0,4161.7,67.95,216.0,39.1,False,False,Target %credit,23087.7,22986.7,5
dte4,iron_condor,5,2025-02-28,2025-03-05,0.05,7978.8,8271.2,3864.6,63.15,210.2,29.9,False,False,Target %credit,22319.8,22193.3,5
dte4,iron_condor,5,2025-03-07,2025-03-12,0.1,7709.0,8541.0,3883.9,63.45,209.9,30.4,False,False,Target %credit,22515.8,22492.0,5
dte4,iron_condor,5,2025-03-21,2025-03-27,0.017,6626.8,9623.2,-5552.1,-81.4,215.4,45.7,True,True,Expiry ITM guard,23162.8,23506.8,6
dte4,iron_condor,5,2025-04-09,2025-04-09,1.0,4449.2,11800.8,2058.4,35.1,200.9,22.2,False,False,Target %credit,22428.7,22430.3,0
dte4,iron_condor,5,2025-05-02,2025-05-05,0.417,8567.0,7683.0,4037.5,66.2,222.1,43.4,False,False,Target %credit,24403.7,24451.0,3
dte4,iron_condor,5,2025-05-09,2025-05-15,0.833,9623.2,6626.8,-5224.0,-75.05,255.4,90.3,True,True,Expiry ITM guard,24090.0,24622.7,6
dte4,iron_condor,5,2025-05-16,2025-05-22,0.367,8781.5,7468.5,-3042.0,-42.35,233.1,56.2,True,True,Expiry ITM guard,25001.7,24643.0,6
dte4,iron_condor,5,2025-05-23,2025-05-29,0.3,9002.5,7247.5,4906.8,79.4,219.5,34.7,False,False,Target %credit,24719.2,24848.0,6
dte4,iron_condor,5,2025-05-30,2025-06-05,0.35,9603.8,6646.2,2477.7,42.2,223.9,41.5,True,False,Expiry ITM guard,24857.8,24627.3,6
dte4,iron_condor,5,2025-06-06,2025-06-12,0.1,8528.0,7722.0,-5054.9,-73.4,224.9,59.0,True,True,Expiry ITM guard,24747.6,25164.0,6
dte4,iron_condor,5,2025-06-13,2025-06-18,0.317,9148.8,7101.2,4321.1,70.5,222.5,38.8,False,False,Target %credit,24628.5,24753.5,5
dte4,iron_condor,5,2025-06-20,2025-06-26,0.05,7887.8,8362.2,-6645.3,-97.8,226.0,62.3,True,True,Expiry ITM guard,24840.4,25283.7,6
dte4,iron_condor,5,2025-06-27,2025-07-01,0.017,7819.5,8430.5,3728.9,61.2,213.2,35.9,False,False,Target %credit,25587.4,25537.5,4
dte4,iron_condor,5,2025-07-04,2025-07-08,0.017,7332.0,8918.0,3503.4,57.6,209.8,30.8,False,False,Target %credit,25414.6,25459.8,4
dte4,iron_condor,5,2025-07-11,2025-07-15,0.017,6045.0,10205.0,2865.2,47.6,205.2,23.6,False,False,Target %credit,25300.1,25204.8,4
dte4,iron_condor,5,2025-07-18,2025-07-22,0.033,5983.3,10266.8,2823.1,46.95,205.1,23.5,False,False,Target %credit,25081.1,25102.0,4
dte4,iron_condor,5,2025-07-25,2025-07-30,0.033,5668.0,10582.0,2779.5,46.25,204.3,22.4,False,False,Target %credit,24932.8,24878.5,5
dte4,iron_condor,5,2025-08-01,2025-08-06,0.117,7254.0,8996.0,3399.1,56.0,209.9,31.1,False,False,Target %credit,24712.7,24605.4,5
dte4,iron_condor,5,2025-08-08,2025-08-12,0.067,6409.0,9841.0,2982.4,49.45,206.4,25.5,False,False,Target %credit,24561.0,24487.9,4
dte4,iron_condor,5,2025-09-03,2025-09-09,0.083,6230.3,10019.8,-3904.7,-56.35,209.0,33.0,True,True,Expiry ITM guard,24558.2,24854.2,6
dte4,iron_condor,5,2025-09-10,2025-09-15,0.067,5629.0,10621.0,2605.7,43.5,202.6,19.2,False,False,Target %credit,24966.1,25069.9,5
dte4,iron_condor,5,2025-09-17,2025-09-19,0.083,5339.8,10910.2,2484.6,41.7,202.3,23.6,False,False,Target %credit,25320.4,25332.1,2
dte4,iron_condor,5,2025-09-24,2025-09-30,0.133,5499.0,10751.0,-6938.4,-102.9,211.0,38.9,True,True,Expiry ITM guard,25084.0,24713.7,6
dte4,iron_condor,5,2025-10-08,2025-10-13,0.117,5271.5,10978.5,2416.7,40.65,202.1,23.4,False,False,Target %credit,25174.7,25191.4,5
dte4,iron_condor,5,2025-10-15,2025-10-21,0.417,5710.2,10539.8,-9249.0,-136.7,248.1,115.4,True,True,Expiry ITM guard,25242.5,25903.2,6
dte4,iron_condor,5,2025-10-29,2025-11-04,0.633,7696.0,8554.0,513.9,11.75,213.0,36.9,True,False,Expiry ITM guard,25988.5,25755.4,6
dte4,iron_condor,5,2025-11-12,2025-11-18,0.633,7250.8,8999.2,4700.4,75.9,207.6,25.4,False,False,Target %credit,25839.5,25947.3,6
dte4,iron_condor,5,2025-11-19,2025-11-24,0.683,7322.2,8927.8,3593.7,58.95,208.9,29.1,False,False,Target %credit,25900.7,25977.2,5
dte4,iron_condor,5,2025-11-26,2025-12-02,0.517,6851.0,9399.0,1594.1,28.1,206.6,25.8,True,False,Expiry ITM guard,25969.3,26141.5,6
dte4,iron_condor,5,2025-12-03,2025-12-08,0.4,6529.3,9720.8,3210.5,52.9,205.2,22.9,False,False,Target %credit,26007.8,26070.4,5
dte4,iron_condor,5,2025-12-10,2025-12-15,0.433,6516.2,9733.8,3114.8,51.45,205.6,23.8,False,False,Target %credit,25855.7,25917.2,5
dte4,iron_condor,5,2025-12-17,2025-12-23,0.25,6230.2,10019.8,-1799.2,-24.1,206.1,26.7,True,True,Expiry ITM guard,25919.7,26166.7,6
dte4,iron_condor,5,2025-12-31,2026-01-06,0.05,5138.2,11111.8,-235.9,-0.2,201.4,21.5,True,True,Expiry ITM guard,26003.9,26195.8,6
dte4,iron_condor,5,2026-01-07,2026-01-13,0.067,4969.2,11280.8,-5092.1,-74.45,206.1,46.7,True,True,Expiry ITM guard,26154.6,25845.8,6
dte4,iron_condor,5,2026-01-29,2026-02-03,0.967,8934.2,7315.8,-2742.7,-37.3,246.0,72.2,True,True,Expiry ITM guard,25275.8,25809.8,5
dte4,iron_condor,5,2026-02-04,2026-02-09,0.75,8242.0,8008.0,4128.0,67.35,217.3,32.4,False,False,Target %credit,25754.2,25815.5,5
dte4,iron_condor,5,2026-02-11,2026-02-17,0.267,5700.5,10549.5,-7883.4,-117.3,214.0,44.9,True,True,Expiry ITM guard,25980.7,25612.5,6
dte4,iron_condor,5,2026-02-18,2026-02-23,0.433,6405.8,9844.2,3031.9,50.3,208.3,29.2,False,False,Target %credit,25704.5,25718.2,5
dte4,iron_condor,5,2026-03-04,2026-03-10,0.933,11306.8,4943.2,4477.8,74.1,250.1,88.6,True,False,Expiry ITM guard,24341.2,24150.7,6
dte4,iron_condor,5,2026-03-11,2026-03-17,0.833,10224.5,6025.5,-5947.9,-85.1,290.4,126.0,True,True,Expiry ITM guard,24243.6,23395.5,6
dte4,iron_condor,5,2026-03-18,2026-03-24,0.7,9207.3,7042.7,-7290.4,-105.7,291.7,128.2,True,True,Expiry ITM guard,23676.2,22785.2,6
dte4,iron_condor,5,2026-03-30,2026-03-30,0.95,5791.5,10458.5,2855.1,47.35,201.3,21.3,False,False,Target %credit,22529.3,22531.3,0
dte4,iron_condor,5,2026-04-15,2026-04-21,0.433,9925.5,6324.5,1708.9,30.7,239.3,47.3,True,False,Expiry ITM guard,24208.8,24468.9,6
dte4,iron_condor,5,2026-04-22,2026-04-28,0.467,10084.8,6165.2,-1980.2,-25.8,246.4,56.8,True,True,Expiry ITM guard,24463.4,24093.8,6
dte4,iron_condor,5,2026-05-06,2026-05-12,0.3,9061.0,7189.0,-5137.0,-74.35,245.8,58.4,True,True,Expiry ITM guard,24185.2,23737.8,6
dte4,iron_condor,5,2026-05-13,2026-05-19,0.467,9831.2,6418.8,849.3,17.55,241.5,50.0,True,False,Expiry ITM guard,23437.9,23734.8,6
dte4,iron_condor,5,2026-05-20,2026-05-26,0.417,10045.7,6204.3,-6258.6,-90.95,267.0,79.9,True,True,Expiry ITM guard,23458.7,24012.5,6
dte4,iron_condor,5,2026-06-03,2026-06-09,0.2,9379.5,6870.5,7169.5,114.3,227.7,32.3,False,False,Target %credit,23305.8,23235.2,6
dte4,iron_condor,5,2026-06-10,2026-06-16,0.15,8992.8,7257.2,-7172.6,-105.25,258.9,72.5,True,True,Expiry ITM guard,23326.8,23933.0,6
dte4,iron_condor,5,2026-06-17,2026-06-22,0.017,8047.0,8203.0,3798.7,62.35,219.6,34.5,False,False,Target %credit,23987.6,24124.0,5
dte4,iron_condor,5,2026-07-01,2026-07-07,0.15,8388.2,7861.8,-7533.7,-110.8,249.1,82.7,True,True,Expiry ITM guard,23912.4,24460.2,6
